transaction_id,customer_id,sender_account,receiver_account,amount,transaction_type,channel,timestamp,description,destination_country,sender_avg_amount,sender_max_amount,sender_tx_count,amount_to_sender_avg,amount_to_sender_max
18,CUST00301,CUST00301,ACC21221,688.38,withdraw,mobile,2024-01-04T20:00:00+00:00,Transaction 18,ZW,688.38,688.38,0,1.0,1.0
1,CUST00301,CUST00301,ACC28354,1968.8,withdraw,mobile,2024-01-05T13:00:00+00:00,Transaction 1,ZW,688.38,688.38,1,2.860048229175746,2.860048229175746
8,CUST00301,CUST00301,ACC59226,838.84,transfer,atm,2024-01-12T15:00:00+00:00,Transaction 8,ZW,1328.59,1968.8,2,0.6313761205488526,0.4260666395774076
41,CUST00301,CUST00301,ACC41918,1396.71,transfer,mobile,2024-01-14T08:00:00+00:00,Transaction 41,ZW,1165.34,1968.8,3,1.1985429145142192,0.7094219829337668
22,CUST00301,CUST00301,ACC47733,1355.0,transfer,card,2024-01-14T18:00:00+00:00,Transaction 22,ZW,1223.1825,1968.8,4,1.1077660120219184,0.6882364892320195
33,CUST00301,CUST00301,ACC47659,438.64,withdraw,mobile,2024-01-14T18:00:00+00:00,Transaction 33,ZW,1249.5459999999998,1968.8,5,0.35103949754550856,0.2227956115400244
32,CUST00301,CUST00301,ACC85725,1169.39,withdraw,mobile,2024-01-17T09:00:00+00:00,Transaction 32,ZW,1114.395,1968.8,6,1.049349647117943,0.5939607882974401
43,CUST00301,CUST00301,ACC27236,1937.27,transfer,online,2024-01-19T19:00:00+00:00,Transaction 43,ZW,1122.2514285714285,1968.8,7,1.7262352719533185,0.983985168630638
9,CUST00301,CUST00301,ACC69787,1570.98,transfer,mobile,2024-01-20T03:00:00+00:00,Transaction 9,NL,1224.1287499999999,1968.8,8,1.2833453997383855,0.7979378301503454
37,CUST00301,CUST00301,ACC26402,1399.05,transfer,mobile,2024-01-21T08:00:00+00:00,Transaction 37,ZW,1262.6677777777777,1968.8,9,1.1080111685927767,0.7106105241771637
50,CUST00301,CUST00301,ACC61689,857.95,transfer,mobile,2024-01-22T18:00:00+00:00,Transaction 50,ZW,1276.3059999999998,1968.8,10,0.6722134033687848,0.43577305973181635
23,CUST00301,CUST00301,ACC70590,1117.84,withdraw,atm,2024-01-23T06:00:00+00:00,Transaction 23,ZW,1238.2736363636361,1968.8,11,0.9027406925037131,0.5677773262901259
2,CUST00301,CUST00301,ACC13843,1618.14,withdraw,atm,2024-01-24T20:00:00+00:00,Transaction 2,ZW,1228.2375,1968.8,12,1.3174487833175588,0.8218915075172695
12,CUST00301,CUST00301,ACC75679,1284.98,transfer,online,2024-01-26T05:00:00+00:00,Transaction 12,ZW,1258.2299999999998,1968.8,13,1.0212600240019711,0.6526716781796018
27,CUST00301,CUST00301,ACC21105,721.77,transfer,card,2024-01-27T06:00:00+00:00,Transaction 27,KE,1260.140714285714,1968.8,14,0.5727693675933018,0.36660402275497767
5,CUST00301,CUST00301,ACC21199,900.39,transfer,online,2024-01-28T22:00:00+00:00,Transaction 5,ZW,1224.2493333333332,1968.8,15,0.7354629285755516,0.4573293376676148
14,CUST00301,CUST00301,ACC65004,2578.69,transfer,mobile,2024-01-30T12:00:00+00:00,Transaction 14,ZW,1204.0081249999998,1968.8,16,2.14175464970388,1.3097775294595693
39,CUST00301,CUST00301,ACC75663,615.15,withdraw,online,2024-01-31T17:00:00+00:00,Transaction 39,ZW,1284.871764705882,2578.69,17,0.47876373105670433,0.23855135747220488
17,CUST00301,CUST00301,ACC84710,224.01,transfer,mobile,2024-02-05T21:00:00+00:00,Transaction 17,ZW,1247.665,2578.69,18,0.1795433870470038,0.08686968964862003
28,CUST00301,CUST00301,ACC38090,1232.95,deposit,online,2024-02-09T10:00:00+00:00,Transaction 28,ZW,1193.7884210526313,2578.69,19,1.0328044553429643,0.4781303685204503
38,CUST00301,CUST00301,ACC74373,1429.26,withdraw,mobile,2024-02-09T19:00:00+00:00,Transaction 38,ZW,1195.7464999999997,2578.69,20,1.195286793647316,0.5542581698459295
15,CUST00301,CUST00301,ACC97551,1072.69,transfer,atm,2024-02-13T06:00:00+00:00,Transaction 15,ZW,1206.8661904761902,2578.69,21,0.8888226453479083,0.41598253376714533
30,CUST00301,CUST00301,ACC84828,767.96,transfer,mobile,2024-02-14T21:00:00+00:00,Transaction 30,ZW,1200.7672727272725,2578.69,22,0.6395577373255283,0.29781012839852794
6,CUST00301,CUST00301,ACC53158,904.71,withdraw,mobile,2024-02-18T11:00:00+00:00,Transaction 6,ZW,1181.949565217391,2578.69,23,0.7654387518925992,0.350840930860243
19,CUST00301,CUST00301,ACC21626,1344.33,withdraw,mobile,2024-02-18T17:00:00+00:00,Transaction 19,ZW,1170.3979166666666,2578.69,24,1.1486093582844865,0.5213228422183356
34,CUST00301,CUST00301,ACC94722,1520.01,withdraw,mobile,2024-02-18T18:00:00+00:00,Transaction 34,ZW,1177.3552,2578.69,25,1.2910377429003583,0.5894504574027898
4,CUST00301,CUST00301,ACC97979,1168.9,withdraw,mobile,2024-02-19T14:00:00+00:00,Transaction 4,ZW,1190.5342307692306,2578.69,26,0.9818281321022982,0.45329217548445144
26,CUST00301,CUST00301,ACC33729,706.37,deposit,mobile,2024-02-24T07:00:00+00:00,Transaction 26,ZW,1189.7329629629628,2578.69,27,0.5937214669086963,0.2739259081161365
45,CUST00301,CUST00301,ACC77867,867.53,withdraw,mobile,2024-02-24T09:00:00+00:00,Transaction 45,ZW,1172.4699999999998,2578.69,28,0.7399165863518897,0.33642275729149296
21,CUST00301,CUST00301,ACC34418,1442.26,transfer,online,2024-02-28T17:00:00+00:00,Transaction 21,ZW,1161.9548275862066,2578.69,29,1.2412358602580849,0.5592994892755624
25,CUST00301,CUST00301,ACC39618,1356.33,withdraw,online,2024-03-01T00:00:00+00:00,Transaction 25,ZW,1171.2983333333332,2578.69,30,1.1579714248718302,0.525976367845689
31,CUST00301,CUST00301,ACC51499,1307.46,transfer,online,2024-03-02T22:00:00+00:00,Transaction 31,ZW,1177.2670967741935,2578.69,31,1.1105890953569886,0.5070248847282923
35,CUST00301,CUST00301,ACC55397,1013.46,transfer,mobile,2024-03-03T04:00:00+00:00,Transaction 35,ZW,1181.335625,2578.69,32,0.857893369634053,0.3930135068581334
24,CUST00301,CUST00301,ACC81773,1118.26,transfer,atm,2024-03-06T10:00:00+00:00,Transaction 24,ZW,1176.2484848484848,2578.69,33,0.9507004807271191,0.43365429733701993
49,CUST00301,CUST00301,ACC40819,1169.21,transfer,mobile,2024-03-08T21:00:00+00:00,Transaction 49,ZW,1174.5429411764705,2578.69,34,0.9954595604898627,0.45341239156315805
48,CUST00301,CUST00301,ACC30282,1069.97,transfer,atm,2024-03-11T02:00:00+00:00,Transaction 48,ZW,1174.3905714285713,2578.69,35,0.9110853118468498,0.4149277346249452
7,CUST00301,CUST00301,ACC38590,1666.72,transfer,atm,2024-03-12T15:00:00+00:00,Transaction 7,ZW,1171.49,2578.69,36,1.4227351492543683,0.6463436861352082
3,CUST00301,CUST00301,ACC88463,1112.62,deposit,mobile,2024-03-13T12:00:00+00:00,Transaction 3,ZW,1184.8745945945946,2578.69,37,0.9390192051342644,0.4314671402921638
13,CUST00301,CUST00301,ACC82517,1287.45,transfer,online,2024-03-13T12:00:00+00:00,Transaction 13,ZW,1182.973157894737,2578.69,38,1.0883171705190624,0.49926513074468043
47,CUST00301,CUST00301,ACC52419,515.98,transfer,mobile,2024-03-14T22:00:00+00:00,Transaction 47,ZW,1185.6520512820514,2578.69,39,0.43518669700952173,0.20009384610015163
44,CUST00301,CUST00301,ACC13293,438.06,deposit,atm,2024-03-15T17:00:00+00:00,Transaction 44,ZW,1168.9102500000001,2578.69,40,0.3747593110762781,0.16987695302653671
20,CUST00301,CUST00301,ACC18231,1184.77,withdraw,mobile,2024-03-17T11:00:00+00:00,Transaction 20,ZW,1151.0846341463414,2578.69,41,1.029264021822896,0.4594464631266263
11,CUST00301,CUST00301,ACC72420,468.45,transfer,atm,2024-03-18T02:00:00+00:00,Transaction 11,ZW,1151.8866666666665,2578.69,42,0.40668063409015937,0.18166200667780927
46,CUST00301,CUST00301,ACC15665,724.64,transfer,mobile,2024-03-18T09:00:00+00:00,Transaction 46,ZW,1135.9927906976743,2578.69,43,0.6378913721406274,0.28101090088378206
36,CUST00301,CUST00301,ACC75991,1644.07,withdraw,online,2024-03-18T11:00:00+00:00,Transaction 36,ZW,1126.6438636363634,2578.69,44,1.459263262388514,0.6375601565135786
29,CUST00301,CUST00301,ACC53377,1421.88,transfer,card,2024-03-20T16:00:00+00:00,Transaction 29,ZW,1138.142222222222,2578.69,45,1.2492990526471992,0.5513962515851072
10,CUST00301,CUST00301,ACC57173,2324.02,transfer,online,2024-03-20T17:00:00+00:00,Transaction 10,FR,1144.3104347826086,2578.69,46,2.030934901368358,0.901240552373492
16,CUST00301,CUST00301,ACC80094,1254.52,deposit,online,2024-03-23T09:00:00+00:00,Transaction 16,ZW,1169.410638297872,2578.69,47,1.0727797053616754,0.48649508083561804
42,CUST00301,CUST00301,ACC93051,1370.57,withdraw,card,2024-03-26T20:00:00+00:00,Transaction 42,ZW,1171.1837500000001,2578.69,48,1.1702433542132051,0.5314985515901485
40,CUST00301,CUST00301,ACC38504,1229.84,transfer,mobile,2024-03-29T06:00:00+00:00,Transaction 40,ZW,1175.2528571428572,2578.69,49,1.0464471475439325,0.47692432979536115
64,CUST00302,CUST00302,ACC58591,7274.45,transfer,mobile,2024-01-02T19:00:00+00:00,Transaction 64,ZW,7274.45,7274.45,0,1.0,1.0
67,CUST00302,CUST00302,ACC62280,4214.87,transfer,card,2024-01-06T03:00:00+00:00,Transaction 67,ZW,7274.45,7274.45,1,0.5794073778773653,0.5794073778773653
60,CUST00302,CUST00302,ACC11296,7091.89,deposit,mobile,2024-01-10T14:00:00+00:00,Transaction 60,ZW,5744.66,7274.45,2,1.234518666030714,0.9749039446281162
72,CUST00302,CUST00302,ACC47640,4337.75,withdraw,branch,2024-01-13T06:00:00+00:00,Transaction 72,ZW,6193.736666666667,7274.45,3,0.7003445954273161,0.5962993765851714
65,CUST00302,CUST00302,ACC13454,3451.12,withdraw,mobile,2024-01-18T10:00:00+00:00,Transaction 65,ZW,5729.74,7274.45,4,0.6023170335826756,0.4744166225625305
76,CUST00302,CUST00302,ACC69546,4344.15,transfer,branch,2024-01-18T10:00:00+00:00,Transaction 76,ZW,5274.016,7274.45,5,0.8236891962405878,0.5971791681845362
57,CUST00302,CUST00302,ACC60540,3669.94,transfer,branch,2024-01-18T19:00:00+00:00,Transaction 57,ZW,5119.038333333333,7274.45,6,0.7169198120871011,0.5044972472145661
69,CUST00302,CUST00302,ACC41321,3395.38,withdraw,branch,2024-01-21T02:00:00+00:00,Transaction 69,ZW,4912.024285714286,7274.45,7,0.691238439084032,0.46675418760181187
73,CUST00302,CUST00302,ACC74366,5797.22,transfer,card,2024-01-25T15:00:00+00:00,Transaction 73,ZW,4722.44375,7274.45,8,1.2275889998689766,0.7969289774484669
86,CUST00302,CUST00302,ACC62138,6035.68,deposit,card,2024-01-25T15:00:00+00:00,Transaction 86,ZW,4841.863333333334,7274.45,9,1.246561413340181,0.8297094625710535
54,CUST00302,CUST00302,ACC42988,6236.1,transfer,card,2024-01-26T22:00:00+00:00,Transaction 54,ZW,4961.245000000001,7274.45,10,1.2569627180274305,0.857260686374915
59,CUST00302,CUST00302,ACC66510,6664.67,withdraw,mobile,2024-01-29T21:00:00+00:00,Transaction 59,NL,5077.140909090909,7274.45,11,1.3126817079404927,0.9161751060217611
62,CUST00302,CUST00302,ACC26465,4751.97,transfer,online,2024-02-03T08:00:00+00:00,Transaction 62,ZW,5209.435,7274.45,12,0.9121852945664932,0.6532411385053166
93,CUST00302,CUST00302,ACC33730,5955.07,deposit,branch,2024-02-03T21:00:00+00:00,Transaction 93,ZW,5174.245384615385,7274.45,13,1.1509059886696222,0.8186282124421778
80,CUST00302,CUST00302,ACC32921,3951.89,transfer,mobile,2024-02-04T05:00:00+00:00,Transaction 80,ZW,5230.018571428572,7274.45,14,0.7556168197162916,0.5432561911897119
83,CUST00302,CUST00302,ACC44224,4369.96,transfer,online,2024-02-05T06:00:00+00:00,Transaction 83,ZW,5144.81,7274.45,15,0.8493919114602871,0.60072720274385
75,CUST00302,CUST00302,ACC52037,5233.23,transfer,mobile,2024-02-06T03:00:00+00:00,Transaction 75,ZW,5096.381875,7274.45,16,1.0268520154800997,0.719398717428809
96,CUST00302,CUST00302,ACC67460,3068.33,withdraw,mobile,2024-02-06T07:00:00+00:00,Transaction 96,ZW,5104.431764705882,7274.45,17,0.6011109838348083,0.4217954621998914
89,CUST00302,CUST00302,ACC73909,3968.02,deposit,mobile,2024-02-06T20:00:00+00:00,Transaction 89,ZW,4991.315,7274.45,18,0.7949848887517619,0.5454735409549863
56,CUST00302,CUST00302,ACC55780,5501.24,transfer,mobile,2024-02-14T12:00:00+00:00,Transaction 56,ZW,4937.457368421053,7274.45,19,1.1141848100167473,0.7562413653265883
85,CUST00302,CUST00302,ACC54425,4770.27,transfer,online,2024-02-16T02:00:00+00:00,Transaction 85,ZW,4965.646500000001,7274.45,20,0.9606543679659838,0.6557567926097506
63,CUST00302,CUST00302,ACC89372,6126.12,deposit,mobile,2024-02-19T00:00:00+00:00,Transaction 63,ZW,4956.342857142858,7274.45,21,1.2360161870503596,0.8421420176095787
84,CUST00302,CUST00302,ACC80493,3383.68,transfer,online,2024-02-19T01:00:00+00:00,Transaction 84,ZW,5009.514545454545,7274.45,22,0.6754506787629213,0.4651458185842228
55,CUST00302,CUST00302,ACC55189,5621.31,withdraw,mobile,2024-02-20T12:00:00+00:00,Transaction 55,ZW,4938.826086956522,7274.45,23,1.1381874763409718,0.7727470805352983
92,CUST00302,CUST00302,ACC93996,5585.39,transfer,card,2024-02-21T18:00:00+00:00,Transaction 92,ZW,4967.262916666667,7274.45,24,1.1244401783644935,0.7678092501838628
87,CUST00302,CUST00302,ACC45048,3477.42,transfer,atm,2024-02-22T02:00:00+00:00,Transaction 87,ZW,4991.988,7274.45,25,0.6966002322120967,0.47803201616617064
66,CUST00302,CUST00302,ACC87054,5073.17,withdraw,mobile,2024-02-25T08:00:00+00:00,Transaction 66,ZW,4933.735384615385,7274.45,26,1.0282614701670882,0.6973956793984425
81,CUST00302,CUST00302,ACC55668,5461.09,withdraw,mobile,2024-02-26T07:00:00+00:00,Transaction 81,ZW,4938.89962962963,7274.45,27,1.1057301037740526,0.7507220477149475
52,CUST00302,CUST00302,ACC34180,4620.08,transfer,online,2024-02-28T07:00:00+00:00,Transaction 52,ZW,4957.549285714286,7274.45,28,0.9319282035810031,0.6351105581865296
77,CUST00302,CUST00302,ACC47362,3262.8,deposit,online,2024-02-29T13:00:00+00:00,Transaction 77,ZW,4945.912413793103,7274.45,29,0.6596962758379509,0.44852875475121834
91,CUST00302,CUST00302,ACC33544,3936.21,deposit,mobile,2024-03-01T10:00:00+00:00,Transaction 91,ZW,4889.808666666666,7274.45,30,0.8049824171716059,0.5411007017712679
70,CUST00302,CUST00302,ACC97628,4803.4,transfer,online,2024-03-04T02:00:00+00:00,Transaction 70,ZW,4859.047419354838,7274.45,31,0.9885476690074725,0.6603110888108379
94,CUST00302,CUST00302,ACC85207,4252.87,deposit,card,2024-03-07T14:00:00+00:00,Transaction 94,ZW,4857.3084375,7274.45,32,0.8755610344128986,0.5846311404985944
82,CUST00302,CUST00302,ACC67994,5232.46,transfer,online,2024-03-10T06:00:00+00:00,Transaction 82,ZW,4838.992121212121,7274.45,33,1.0813119486314269,0.7192928675020105
98,CUST00302,CUST00302,ACC72684,6535.72,transfer,branch,2024-03-10T08:00:00+00:00,Transaction 98,ZW,4850.564705882352,7274.45,34,1.3474142489170455,0.8984486799689324
71,CUST00302,CUST00302,ACC72907,4229.92,transfer,branch,2024-03-11T21:00:00+00:00,Transaction 71,ZW,4898.7119999999995,7274.45,35,0.8634759504130882,0.5814762628102469
74,CUST00302,CUST00302,ACC31531,3315.1,transfer,branch,2024-03-14T01:00:00+00:00,Transaction 74,ZW,4880.134444444444,7274.45,36,0.6793050555756547,0.45571830172727834
99,CUST00302,CUST00302,ACC43536,6980.57,transfer,branch,2024-03-14T16:00:00+00:00,Transaction 99,ZW,4837.836216216217,7274.45,37,1.4429116009759555,0.959601069496663
95,CUST00302,CUST00302,ACC75731,5139.53,transfer,branch,2024-03-17T20:00:00+00:00,Transaction 95,CA,4894.223947368421,7274.45,38,1.0501215423056964,0.7065180185443573
51,CUST00302,CUST00302,ACC60819,4188.15,withdraw,online,2024-03-18T15:00:00+00:00,Transaction 51,ZW,4900.513846153846,7274.45,39,0.8546348671756242,0.5757342479500168
79,CUST00302,CUST00302,ACC17350,3843.3,transfer,mobile,2024-03-20T06:00:00+00:00,Transaction 79,ZW,4882.70475,7274.45,40,0.7871252096494264,0.5283286021623629
90,CUST00302,CUST00302,ACC75910,4938.01,withdraw,card,2024-03-21T14:00:00+00:00,Transaction 90,ZW,4857.353414634146,7274.45,41,1.016605047745312,0.6788155805593551
61,CUST00302,CUST00302,ACC28548,5457.03,deposit,card,2024-03-24T04:00:00+00:00,Transaction 61,ZW,4859.273809523809,7274.45,42,1.1230134818302755,0.7501639299191004
97,CUST00302,CUST00302,ACC82634,4176.17,deposit,branch,2024-03-24T13:00:00+00:00,Transaction 97,ZW,4873.17511627907,7274.45,43,0.8569710507733056,0.5740873880499557
68,CUST00302,CUST00302,ACC37983,5349.38,deposit,branch,2024-03-25T05:00:00+00:00,Transaction 68,ZW,4857.334090909091,7274.45,44,1.1012995811862754,0.735365560282908
58,CUST00302,CUST00302,ACC26368,4256.89,withdraw,card,2024-03-26T07:00:00+00:00,Transaction 58,ZW,4868.268444444445,7274.45,45,0.8744156261263416,0.5851837595969456
78,CUST00302,CUST00302,ACC85087,5655.96,deposit,online,2024-03-26T07:00:00+00:00,Transaction 78,ZW,4854.977608695653,7274.45,46,1.164981685985477,0.7775103272412348
88,CUST00302,CUST00302,ACC92334,5374.16,withdraw,online,2024-03-27T20:00:00+00:00,Transaction 88,ZW,4872.019787234043,7274.45,47,1.1030661275394846,0.7387720033816989
100,CUST00302,CUST00302,ACC68085,4821.58,transfer,branch,2024-03-28T21:00:00+00:00,Transaction 100,ZW,4882.481041666667,7274.45,48,0.9875266199403658,0.6628102468227839
53,CUST00302,CUST00302,ACC92995,6120.94,withdraw,mobile,2024-03-30T10:00:00+00:00,Transaction 53,ZW,4881.238163265306,7274.45,49,1.2539728231382576,0.8414299362838428
122,CUST00303,CUST00303,ACC53167,20523.01,transfer,card,2024-01-02T11:00:00+00:00,Transaction 122,ZW,20523.01,20523.01,0,1.0,1.0
146,CUST00303,CUST00303,ACC76354,12753.01,transfer,online,2024-01-03T00:00:00+00:00,Transaction 146,ZW,20523.01,20523.01,1,0.6214005645370734,0.6214005645370734
110,CUST00303,CUST00303,ACC15449,12719.91,transfer,mobile,2024-01-04T11:00:00+00:00,Transaction 110,ZW,16638.01,20523.01,2,0.7645090969412809,0.6197877406871605
104,CUST00303,CUST00303,ACC89885,9373.62,transfer,online,2024-01-09T08:00:00+00:00,Transaction 104,ZW,15331.976666666664,20523.01,3,0.6113771370640839,0.45673709655649936
108,CUST00303,CUST00303,ACC42956,18522.31,withdraw,online,2024-01-09T08:00:00+00:00,Transaction 108,ZW,13842.387499999999,20523.01,4,1.3380863669652365,0.9025142998030018
145,CUST00303,CUST00303,ACC71884,5860.04,transfer,mobile,2024-01-11T10:00:00+00:00,Transaction 145,ZW,14778.372,20523.01,5,0.39652811554615086,0.2855351140013088
139,CUST00303,CUST00303,ACC33039,4873.48,deposit,atm,2024-01-14T17:00:00+00:00,Transaction 139,ZW,13291.983333333332,20523.01,6,0.36664806731877236,0.23746419263061314
106,CUST00303,CUST00303,ACC27082,9663.51,deposit,atm,2024-01-15T11:00:00+00:00,Transaction 106,SG,12089.339999999998,20523.01,7,0.7993414032527831,0.4708622175791953
115,CUST00303,CUST00303,ACC78755,11261.36,transfer,online,2024-01-15T11:00:00+00:00,Transaction 115,ZW,11786.11125,20523.01,8,0.9554771511256523,0.5487187308294447
150,CUST00303,CUST00303,ACC43224,7523.78,transfer,mobile,2024-01-22T00:00:00+00:00,Transaction 150,ZW,11727.805555555555,20523.01,9,0.6415334876042454,0.3666021699546022
138,CUST00303,CUST00303,ACC86465,8194.02,transfer,online,2024-01-22T01:00:00+00:00,Transaction 138,ZW,11307.403,20523.01,10,0.7246597649345301,0.39926014751247507
140,CUST00303,CUST00303,ACC88943,4972.05,transfer,card,2024-01-23T05:00:00+00:00,Transaction 140,ZW,11024.368181818181,20523.01,11,0.4510054379533604,0.24226709434922072
103,CUST00303,CUST00303,ACC94562,6557.93,withdraw,card,2024-01-23T09:00:00+00:00,Transaction 103,ZW,10520.008333333333,20523.01,12,0.623376882622875,0.3195403598205137
113,CUST00303,CUST00303,ACC21279,10750.36,deposit,branch,2024-01-23T10:00:00+00:00,Transaction 113,ZW,10215.233076923078,20523.01,13,1.0523851897501793,0.5238198490377387
120,CUST00303,CUST00303,ACC91264,9385.21,transfer,mobile,2024-01-23T10:00:00+00:00,Transaction 120,ZW,10253.45642857143,20523.01,14,0.9153215859822599,0.4573018285329491
127,CUST00303,CUST00303,ACC92179,5628.37,transfer,atm,2024-01-23T22:00:00+00:00,Transaction 127,ZW,10195.573333333334,20523.01,15,0.5520405587784503,0.27424680882580094
135,CUST00303,CUST00303,ACC66888,15360.64,transfer,mobile,2024-01-25T00:00:00+00:00,Transaction 135,ZW,9910.123125,20523.01,16,1.5499948695137933,0.7484594121427608
124,CUST00303,CUST00303,ACC17235,6529.87,transfer,online,2024-01-26T18:00:00+00:00,Transaction 124,ZW,10230.741764705881,20523.01,17,0.6382596834304638,0.31817311398279297
136,CUST00303,CUST00303,ACC28012,7657.03,transfer,mobile,2024-01-27T21:00:00+00:00,Transaction 136,ZW,10025.137777777776,20523.01,18,0.7637830192192427,0.373094882280913
123,CUST00303,CUST00303,ACC68190,100.0,deposit,mobile,2024-01-29T11:00:00+00:00,Transaction 123,ZW,9900.50052631579,20523.01,19,0.010100499437800886,0.004872579606987474
102,CUST00303,CUST00303,ACC96227,7233.61,deposit,card,2024-01-30T09:00:00+00:00,Transaction 102,ZW,9410.475499999999,20523.01,20,0.7686763543457502,0.35246340570900664
144,CUST00303,CUST00303,ACC41009,9281.05,transfer,online,2024-02-01T09:00:00+00:00,Transaction 144,ZW,9306.815238095236,20523.01,21,0.9972315730530705,0.45222654961431097
134,CUST00303,CUST00303,ACC48603,272.09,withdraw,branch,2024-02-02T20:00:00+00:00,Transaction 134,DE,9305.644090909089,20523.01,22,0.029239244198669852,0.013257801852652218
149,CUST00303,CUST00303,ACC82919,100.0,transfer,online,2024-02-03T12:00:00+00:00,Transaction 149,ZW,8912.880869565215,20523.01,23,0.011219716886542226,0.004872579606987474
141,CUST00303,CUST00303,ACC89143,6494.8,transfer,mobile,2024-02-03T22:00:00+00:00,Transaction 141,ZW,8545.6775,20523.01,24,0.7600099582508233,0.3164643003146225
118,CUST00303,CUST00303,ACC45019,13567.82,transfer,online,2024-02-04T00:00:00+00:00,Transaction 118,ZW,8463.6424,20523.01,25,1.6030710371222676,0.661102830432768
105,CUST00303,CUST00303,ACC39534,5733.84,withdraw,atm,2024-02-09T10:00:00+00:00,Transaction 105,ZW,8659.956923076923,20523.01,26,0.6621095290578813,0.2793859185372906
117,CUST00303,CUST00303,ACC38979,5928.89,transfer,mobile,2024-02-13T13:00:00+00:00,Transaction 117,ZW,8551.582222222221,20523.01,27,0.6933091264202701,0.28888988506071966
130,CUST00303,CUST00303,ACC33395,100.0,transfer,atm,2024-02-13T19:00:00+00:00,Transaction 130,ZW,8457.914642857144,20523.01,28,0.011823245353327341,0.004872579606987474
116,CUST00303,CUST00303,ACC54476,15370.4,withdraw,atm,2024-02-16T01:00:00+00:00,Transaction 116,ZW,8169.710689655173,20523.01,29,1.8813885318439292,0.7489349759124028
132,CUST00303,CUST00303,ACC69851,9094.8,transfer,online,2024-02-16T02:00:00+00:00,Transaction 132,ZW,8409.733666666667,20523.01,30,1.0814611211825533,0.4431513700962968
111,CUST00303,CUST00303,ACC41239,6808.45,transfer,online,2024-02-17T08:00:00+00:00,Transaction 111,ZW,8431.832580645161,20523.01,31,0.8074697801315989,0.3317471462519387
107,CUST00303,CUST00303,ACC84756,5029.72,withdraw,atm,2024-02-23T09:00:00+00:00,Transaction 107,ZW,8381.101875,20523.01,32,0.6001263407861869,0.2450771110085704
112,CUST00303,CUST00303,ACC33098,9662.94,withdraw,card,2024-02-23T09:00:00+00:00,Transaction 112,ZW,8279.544848484848,20523.01,33,1.1670858938300592,0.4708344438754355
129,CUST00303,CUST00303,ACC40394,2933.67,transfer,mobile,2024-02-24T04:00:00+00:00,Transaction 129,ZW,8320.23294117647,20523.01,34,0.35259469545394523,0.14294540615630943
143,CUST00303,CUST00303,ACC21479,4589.37,transfer,mobile,2024-02-26T21:00:00+00:00,Transaction 143,ZW,8166.331142857142,20523.01,35,0.5619867624415636,0.22362070670920106
121,CUST00303,CUST00303,ACC89898,10461.86,transfer,mobile,2024-02-27T00:00:00+00:00,Transaction 121,ZW,8066.97111111111,20523.01,36,1.2968758479363178,0.5097624568715798
131,CUST00303,CUST00303,ACC31156,16528.4,deposit,branch,2024-02-27T11:00:00+00:00,Transaction 131,ZW,8131.697837837836,20523.01,37,2.03258905207855,0.8053594477613178
148,CUST00303,CUST00303,ACC21100,8238.36,deposit,branch,2024-03-02T00:00:00+00:00,Transaction 148,ZW,8352.663684210525,20523.01,38,0.9863153014975811,0.4014206493102133
114,CUST00303,CUST00303,ACC72922,8571.03,deposit,mobile,2024-03-05T11:00:00+00:00,Transaction 114,ZW,8349.73282051282,20523.01,39,1.0265035042730373,0.41763025988877855
109,CUST00303,CUST00303,ACC37820,10055.03,deposit,online,2024-03-06T08:00:00+00:00,Transaction 109,ZW,8355.26525,20523.01,40,1.203436360084439,0.4899393412564727
101,CUST00303,CUST00303,ACC93174,18593.93,deposit,atm,2024-03-07T10:00:00+00:00,Transaction 101,ZW,8396.722926829269,20523.01,41,2.2144270046816175,0.9060040413175261
133,CUST00303,CUST00303,ACC20658,4518.81,withdraw,card,2024-03-07T15:00:00+00:00,Transaction 133,ZW,8639.513571428572,20523.01,42,0.523039863603432,0.2201826145385107
142,CUST00303,CUST00303,ACC62501,100.0,deposit,online,2024-03-10T10:00:00+00:00,Transaction 142,ZW,8543.683255813954,20523.01,43,0.011704553762798997,0.004872579606987474
147,CUST00303,CUST00303,ACC94027,4202.48,withdraw,mobile,2024-03-12T18:00:00+00:00,Transaction 147,ZW,8351.781363636364,20523.01,44,0.5031836702883037,0.20476918346772718
119,CUST00303,CUST00303,ACC99875,6506.46,transfer,atm,2024-03-17T18:00:00+00:00,Transaction 119,ZW,8259.574666666666,20523.01,45,0.7877475853881742,0.31703244309679723
128,CUST00303,CUST00303,ACC31884,3239.94,transfer,atm,2024-03-20T19:00:00+00:00,Transaction 128,US,8221.46347826087,20523.01,46,0.39408312261764883,0.15786865571862999
125,CUST00303,CUST00303,ACC93768,15748.4,transfer,mobile,2024-03-26T18:00:00+00:00,Transaction 125,ZW,8115.473617021276,20523.01,47,1.9405398554890911,0.7673533268268155
137,CUST00303,CUST00303,ACC72822,17180.68,transfer,atm,2024-03-27T17:00:00+00:00,Transaction 137,CH,8274.492916666666,20523.01,48,2.07634234182427,0.8371423100217756
126,CUST00303,CUST00303,ACC77317,12183.78,transfer,mobile,2024-03-29T18:00:00+00:00,Transaction 126,ZW,8456.251836734693,20523.01,49,1.440801460887506,0.5936643796402186
152,CUST00304,CUST00304,ACC84942,1260.3,transfer,branch,2024-01-01T21:00:00+00:00,Transaction 152,JP,1260.3,1260.3,0,1.0,1.0
176,CUST00304,CUST00304,ACC62205,1040.51,transfer,online,2024-01-01T21:00:00+00:00,Transaction 176,ZW,1260.3,1260.3,1,0.8256050146790447,0.8256050146790447
162,CUST00304,CUST00304,ACC98978,200.56,transfer,online,2024-01-05T19:00:00+00:00,Transaction 162,ZW,1150.405,1260.3,2,0.17433860249216582,0.15913671348091724
161,CUST00304,CUST00304,ACC70022,162.82,withdraw,atm,2024-01-05T21:00:00+00:00,Transaction 161,ZW,833.79,1260.3,3,0.19527698821046066,0.12919146235023407
169,CUST00304,CUST00304,ACC61113,106.31,transfer,card,2024-01-06T10:00:00+00:00,Transaction 169,ZW,666.0475,1260.3,4,0.1596132407973906,0.08435293184162501
166,CUST00304,CUST00304,ACC97583,100.0,deposit,mobile,2024-01-08T05:00:00+00:00,Transaction 166,ZW,554.1,1260.3,5,0.18047283883775492,0.07934618741569469
171,CUST00304,CUST00304,ACC78558,285.66,deposit,card,2024-01-08T14:00:00+00:00,Transaction 171,ZW,478.4166666666667,1260.3,6,0.5970945828252918,0.22666031897167344
193,CUST00304,CUST00304,ACC85318,100.0,transfer,atm,2024-01-09T01:00:00+00:00,Transaction 193,ZW,450.88,1260.3,7,0.22178850248403123,0.07934618741569469
188,CUST00304,CUST00304,ACC36577,180.21,transfer,card,2024-01-09T03:00:00+00:00,Transaction 188,ZW,407.02,1260.3,8,0.44275465579087026,0.1429897643418234
177,CUST00304,CUST00304,ACC73607,184.69,deposit,online,2024-01-10T00:00:00+00:00,Transaction 177,ZW,381.81888888888886,1260.3,9,0.483711009000777,0.1465444735380465
192,CUST00304,CUST00304,ACC42674,100.0,withdraw,mobile,2024-01-10T11:00:00+00:00,Transaction 192,ZW,362.106,1260.3,10,0.27616222873965085,0.07934618741569469
179,CUST00304,CUST00304,ACC70983,840.43,transfer,online,2024-01-11T05:00:00+00:00,Transaction 179,ZW,338.2781818181818,1260.3,11,2.4844345428453183,0.6668491628977228
187,CUST00304,CUST00304,ACC79343,100.0,transfer,atm,2024-01-11T20:00:00+00:00,Transaction 187,ZW,380.12416666666667,1260.3,12,0.2630719348283127,0.07934618741569469
168,CUST00304,CUST00304,ACC14718,886.92,transfer,online,2024-01-12T09:00:00+00:00,Transaction 168,ZW,358.57615384615383,1260.3,13,2.4734494764549533,0.7037372054272792
164,CUST00304,CUST00304,ACC21427,100.0,deposit,atm,2024-01-17T20:00:00+00:00,Transaction 164,ZW,396.315,1260.3,14,0.2523245398231205,0.07934618741569469
195,CUST00304,CUST00304,ACC40681,100.0,transfer,mobile,2024-01-18T14:00:00+00:00,Transaction 195,ZW,376.56066666666663,1260.3,15,0.2655614588884306,0.07934618741569469
190,CUST00304,CUST00304,ACC60548,839.37,deposit,mobile,2024-01-19T11:00:00+00:00,Transaction 190,ZW,359.275625,1260.3,16,2.336284294265719,0.6660080933111164
155,CUST00304,CUST00304,ACC26546,100.0,deposit,atm,2024-01-22T19:00:00+00:00,Transaction 155,ZW,387.5164705882353,1260.3,17,0.2580535476290951,0.07934618741569469
163,CUST00304,CUST00304,ACC30856,100.0,transfer,online,2024-01-23T18:00:00+00:00,Transaction 163,ZW,371.5433333333333,1260.3,18,0.26914760952064815,0.07934618741569469
173,CUST00304,CUST00304,ACC80598,119.43,transfer,online,2024-01-27T17:00:00+00:00,Transaction 173,ZW,357.2515789473684,1260.3,19,0.3343022313628315,0.09476315163056416
167,CUST00304,CUST00304,ACC32842,104.12,transfer,online,2024-01-27T21:00:00+00:00,Transaction 167,ZW,345.3605,1260.3,20,0.30148207452792086,0.08261525033722131
153,CUST00304,CUST00304,ACC99158,100.0,transfer,atm,2024-01-29T18:00:00+00:00,Transaction 153,ZW,333.87285714285713,1260.3,21,0.2995152132334379,0.07934618741569469
183,CUST00304,CUST00304,ACC12849,202.46,deposit,mobile,2024-02-01T12:00:00+00:00,Transaction 183,ZW,323.24227272727273,1260.3,22,0.6263413454304609,0.16064429104181546
200,CUST00304,CUST00304,ACC32364,680.87,transfer,atm,2024-02-02T05:00:00+00:00,Transaction 200,ZW,317.9908695652174,1260.3,23,2.141162106103675,0.5402443862572404
160,CUST00304,CUST00304,ACC39890,560.74,withdraw,card,2024-02-04T20:00:00+00:00,Transaction 160,ZW,333.11083333333335,1260.3,24,1.683343631874276,0.44492581131476633
182,CUST00304,CUST00304,ACC76388,252.76,transfer,mobile,2024-02-05T13:00:00+00:00,Transaction 182,ZW,342.216,1260.3,25,0.7385978446361362,0.20055542331190987
174,CUST00304,CUST00304,ACC49741,565.66,deposit,mobile,2024-02-08T11:00:00+00:00,Transaction 174,ZW,338.7753846153846,1260.3,26,1.6697198960963469,0.4488296437356185
175,CUST00304,CUST00304,ACC30426,100.0,deposit,mobile,2024-02-10T02:00:00+00:00,Transaction 175,ZW,347.1785185185185,1260.3,27,0.2880362541631907,0.07934618741569469
185,CUST00304,CUST00304,ACC47352,532.88,deposit,mobile,2024-02-11T15:00:00+00:00,Transaction 185,ZW,338.3507142857143,1260.3,28,1.5749338703923021,0.4228199635007538
180,CUST00304,CUST00304,ACC67113,100.0,deposit,online,2024-02-13T22:00:00+00:00,Transaction 180,CH,345.05862068965513,1260.3,29,0.28980583009383715,0.07934618741569469
199,CUST00304,CUST00304,ACC83567,100.0,transfer,mobile,2024-02-20T18:00:00+00:00,Transaction 199,ZW,336.89,1260.3,30,0.29683279408709073,0.07934618741569469
191,CUST00304,CUST00304,ACC38389,133.39,transfer,branch,2024-02-21T13:00:00+00:00,Transaction 191,ZW,329.24838709677414,1260.3,31,0.4051348623943096,0.10583987939379512
154,CUST00304,CUST00304,ACC49607,254.99,deposit,mobile,2024-02-21T21:00:00+00:00,Transaction 154,KE,323.1278125,1260.3,32,0.7891304621139661,0.20232484329127987
196,CUST00304,CUST00304,ACC16652,624.45,transfer,atm,2024-02-23T19:00:00+00:00,Transaction 196,ZW,321.0630303030303,1260.3,33,1.9449452009800776,0.49547726731730546
189,CUST00304,CUST00304,ACC20178,100.0,transfer,online,2024-02-25T17:00:00+00:00,Transaction 189,ZW,329.98617647058825,1260.3,34,0.30304299734480855,0.07934618741569469
186,CUST00304,CUST00304,ACC78946,100.0,deposit,online,2024-02-28T11:00:00+00:00,Transaction 186,ZW,323.4151428571429,1260.3,35,0.3092001169659871,0.07934618741569469
156,CUST00304,CUST00304,ACC80496,100.68,transfer,card,2024-02-28T19:00:00+00:00,Transaction 156,US,317.2091666666667,1260.3,36,0.31739309761435014,0.07988574149012141
197,CUST00304,CUST00304,ACC52294,100.0,withdraw,online,2024-03-06T21:00:00+00:00,Transaction 197,ZW,311.3570270270271,1260.3,37,0.3211747008084054,0.07934618741569469
181,CUST00304,CUST00304,ACC33498,100.0,deposit,online,2024-03-07T22:00:00+00:00,Transaction 181,ZW,305.795,1260.3,38,0.3270164652790268,0.07934618741569469
157,CUST00304,CUST00304,ACC38352,100.0,transfer,mobile,2024-03-12T18:00:00+00:00,Transaction 157,ZW,300.5182051282051,1260.3,39,0.3327585427223574,0.07934618741569469
172,CUST00304,CUST00304,ACC97243,253.22,transfer,card,2024-03-13T08:00:00+00:00,Transaction 172,NG,295.50525,1260.3,40,0.8569052495683241,0.20092041577402206
194,CUST00304,CUST00304,ACC31363,913.75,transfer,online,2024-03-15T19:00:00+00:00,Transaction 194,ZW,294.47390243902436,1260.3,41,3.1029914448503866,0.7250257875109102
165,CUST00304,CUST00304,ACC51926,228.78,transfer,online,2024-03-16T18:00:00+00:00,Transaction 165,ZW,309.2185714285714,1260.3,42,0.7398650053360314,0.1815282075696263
198,CUST00304,CUST00304,ACC61077,664.21,transfer,branch,2024-03-17T04:00:00+00:00,Transaction 198,ZW,307.3479069767442,1260.3,43,2.1611014258517733,0.5270253114337856
184,CUST00304,CUST00304,ACC22036,750.11,withdraw,online,2024-03-20T13:00:00+00:00,Transaction 184,ZW,315.4584090909091,1260.3,44,2.377841193587687,0.5951836864238673
159,CUST00304,CUST00304,ACC32276,100.0,withdraw,online,2024-03-23T19:00:00+00:00,Transaction 159,ZW,325.1173333333333,1260.3,45,0.30758126296967664,0.07934618741569469
170,CUST00304,CUST00304,ACC24051,124.3,withdraw,mobile,2024-03-27T12:00:00+00:00,Transaction 170,ZW,320.2234782608695,1260.3,46,0.3881664163885548,0.09862731095770848
158,CUST00304,CUST00304,ACC80533,213.35,withdraw,branch,2024-03-27T20:00:00+00:00,Transaction 158,ZW,316.05489361702126,1260.3,47,0.6750409637970243,0.1692850908513846
178,CUST00304,CUST00304,ACC98988,125.9,transfer,mobile,2024-03-30T19:00:00+00:00,Transaction 178,ZW,313.91520833333334,1260.3,48,0.4010637161176087,0.0998968499563596
151,CUST00304,CUST00304,ACC87605,587.27,transfer,card,2024-03-30T21:00:00+00:00,Transaction 151,ZW,310.0781632653061,1260.3,49,1.893941817171839,0.46597635483615013
249,CUST00305,CUST00305,ACC67760,11186.76,withdraw,online,2024-01-01T00:00:00+00:00,Transaction 249,ZW,11186.76,11186.76,0,1.0,1.0
203,CUST00305,CUST00305,ACC89943,395.92,withdraw,branch,2024-01-04T11:00:00+00:00,Transaction 203,ZW,11186.76,11186.76,1,0.03539183820873962,0.03539183820873962
228,CUST00305,CUST00305,ACC95261,2796.75,transfer,online,2024-01-05T13:00:00+00:00,Transaction 228,ZW,5791.34,11186.76,2,0.48291932437052565,0.2500053634832606
217,CUST00305,CUST00305,ACC32961,1750.61,deposit,online,2024-01-06T08:00:00+00:00,Transaction 217,ZW,4793.143333333333,11186.76,3,0.3652321406342254,0.15648945717973747
206,CUST00305,CUST00305,ACC26429,100.0,deposit,mobile,2024-01-06T11:00:00+00:00,Transaction 206,ZW,4032.51,11186.76,4,0.02479845059280696,0.008939138767614574
230,CUST00305,CUST00305,ACC51092,100.0,transfer,mobile,2024-01-06T15:00:00+00:00,Transaction 230,ZW,3246.0080000000003,11186.76,5,0.030807071331925243,0.008939138767614574
241,CUST00305,CUST00305,ACC27674,11128.34,withdraw,branch,2024-01-14T05:00:00+00:00,Transaction 241,ZW,2721.6733333333336,11186.76,6,4.088786065435234,0.9947777551319595
243,CUST00305,CUST00305,ACC26489,10422.77,withdraw,mobile,2024-01-14T12:00:00+00:00,Transaction 243,ZW,3922.6257142857144,11186.76,7,2.6570901123809927,0.9317058737293015
239,CUST00305,CUST00305,ACC23944,3367.7,deposit,branch,2024-01-18T15:00:00+00:00,Transaction 239,ZW,4735.14375,11186.76,8,0.7112138887019005,0.30104337627695593
250,CUST00305,CUST00305,ACC89640,4522.74,withdraw,online,2024-01-20T07:00:00+00:00,Transaction 250,ZW,4583.205555555555,11186.76,9,0.9868071473507747,0.4042940046984113
223,CUST00305,CUST00305,ACC30134,14305.51,withdraw,branch,2024-01-21T21:00:00+00:00,Transaction 223,ZW,4577.159,11186.76,10,3.125412510249262,1.2787893903149794
238,CUST00305,CUST00305,ACC14039,7992.6,transfer,mobile,2024-01-22T08:00:00+00:00,Transaction 238,ZW,5461.554545454545,14305.51,11,1.4634294931013647,0.5587077986034752
202,CUST00305,CUST00305,ACC62629,6407.5,deposit,online,2024-01-22T16:00:00+00:00,Transaction 202,ZW,5672.474999999999,14305.51,12,1.1295774772035136,0.4479043389575066
216,CUST00305,CUST00305,ACC17284,3362.51,deposit,branch,2024-01-23T03:00:00+00:00,Transaction 216,ZW,5729.015384615384,14305.51,13,0.5869263345023713,0.23504999122715653
245,CUST00305,CUST00305,ACC58902,100.0,withdraw,online,2024-01-24T18:00:00+00:00,Transaction 245,ZW,5559.979285714285,14305.51,14,0.01798567851807259,0.0069903135225518
215,CUST00305,CUST00305,ACC70622,10924.43,withdraw,online,2024-01-26T09:00:00+00:00,Transaction 215,ZW,5195.980666666666,14305.51,15,2.1024770300017797,0.7636519075517056
208,CUST00305,CUST00305,ACC39551,100.0,deposit,branch,2024-01-27T04:00:00+00:00,Transaction 208,ZW,5554.00875,14305.51,16,0.018005013045757266,0.0069903135225518
204,CUST00305,CUST00305,ACC71750,100.0,withdraw,mobile,2024-01-27T12:00:00+00:00,Transaction 204,ZW,5233.184705882353,14305.51,17,0.019108822948212617,0.0069903135225518
232,CUST00305,CUST00305,ACC76462,100.0,transfer,branch,2024-01-29T18:00:00+00:00,Transaction 232,ZW,4948.007777777778,14305.51,18,0.020210154165301544,0.0069903135225518
226,CUST00305,CUST00305,ACC73467,4865.58,transfer,branch,2024-02-01T08:00:00+00:00,Transaction 226,ZW,4692.84947368421,14305.51,19,1.0368071738257107,0.34011929669057583
234,CUST00305,CUST00305,ACC21261,5667.88,deposit,card,2024-02-01T19:00:00+00:00,Transaction 234,ZW,4701.486,14305.51,20,1.2055507556547016,0.396202582082009
235,CUST00305,CUST00305,ACC47655,13947.02,deposit,branch,2024-02-02T14:00:00+00:00,Transaction 235,ZW,4747.504761904762,14305.51,21,2.937757980131919,0.974940425053004
207,CUST00305,CUST00305,ACC39349,4052.42,withdraw,mobile,2024-02-03T00:00:00+00:00,Transaction 207,ZW,5165.664545454546,14305.51,22,0.7844915139845599,0.28327686325059365
212,CUST00305,CUST00305,ACC31236,100.0,deposit,branch,2024-02-05T19:00:00+00:00,Transaction 212,ZW,5117.2626086956525,14305.51,23,0.01954169790506201,0.0069903135225518
225,CUST00305,CUST00305,ACC38381,9389.22,withdraw,mobile,2024-02-07T09:00:00+00:00,Transaction 225,ZW,4908.21,14305.51,24,1.9129621593208113,0.6563359153221381
218,CUST00305,CUST00305,ACC75970,5905.03,deposit,online,2024-02-08T13:00:00+00:00,Transaction 218,ZW,5087.4504,14305.51,25,1.1607051736563367,0.41278011060074055
246,CUST00305,CUST00305,ACC97061,15170.97,deposit,online,2024-02-10T15:00:00+00:00,Transaction 246,ZW,5118.8957692307695,14305.51,26,2.9637192636723255,1.0604983674122768
209,CUST00305,CUST00305,ACC46663,100.0,transfer,online,2024-02-11T06:00:00+00:00,Transaction 209,ZW,5491.194814814815,15170.97,27,0.01821097290706347,0.006591536335514473
205,CUST00305,CUST00305,ACC23232,11578.73,deposit,branch,2024-02-12T08:00:00+00:00,Transaction 205,ZW,5298.652142857143,15170.97,28,2.185221767314679,0.7632161951411149
248,CUST00305,CUST00305,ACC77231,5639.56,withdraw,mobile,2024-02-22T15:00:00+00:00,Transaction 248,ZW,5515.206551724139,15170.97,29,1.0225473782549426,0.37173364656314006
244,CUST00305,CUST00305,ACC80747,14539.92,withdraw,mobile,2024-02-22T21:00:00+00:00,Transaction 244,ZW,5519.351666666667,15170.97,30,2.6343528874617217,0.958404109954736
227,CUST00305,CUST00305,ACC96942,1284.27,transfer,mobile,2024-02-23T11:00:00+00:00,Transaction 227,ZW,5810.337741935485,15170.97,31,0.22103190159341685,0.08465312369611172
242,CUST00305,CUST00305,ACC14763,100.0,deposit,online,2024-02-23T19:00:00+00:00,Transaction 242,ZW,5668.898125,15170.97,32,0.01764011238074595,0.006591536335514473
224,CUST00305,CUST00305,ACC60182,100.0,transfer,online,2024-02-25T12:00:00+00:00,Transaction 224,ZW,5500.143636363636,15170.97,33,0.018181343363264234,0.006591536335514473
221,CUST00305,CUST00305,ACC43169,6266.64,transfer,online,2024-02-26T15:00:00+00:00,Transaction 221,ZW,5341.315882352941,15170.97,34,1.1732389804363037,0.4130678526158842
220,CUST00305,CUST00305,ACC88023,4886.86,transfer,branch,2024-03-01T18:00:00+00:00,Transaction 220,ZW,5367.7537142857145,15170.97,35,0.9104106224162508,0.32211915256572254
247,CUST00305,CUST00305,ACC51073,13072.48,deposit,mobile,2024-03-03T08:00:00+00:00,Transaction 247,ZW,5354.395555555555,15170.97,36,2.4414483137011422,0.8616772691528624
240,CUST00305,CUST00305,ACC66094,11816.14,deposit,mobile,2024-03-05T13:00:00+00:00,Transaction 240,ZW,5562.992432432433,15170.97,37,2.124061850437097,0.7788651615552598
214,CUST00305,CUST00305,ACC18849,3003.28,deposit,mobile,2024-03-08T16:00:00+00:00,Transaction 214,ZW,5727.548947368421,15170.97,38,0.5243569330611983,0.19796229245723906
236,CUST00305,CUST00305,ACC93713,382.61,deposit,mobile,2024-03-12T02:00:00+00:00,Transaction 236,ZW,5657.695897435897,15170.97,39,0.06762646966822683,0.025219877173311925
211,CUST00305,CUST00305,ACC12970,1934.37,deposit,online,2024-03-12T08:00:00+00:00,Transaction 211,ZW,5525.81875,15170.97,40,0.3500603417366883,0.12750470141329132
233,CUST00305,CUST00305,ACC86917,9332.74,transfer,branch,2024-03-13T03:00:00+00:00,Transaction 233,ZW,5438.22243902439,15170.97,41,1.7161379668894678,0.6151709481990935
201,CUST00305,CUST00305,ACC79459,2323.9,transfer,mobile,2024-03-13T06:00:00+00:00,Transaction 201,ZW,5530.949047619048,15170.97,42,0.42016297383907164,0.15318071290102084
229,CUST00305,CUST00305,ACC57886,3423.79,deposit,branch,2024-03-13T12:00:00+00:00,Transaction 229,ZW,5456.366511627906,15170.97,43,0.6274853407856051,0.22568036190171098
237,CUST00305,CUST00305,ACC33642,6956.21,deposit,mobile,2024-03-14T08:00:00+00:00,Transaction 237,ZW,5410.171590909091,15170.97,44,1.2857651338986686,0.45852110972469134
210,CUST00305,CUST00305,ACC40129,1214.47,withdraw,branch,2024-03-14T20:00:00+00:00,Transaction 210,ZW,5444.527999999999,15170.97,45,0.22306249504089246,0.08005223133392263
213,CUST00305,CUST00305,ACC70909,4186.57,transfer,branch,2024-03-19T13:00:00+00:00,Transaction 213,ZW,5352.570217391304,15170.97,46,0.782160687289483,0.27595928276174825
222,CUST00305,CUST00305,ACC47943,100.0,transfer,online,2024-03-27T11:00:00+00:00,Transaction 222,ZW,5327.761702127659,15170.97,47,0.01876960825032108,0.006591536335514473
219,CUST00305,CUST00305,ACC80189,12288.29,withdraw,branch,2024-03-28T08:00:00+00:00,Transaction 219,ZW,5218.849999999999,15170.97,48,2.354597277177923,0.8099871003633915
231,CUST00305,CUST00305,ACC16831,4626.46,deposit,online,2024-03-30T14:00:00+00:00,Transaction 231,ZW,5363.124285714285,15170.97,49,0.8626426973403297,0.30495479194804287
287,CUST00306,CUST00306,ACC81137,317.93,transfer,online,2024-01-01T09:00:00+00:00,Transaction 287,ZW,317.93,317.93,0,1.0,1.0
266,CUST00306,CUST00306,ACC32764,491.1,deposit,mobile,2024-01-04T10:00:00+00:00,Transaction 266,FR,317.93,317.93,1,1.5446796464630579,1.5446796464630579
293,CUST00306,CUST00306,ACC99671,100.0,deposit,online,2024-01-04T16:00:00+00:00,Transaction 293,ZW,404.515,491.1,2,0.24720962139846483,0.20362451639177356
280,CUST00306,CUST00306,ACC99357,163.18,withdraw,atm,2024-01-05T06:00:00+00:00,Transaction 280,ZW,303.01,491.1,3,0.5385300815154616,0.3322744858480961
300,CUST00306,CUST00306,ACC97862,206.18,transfer,branch,2024-01-08T04:00:00+00:00,Transaction 300,ZW,268.0525,491.1,4,0.7691776797455723,0.41983302789655874
252,CUST00306,CUST00306,ACC72165,518.67,deposit,branch,2024-01-10T20:00:00+00:00,Transaction 252,ZW,255.67800000000003,491.1,5,2.0286062938539877,1.056139279169212
277,CUST00306,CUST00306,ACC97172,808.96,withdraw,atm,2024-01-14T01:00:00+00:00,Transaction 277,ZW,299.51,518.67,6,2.7009448766318322,1.5596814930495306
271,CUST00306,CUST00306,ACC55686,579.82,transfer,online,2024-01-15T21:00:00+00:00,Transaction 271,ZW,372.2885714285714,808.96,7,1.5574477555813082,0.7167474287974683
291,CUST00306,CUST00306,ACC70710,100.0,withdraw,mobile,2024-01-16T10:00:00+00:00,Transaction 291,ZW,398.23,808.96,8,0.25111116691359264,0.12361550632911392
268,CUST00306,CUST00306,ACC60407,239.39,deposit,mobile,2024-01-18T07:00:00+00:00,Transaction 268,ZW,365.09333333333336,808.96,9,0.6556953473084507,0.2959231606012658
255,CUST00306,CUST00306,ACC75657,694.6,deposit,mobile,2024-01-23T22:00:00+00:00,Transaction 255,ZW,352.523,808.96,10,1.9703678908893887,0.8586333069620253
253,CUST00306,CUST00306,ACC53618,827.76,withdraw,card,2024-01-24T02:00:00+00:00,Transaction 253,ZW,383.6209090909091,808.96,11,2.157755170231976,1.0232397151898733
273,CUST00306,CUST00306,ACC46886,167.6,transfer,card,2024-01-25T15:00:00+00:00,Transaction 273,ZW,420.6325,827.76,12,0.39844757597189945,0.20247414709577655
258,CUST00306,CUST00306,ACC64269,143.77,deposit,card,2024-01-27T12:00:00+00:00,Transaction 258,ZW,401.1684615384616,827.76,13,0.35837812236946304,0.17368560935536873
278,CUST00306,CUST00306,ACC64622,187.15,deposit,online,2024-01-27T19:00:00+00:00,Transaction 278,ZW,382.7828571428572,827.76,14,0.4889194918417006,0.22609210399149512
260,CUST00306,CUST00306,ACC98785,957.52,deposit,online,2024-01-30T08:00:00+00:00,Transaction 260,ZW,369.7406666666667,827.76,15,2.5897070198751915,1.1567604136464675
263,CUST00306,CUST00306,ACC65976,113.99,deposit,online,2024-01-30T09:00:00+00:00,Transaction 263,ZW,406.476875,957.52,16,0.2804341575397124,0.11904712173113877
270,CUST00306,CUST00306,ACC10059,496.52,withdraw,atm,2024-01-31T05:00:00+00:00,Transaction 270,ZW,389.27176470588233,957.52,17,1.2755099265294774,0.5185479154482413
296,CUST00306,CUST00306,ACC42502,884.52,transfer,online,2024-01-31T14:00:00+00:00,Transaction 296,ZW,395.22999999999996,957.52,18,2.237988006983276,0.9237613835742334
251,CUST00306,CUST00306,ACC50517,324.03,transfer,mobile,2024-02-01T14:00:00+00:00,Transaction 251,ZW,420.9821052631579,957.52,19,0.7697001747792754,0.33840546411563205
295,CUST00306,CUST00306,ACC47843,553.9,deposit,branch,2024-02-06T13:00:00+00:00,Transaction 295,ZW,416.1345,957.52,20,1.33106002987015,0.578473556688111
275,CUST00306,CUST00306,ACC82641,664.85,transfer,mobile,2024-02-09T03:00:00+00:00,Transaction 275,ZW,422.6947619047619,957.52,21,1.5728844071878954,0.6943458100091905
292,CUST00306,CUST00306,ACC10830,707.71,deposit,mobile,2024-02-09T08:00:00+00:00,Transaction 292,ZW,433.7018181818182,957.52,22,1.6317893315893617,0.7391072771325926
299,CUST00306,CUST00306,ACC68561,100.0,withdraw,card,2024-02-12T00:00:00+00:00,Transaction 299,ZW,445.6152173913044,957.52,23,0.2244088534171126,0.10443646085721447
265,CUST00306,CUST00306,ACC25463,553.25,withdraw,mobile,2024-02-14T06:00:00+00:00,Transaction 265,ZW,431.2145833333334,957.52,24,1.28300391819618,0.577794719692539
267,CUST00306,CUST00306,ACC18521,155.93,withdraw,mobile,2024-02-14T09:00:00+00:00,Transaction 267,ZW,436.09600000000006,957.52,25,0.3575588861168183,0.16284777341465453
254,CUST00306,CUST00306,ACC46707,100.0,transfer,online,2024-02-15T09:00:00+00:00,Transaction 254,ZW,425.3203846153847,957.52,26,0.23511687569461207,0.10443646085721447
290,CUST00306,CUST00306,ACC33449,265.97,transfer,atm,2024-02-15T20:00:00+00:00,Transaction 290,ZW,413.27148148148154,957.52,27,0.6435721115973447,0.27776965494193334
274,CUST00306,CUST00306,ACC33695,100.0,deposit,branch,2024-02-21T07:00:00+00:00,Transaction 274,ZW,408.0107142857143,957.52,28,0.24509160298661625,0.10443646085721447
298,CUST00306,CUST00306,ACC63996,229.77,transfer,atm,2024-02-23T01:00:00+00:00,Transaction 298,ZW,397.3896551724138,957.52,29,0.5781982419756514,0.2399636561116217
286,CUST00306,CUST00306,ACC82386,553.71,withdraw,card,2024-02-24T19:00:00+00:00,Transaction 286,ZW,391.80233333333337,957.52,30,1.4132381379386034,0.5782751274124823
257,CUST00306,CUST00306,ACC73039,639.8,withdraw,card,2024-02-25T02:00:00+00:00,Transaction 257,ZW,397.02516129032267,957.52,31,1.6114847681710263,0.6681844765644581
262,CUST00306,CUST00306,ACC80536,587.03,withdraw,atm,2024-02-27T00:00:00+00:00,Transaction 262,ZW,404.611875,957.52,32,1.4508471853427436,0.613073356170106
289,CUST00306,CUST00306,ACC33964,529.82,withdraw,online,2024-02-27T15:00:00+00:00,Transaction 289,ZW,410.139696969697,957.52,33,1.2918037534882794,0.5533252569136937
264,CUST00306,CUST00306,ACC73841,1060.46,withdraw,online,2024-03-04T09:00:00+00:00,Transaction 264,ZW,413.65970588235297,957.52,34,2.5636047817081815,1.1075068928064167
261,CUST00306,CUST00306,ACC62440,476.78,transfer,atm,2024-03-05T08:00:00+00:00,Transaction 261,ZW,432.13971428571426,1060.46,35,1.1033005859877327,0.44959734454859207
288,CUST00306,CUST00306,ACC54119,256.33,transfer,card,2024-03-11T08:00:00+00:00,Transaction 288,ZW,433.3797222222222,1060.46,36,0.5914674518817536,0.24171585915546082
259,CUST00306,CUST00306,ACC39816,425.05,transfer,mobile,2024-03-15T08:00:00+00:00,Transaction 259,ZW,428.5945945945946,1060.46,37,0.9917297263210998,0.4008166267468834
256,CUST00306,CUST00306,ACC69450,297.05,withdraw,online,2024-03-15T11:00:00+00:00,Transaction 256,ZW,428.50131578947367,1060.46,38,0.6932300766748245,0.2801142900250835
276,CUST00306,CUST00306,ACC62372,332.33,deposit,online,2024-03-16T11:00:00+00:00,Transaction 276,ZW,425.1307692307692,1060.46,39,0.7817124142797691,0.31338287158402955
282,CUST00306,CUST00306,ACC25801,589.61,withdraw,mobile,2024-03-16T14:00:00+00:00,Transaction 282,ZW,422.81075,1060.46,40,1.3945009676314994,0.5559945683948475
281,CUST00306,CUST00306,ACC45839,527.23,transfer,online,2024-03-20T21:00:00+00:00,Transaction 281,ZW,426.8790243902439,1060.46,41,1.2350805963190576,0.4971710389830828
297,CUST00306,CUST00306,ACC25827,489.03,transfer,online,2024-03-23T19:00:00+00:00,Transaction 297,ZW,429.2683333333333,1060.46,42,1.139217505755918,0.4611489353676706
283,CUST00306,CUST00306,ACC20739,422.43,transfer,mobile,2024-03-24T09:00:00+00:00,Transaction 283,ZW,430.65813953488373,1060.46,43,0.9808940345496077,0.3983460007921091
269,CUST00306,CUST00306,ACC37092,100.0,transfer,card,2024-03-24T12:00:00+00:00,Transaction 269,SG,430.47113636363633,1060.46,44,0.2323036123739687,0.09429870056390623
284,CUST00306,CUST00306,ACC60535,825.92,transfer,online,2024-03-27T15:00:00+00:00,Transaction 284,ZW,423.1273333333333,1060.46,45,1.9519419686114976,0.7788318276974142
294,CUST00306,CUST00306,ACC87769,418.39,transfer,card,2024-03-27T16:00:00+00:00,Transaction 294,ZW,431.88369565217386,1060.46,46,0.9687561818424345,0.39453633328932725
279,CUST00306,CUST00306,ACC96534,100.0,withdraw,card,2024-03-29T18:00:00+00:00,Transaction 279,ZW,431.59659574468077,1060.46,47,0.23169784235081622,0.09429870056390623
285,CUST00306,CUST00306,ACC97796,100.0,deposit,mobile,2024-03-30T03:00:00+00:00,Transaction 285,ZW,424.68833333333333,1060.46,48,0.2354667932954755,0.09429870056390623
272,CUST00306,CUST00306,ACC81741,401.79,transfer,online,2024-03-30T04:00:00+00:00,Transaction 272,ZW,418.06204081632654,1060.46,49,0.9610774496901153,0.37888274899571883
343,CUST00307,CUST00307,ACC17583,100.0,transfer,atm,2024-01-07T04:00:00+00:00,Transaction 343,SG,100.0,100.0,0,1.0,1.0
301,CUST00307,CUST00307,ACC80672,460.68,deposit,mobile,2024-01-10T20:00:00+00:00,Transaction 301,ZA,100.0,100.0,1,4.6068,4.6068
303,CUST00307,CUST00307,ACC10543,1547.46,deposit,online,2024-01-10T20:00:00+00:00,Transaction 303,US,280.34000000000003,460.68,2,5.51994007276878,3.3590778848658505
339,CUST00307,CUST00307,ACC20361,1483.57,transfer,card,2024-01-12T06:00:00+00:00,Transaction 339,ZW,702.7133333333335,1547.46,3,2.1112022920678886,0.9587129877347395
345,CUST00307,CUST00307,ACC78370,100.0,transfer,mobile,2024-01-15T05:00:00+00:00,Transaction 345,ZW,897.9275,1547.46,4,0.11136756586695473,0.06462202577126387
313,CUST00307,CUST00307,ACC73736,475.1,transfer,card,2024-01-15T19:00:00+00:00,Transaction 313,ZW,738.342,1547.46,5,0.6434687448364038,0.3070192444392747
340,CUST00307,CUST00307,ACC85707,551.85,transfer,mobile,2024-01-16T01:00:00+00:00,Transaction 340,ZW,694.4683333333334,1547.46,6,0.7946366644987413,0.3566166492187197
346,CUST00307,CUST00307,ACC35882,2707.82,transfer,branch,2024-01-18T13:00:00+00:00,Transaction 346,ZW,674.0942857142858,1547.46,7,4.016975158201693,1.7498481382394375
325,CUST00307,CUST00307,ACC95563,902.13,transfer,branch,2024-01-19T08:00:00+00:00,Transaction 325,ZW,928.31,2707.82,8,0.9717982139586991,0.3331572999682401
307,CUST00307,CUST00307,ACC94916,100.0,transfer,mobile,2024-01-20T19:00:00+00:00,Transaction 307,ZW,925.4011111111109,2707.82,9,0.10806124911599897,0.03693007659297885
308,CUST00307,CUST00307,ACC97368,100.0,deposit,mobile,2024-01-20T19:00:00+00:00,Transaction 308,ZW,842.8609999999999,2707.82,10,0.11864352485166595,0.03693007659297885
333,CUST00307,CUST00307,ACC70603,199.87,withdraw,atm,2024-01-21T14:00:00+00:00,Transaction 333,ZW,775.3281818181817,2707.82,11,0.25778761134581135,0.07381214408638684
316,CUST00307,CUST00307,ACC44887,357.8,transfer,mobile,2024-01-23T06:00:00+00:00,Transaction 316,ZW,727.3733333333333,2707.82,12,0.4919069528715195,0.13213581404967834
337,CUST00307,CUST00307,ACC37806,1577.46,deposit,online,2024-01-24T01:00:00+00:00,Transaction 337,ZW,698.9446153846153,2707.82,13,2.256917022147678,0.5825571862236042
341,CUST00307,CUST00307,ACC34395,1706.21,deposit,mobile,2024-01-24T07:00:00+00:00,Transaction 341,ZW,761.6957142857142,2707.82,14,2.240015229178506,0.6301046598370644
328,CUST00307,CUST00307,ACC76268,2198.31,transfer,mobile,2024-01-24T19:00:00+00:00,Transaction 328,ZW,824.6633333333332,2707.82,15,2.6657060052789223,0.8118375667511134
348,CUST00307,CUST00307,ACC60053,1495.93,transfer,branch,2024-01-25T18:00:00+00:00,Transaction 348,ZW,910.5162500000001,2707.82,16,1.6429470643714486,0.5524480947773486
306,CUST00307,CUST00307,ACC74418,390.42,transfer,branch,2024-01-26T19:00:00+00:00,Transaction 306,ZW,944.9523529411766,2707.82,17,0.413163688925492,0.14418240503430804
318,CUST00307,CUST00307,ACC76607,480.16,transfer,mobile,2024-01-29T09:00:00+00:00,Transaction 318,ZW,914.145,2707.82,18,0.5252558401566492,0.17732345576884725
322,CUST00307,CUST00307,ACC20689,2958.45,deposit,online,2024-01-29T13:00:00+00:00,Transaction 322,ZW,891.3036842105263,2707.82,19,3.319239056686332,1.0925578509649827
302,CUST00307,CUST00307,ACC80667,674.68,transfer,online,2024-02-03T20:00:00+00:00,Transaction 302,ZW,994.6610000000001,2958.45,20,0.6783014514492877,0.2280518514762798
310,CUST00307,CUST00307,ACC21752,2602.45,transfer,card,2024-02-04T21:00:00+00:00,Transaction 310,ZW,979.4238095238096,2958.45,21,2.657123478818936,0.8796667173688925
304,CUST00307,CUST00307,ACC88150,100.0,deposit,card,2024-02-05T21:00:00+00:00,Transaction 304,AU,1053.1977272727274,2958.45,22,0.09494893257978407,0.03380148388514256
335,CUST00307,CUST00307,ACC24205,993.77,transfer,mobile,2024-02-10T15:00:00+00:00,Transaction 335,ZW,1011.754347826087,2958.45,23,0.9822245905196956,0.3359090064053812
331,CUST00307,CUST00307,ACC28862,429.11,deposit,card,2024-02-11T07:00:00+00:00,Transaction 331,ZW,1011.0049999999998,2958.45,24,0.4244390482737475,0.14504554749953524
315,CUST00307,CUST00307,ACC71147,957.46,transfer,mobile,2024-02-11T19:00:00+00:00,Transaction 315,ZW,987.7291999999999,2958.45,25,0.9693547583689944,0.323635687606686
336,CUST00307,CUST00307,ACC38387,1693.53,deposit,branch,2024-02-13T10:00:00+00:00,Transaction 336,ZW,986.5649999999998,2958.45,26,1.716592419151298,0.5724382700400548
314,CUST00307,CUST00307,ACC37933,1701.3,deposit,card,2024-02-13T19:00:00+00:00,Transaction 314,ZW,1012.7488888888887,2958.45,27,1.6798833537764108,0.5750646453379303
330,CUST00307,CUST00307,ACC85918,354.93,transfer,mobile,2024-02-15T13:00:00+00:00,Transaction 330,ZW,1037.3399999999997,2958.45,28,0.342153970732836,0.11997160675353649
305,CUST00307,CUST00307,ACC50229,1021.85,transfer,card,2024-02-21T20:00:00+00:00,Transaction 305,ZW,1013.808620689655,2958.45,29,1.0079318513832274,0.34540046308032923
344,CUST00307,CUST00307,ACC57027,791.85,deposit,atm,2024-02-24T20:00:00+00:00,Transaction 344,ZW,1014.0766666666664,2958.45,30,0.7808581205234321,0.26765705014450136
347,CUST00307,CUST00307,ACC59211,100.0,transfer,mobile,2024-02-25T10:00:00+00:00,Transaction 347,ZW,1006.9080645161288,2958.45,31,0.09931393294387324,0.03380148388514256
334,CUST00307,CUST00307,ACC31522,2031.39,transfer,online,2024-02-27T08:00:00+00:00,Transaction 334,ZW,978.5671875,2958.45,32,2.075881989452053,0.6866399634943975
332,CUST00307,CUST00307,ACC58577,162.37,transfer,online,2024-02-28T16:00:00+00:00,Transaction 332,ZW,1010.4709090909091,2958.45,33,0.16068745625351996,0.05488346938430597
327,CUST00307,CUST00307,ACC66560,657.79,transfer,atm,2024-03-01T10:00:00+00:00,Transaction 327,ZW,985.5267647058824,2958.45,34,0.6674501632599585,0.22234278084807924
319,CUST00307,CUST00307,ACC82036,718.7,transfer,online,2024-03-02T17:00:00+00:00,Transaction 319,ZW,976.1628571428573,2958.45,35,0.7362500987832825,0.2429312646825196
311,CUST00307,CUST00307,ACC43545,292.39,transfer,online,2024-03-04T18:00:00+00:00,Transaction 311,ZW,969.0111111111112,2958.45,36,0.3017406061162009,0.09883215873176833
350,CUST00307,CUST00307,ACC81758,634.89,transfer,mobile,2024-03-06T19:00:00+00:00,Transaction 350,ZW,950.724054054054,2958.45,37,0.6677962940905069,0.2146022410383816
312,CUST00307,CUST00307,ACC73264,424.54,deposit,branch,2024-03-09T18:00:00+00:00,Transaction 312,ZW,942.4126315789474,2958.45,38,0.45048207735576773,0.14350081968598424
320,CUST00307,CUST00307,ACC23157,1540.03,withdraw,branch,2024-03-10T01:00:00+00:00,Transaction 320,ZW,929.1338461538462,2958.45,39,1.6574899368642755,0.520552992276361
321,CUST00307,CUST00307,ACC87076,100.0,transfer,branch,2024-03-13T08:00:00+00:00,Transaction 321,ZW,944.40625,2958.45,40,0.10588663512127329,0.03380148388514256
309,CUST00307,CUST00307,ACC25782,346.87,withdraw,atm,2024-03-16T21:00:00+00:00,Transaction 309,ZW,923.810975609756,2958.45,41,0.3754772449754134,0.11724720715239399
324,CUST00307,CUST00307,ACC57547,229.99,transfer,card,2024-03-17T13:00:00+00:00,Transaction 324,ZW,910.0742857142858,2958.45,42,0.25271563388859936,0.07774003278743938
326,CUST00307,CUST00307,ACC86490,390.85,transfer,atm,2024-03-18T01:00:00+00:00,Transaction 326,ZW,894.2583720930232,2958.45,43,0.4370660786604777,0.1321130997650797
342,CUST00307,CUST00307,ACC55287,100.0,transfer,mobile,2024-03-18T05:00:00+00:00,Transaction 342,ZW,882.8172727272727,2958.45,44,0.11327372389426825,0.03380148388514256
329,CUST00307,CUST00307,ACC48886,1878.21,transfer,online,2024-03-19T03:00:00+00:00,Transaction 329,ZW,865.4213333333333,2958.45,45,2.1702839156572677,0.634862850479136
338,CUST00307,CUST00307,ACC41484,100.0,transfer,branch,2024-03-20T19:00:00+00:00,Transaction 338,ZW,887.4384782608695,2958.45,46,0.11268386761409303,0.03380148388514256
349,CUST00307,CUST00307,ACC76645,1913.17,transfer,branch,2024-03-21T19:00:00+00:00,Transaction 349,ZW,870.6844680851063,2958.45,47,2.197317248816473,0.6466798492453819
323,CUST00307,CUST00307,ACC47234,2491.23,transfer,card,2024-03-25T08:00:00+00:00,Transaction 323,ZW,892.4029166666666,2958.45,48,2.7915977788433572,0.842072706991837
317,CUST00307,CUST00307,ACC71167,784.07,transfer,branch,2024-03-27T08:00:00+00:00,Transaction 317,GB,925.0320408163266,2958.45,49,0.8476138829829832,0.26502729469823727
358,CUST00308,CUST00308,ACC42770,4723.1,deposit,online,2024-01-01T14:00:00+00:00,Transaction 358,ZW,4723.1,4723.1,0,1.0,1.0
394,CUST00308,CUST00308,ACC95489,531.18,transfer,card,2024-01-03T08:00:00+00:00,Transaction 394,NL,4723.1,4723.1,1,0.11246427134720838,0.11246427134720838
357,CUST00308,CUST00308,ACC32673,2360.86,transfer,mobile,2024-01-03T16:00:00+00:00,Transaction 357,ZW,2627.1400000000003,4723.1,2,0.89864263038894,0.49985390950858544
361,CUST00308,CUST00308,ACC57925,4392.67,withdraw,atm,2024-01-09T13:00:00+00:00,Transaction 361,ZW,2538.3800000000006,4723.1,3,1.7305013433764838,0.9300395926404268
372,CUST00308,CUST00308,ACC35086,100.0,transfer,mobile,2024-01-10T08:00:00+00:00,Transaction 372,ZW,3001.9525000000003,4723.1,4,0.03331165299917303,0.021172534987614067
370,CUST00308,CUST00308,ACC77972,2995.23,transfer,atm,2024-01-13T02:00:00+00:00,Transaction 370,ZW,2421.5620000000004,4723.1,5,1.2368999843902404,0.6341661197095128
383,CUST00308,CUST00308,ACC96911,484.31,withdraw,online,2024-01-14T01:00:00+00:00,Transaction 383,ZW,2517.1733333333336,4723.1,6,0.1924023243002733,0.10254070419851367
400,CUST00308,CUST00308,ACC81168,2247.98,deposit,branch,2024-01-14T20:00:00+00:00,Transaction 400,ZW,2226.764285714286,4723.1,7,1.0095275976994165,0.47595435201456665
366,CUST00308,CUST00308,ACC75255,3084.49,transfer,online,2024-01-17T16:00:00+00:00,Transaction 366,ZW,2229.41625,4723.1,8,1.3835415436664191,0.6530647244394571
397,CUST00308,CUST00308,ACC58163,1197.11,deposit,branch,2024-01-18T12:00:00+00:00,Transaction 397,ZW,2324.4244444444444,4723.1,9,0.5150135135005941,0.25345853359022674
399,CUST00308,CUST00308,ACC49529,3640.49,transfer,online,2024-01-18T15:00:00+00:00,Transaction 399,ZW,2211.693,4723.1,10,1.6460195877095056,0.7707840189705912
378,CUST00308,CUST00308,ACC76471,100.0,withdraw,mobile,2024-01-20T09:00:00+00:00,Transaction 378,ZW,2341.5836363636363,4723.1,11,0.042706140599485506,0.021172534987614067
356,CUST00308,CUST00308,ACC78962,4889.05,withdraw,branch,2024-01-23T15:00:00+00:00,Transaction 356,ZW,2154.785,4723.1,12,2.2689270623287245,1.0351358218119455
396,CUST00308,CUST00308,ACC76654,100.0,transfer,online,2024-01-25T00:00:00+00:00,Transaction 396,ZW,2365.1130769230767,4889.05,13,0.04228127651727174,0.020453871406510466
398,CUST00308,CUST00308,ACC96360,1578.17,deposit,online,2024-01-27T15:00:00+00:00,Transaction 398,ZW,2203.3192857142853,4889.05,14,0.7162693170401672,0.32279686237612626
379,CUST00308,CUST00308,ACC37237,1339.83,transfer,online,2024-02-01T05:00:00+00:00,Transaction 379,ZW,2161.6426666666666,4889.05,15,0.6198202971567301,0.2740471052658492
376,CUST00308,CUST00308,ACC92214,3428.22,withdraw,branch,2024-02-03T18:00:00+00:00,Transaction 376,ZW,2110.279375,4889.05,16,1.6245337184324231,0.701203710332273
387,CUST00308,CUST00308,ACC27713,362.54,transfer,atm,2024-02-03T21:00:00+00:00,Transaction 387,ZW,2187.805294117647,4889.05,17,0.16570944451718875,0.07415346539716305
375,CUST00308,CUST00308,ACC13058,298.58,transfer,mobile,2024-02-04T08:00:00+00:00,Transaction 375,ZW,2086.4016666666666,4889.05,18,0.143107631080944,0.06107116924555895
393,CUST00308,CUST00308,ACC23573,100.0,deposit,mobile,2024-02-08T14:00:00+00:00,Transaction 393,ZW,1992.3057894736844,4889.05,19,0.05019309813199781,0.020453871406510466
382,CUST00308,CUST00308,ACC62725,100.0,transfer,branch,2024-02-09T11:00:00+00:00,Transaction 382,ZW,1897.6905000000002,4889.05,20,0.052695631874639194,0.020453871406510466
362,CUST00308,CUST00308,ACC33777,100.0,transfer,online,2024-02-11T13:00:00+00:00,Transaction 362,ZW,1812.0861904761907,4889.05,21,0.0551850130118377,0.020453871406510466
354,CUST00308,CUST00308,ACC36926,3612.61,transfer,online,2024-02-17T13:00:00+00:00,Transaction 354,ZW,1734.2640909090912,4889.05,22,2.08307951420841,0.7389186038187378
369,CUST00308,CUST00308,ACC93911,880.75,deposit,branch,2024-02-17T17:00:00+00:00,Transaction 369,ZW,1815.9313043478264,4889.05,23,0.485012840458914,0.18014747241284093
371,CUST00308,CUST00308,ACC42754,3846.06,withdraw,mobile,2024-02-19T09:00:00+00:00,Transaction 371,ZW,1776.9654166666667,4889.05,24,2.16439777832855,0.7866681666172365
384,CUST00308,CUST00308,ACC48226,2287.75,withdraw,branch,2024-02-20T16:00:00+00:00,Transaction 384,ZW,1859.7291999999998,4889.05,25,1.230152217860536,0.4679334431024432
353,CUST00308,CUST00308,ACC21743,637.06,withdraw,online,2024-02-22T14:00:00+00:00,Transaction 353,ZW,1876.1915384615384,4889.05,26,0.3395495539450007,0.13030343318231558
389,CUST00308,CUST00308,ACC25006,2615.24,withdraw,mobile,2024-02-22T15:00:00+00:00,Transaction 389,ZW,1830.2977777777776,4889.05,27,1.4288603918730893,0.5349178265716242
373,CUST00308,CUST00308,ACC40734,549.71,transfer,online,2024-02-25T04:00:00+00:00,Transaction 373,ZW,1858.3314285714282,4889.05,28,0.2958083749477258,0.11243697650872869
390,CUST00308,CUST00308,ACC54399,1074.8,deposit,mobile,2024-02-28T02:00:00+00:00,Transaction 390,ZW,1813.2065517241376,4889.05,29,0.592762031980304,0.21983820987717448
386,CUST00308,CUST00308,ACC31580,1332.73,transfer,online,2024-03-03T04:00:00+00:00,Transaction 386,ZW,1788.5929999999998,4889.05,30,0.7451275947071246,0.27259488039598695
391,CUST00308,CUST00308,ACC76285,551.13,transfer,online,2024-03-04T21:00:00+00:00,Transaction 391,AU,1773.8877419354837,4889.05,31,0.31069046082852103,0.11272742148270114
374,CUST00308,CUST00308,ACC93152,100.0,transfer,online,2024-03-06T15:00:00+00:00,Transaction 374,ZW,1735.6765624999998,4889.05,32,0.05761442088954866,0.020453871406510466
392,CUST00308,CUST00308,ACC21726,2537.65,transfer,online,2024-03-06T17:00:00+00:00,Transaction 392,ZW,1686.110606060606,4889.05,33,1.5050317522934709,0.5190476677473129
360,CUST00308,CUST00308,ACC25376,771.23,transfer,online,2024-03-07T15:00:00+00:00,Transaction 360,ZW,1711.155882352941,4889.05,34,0.4507070384140064,0.15774639244843067
364,CUST00308,CUST00308,ACC72561,3924.77,withdraw,branch,2024-03-10T13:00:00+00:00,Transaction 364,ZW,1684.300857142857,4889.05,35,2.330207209332978,0.8027674088013008
355,CUST00308,CUST00308,ACC19897,2806.4,transfer,online,2024-03-10T16:00:00+00:00,Transaction 355,ZW,1746.536111111111,4889.05,36,1.6068376612119546,0.5740174471523097
377,CUST00308,CUST00308,ACC32699,100.0,transfer,online,2024-03-11T12:00:00+00:00,Transaction 377,ZW,1775.181081081081,4889.05,37,0.05633228128991789,0.020453871406510466
380,CUST00308,CUST00308,ACC81686,1201.06,transfer,branch,2024-03-13T08:00:00+00:00,Transaction 380,ZW,1731.0973684210526,4889.05,38,0.6938142370902546,0.2456632679150346
368,CUST00308,CUST00308,ACC69740,3741.39,withdraw,online,2024-03-13T18:00:00+00:00,Transaction 368,ZW,1717.5066666666664,4889.05,39,2.178384557459263,0.7652590994160419
359,CUST00308,CUST00308,ACC12041,1276.09,deposit,branch,2024-03-14T15:00:00+00:00,Transaction 359,ZW,1768.1037499999998,4889.05,40,0.7217280094564587,0.2610098076313394
395,CUST00308,CUST00308,ACC80482,100.0,withdraw,mobile,2024-03-14T21:00:00+00:00,Transaction 395,ZW,1756.103414634146,4889.05,41,0.056944254630262356,0.020453871406510466
381,CUST00308,CUST00308,ACC95985,3334.43,transfer,online,2024-03-19T06:00:00+00:00,Transaction 381,ZW,1716.6723809523808,4889.05,42,1.9423799421472108,0.6820200243401069
363,CUST00308,CUST00308,ACC89859,2135.51,deposit,online,2024-03-19T14:00:00+00:00,Transaction 363,ZW,1754.2946511627904,4889.05,43,1.217304059260815,0.4367944692731717
388,CUST00308,CUST00308,ACC74666,100.0,deposit,mobile,2024-03-20T10:00:00+00:00,Transaction 388,ZW,1762.9586363636358,4889.05,44,0.056722828282724125,0.020453871406510466
365,CUST00308,CUST00308,ACC15805,4694.72,withdraw,mobile,2024-03-23T16:00:00+00:00,Transaction 365,ZW,1726.0039999999995,4889.05,45,2.719993696422489,0.9602519916957283
352,CUST00308,CUST00308,ACC58532,6212.55,deposit,card,2024-03-24T13:00:00+00:00,Transaction 352,ZW,1790.5413043478256,4889.05,46,3.469649085957733,1.270706988065166
351,CUST00308,CUST00308,ACC15803,2273.35,transfer,online,2024-03-25T15:00:00+00:00,Transaction 351,ZW,1884.6265957446806,6212.55,47,1.2062601711835237,0.3659286444374693
385,CUST00308,CUST00308,ACC45937,189.67,deposit,atm,2024-03-26T05:00:00+00:00,Transaction 385,ZW,1892.7250000000001,6212.55,48,0.10021001466140088,0.030530136578377637
367,CUST00308,CUST00308,ACC31752,2036.7,deposit,online,2024-03-29T08:00:00+00:00,Transaction 367,ZW,1857.968775510204,6212.55,49,1.0961971088242406,0.3278363956829321
430,CUST00309,CUST00309,ACC92998,10721.63,deposit,online,2024-01-06T14:00:00+00:00,Transaction 430,ZW,10721.63,10721.63,0,1.0,1.0
447,CUST00309,CUST00309,ACC57851,17818.98,deposit,card,2024-01-09T14:00:00+00:00,Transaction 447,ZW,10721.63,10721.63,1,1.661965577995137,1.661965577995137
424,CUST00309,CUST00309,ACC36503,100.0,deposit,card,2024-01-12T09:00:00+00:00,Transaction 424,ZW,14270.305,17818.98,2,0.007007558703195201,0.005611993503556321
423,CUST00309,CUST00309,ACC11850,2362.93,withdraw,atm,2024-01-14T20:00:00+00:00,Transaction 423,ZW,9546.87,17818.98,3,0.24750834566721863,0.13260747809358336
412,CUST00309,CUST00309,ACC67298,15124.55,transfer,card,2024-01-17T09:00:00+00:00,Transaction 412,ZW,7750.885,17818.98,4,1.9513320091834674,0.8487887634421274
407,CUST00309,CUST00309,ACC43517,100.0,withdraw,mobile,2024-01-23T10:00:00+00:00,Transaction 407,ZW,9225.617999999999,17818.98,5,0.010839382250598282,0.005611993503556321
408,CUST00309,CUST00309,ACC41338,6813.73,withdraw,online,2024-01-23T10:00:00+00:00,Transaction 408,ZW,7704.681666666666,17818.98,6,0.8843623000647441,0.38238608494986803
413,CUST00309,CUST00309,ACC13287,11182.52,withdraw,card,2024-01-23T11:00:00+00:00,Transaction 413,ZW,7577.402857142856,17818.98,7,1.4757721360239904,0.6275622959338862
418,CUST00309,CUST00309,ACC90831,12336.0,transfer,online,2024-01-25T07:00:00+00:00,Transaction 418,ZW,8028.0425000000005,17818.98,8,1.5366136888288768,0.6922955185987076
431,CUST00309,CUST00309,ACC40641,8515.02,transfer,mobile,2024-01-26T21:00:00+00:00,Transaction 431,ZW,8506.704444444444,17818.98,9,1.0009775296191215,0.4778623692265214
432,CUST00309,CUST00309,ACC40546,33535.62,withdraw,card,2024-01-27T21:00:00+00:00,Transaction 432,ZW,8507.536,17818.98,10,3.9418722412693876,1.8820168157773343
405,CUST00309,CUST00309,ACC47047,7458.3,deposit,card,2024-01-28T09:00:00+00:00,Transaction 405,ZW,10782.816363636364,33535.62,11,0.6916838559128337,0.22239934732084868
404,CUST00309,CUST00309,ACC83476,15171.65,withdraw,card,2024-01-31T08:00:00+00:00,Transaction 404,ZW,10505.773333333334,33535.62,12,1.4441250080907893,0.45240404083777186
446,CUST00309,CUST00309,ACC63473,100.0,transfer,online,2024-02-01T14:00:00+00:00,Transaction 446,ZW,10864.686923076924,33535.62,13,0.0092041308422424,0.00298190401728073
435,CUST00309,CUST00309,ACC45852,4500.7,transfer,online,2024-02-01T22:00:00+00:00,Transaction 435,ZW,10095.780714285716,33535.62,14,0.44580009484867533,0.1342065541057538
429,CUST00309,CUST00309,ACC45378,100.0,transfer,mobile,2024-02-02T12:00:00+00:00,Transaction 429,ZW,9722.775333333335,33535.62,15,0.010285129150023898,0.00298190401728073
419,CUST00309,CUST00309,ACC71739,8163.47,withdraw,card,2024-02-03T16:00:00+00:00,Transaction 419,ZW,9121.351875,33535.62,16,0.8949846592778222,0.24342683987950722
403,CUST00309,CUST00309,ACC23155,19922.68,withdraw,online,2024-02-04T10:00:00+00:00,Transaction 403,ZW,9065.005882352942,33535.62,17,2.1977569853301415,0.5940751952699845
427,CUST00309,CUST00309,ACC23085,6323.0,withdraw,branch,2024-02-05T12:00:00+00:00,Transaction 427,ZW,9668.21,33535.62,18,0.6539990339473388,0.18854579101266056
409,CUST00309,CUST00309,ACC85305,20644.26,deposit,mobile,2024-02-08T09:00:00+00:00,Transaction 409,ZW,9492.146315789474,33535.62,19,2.174877979457588,0.6155920182778788
411,CUST00309,CUST00309,ACC45588,11738.48,transfer,mobile,2024-02-08T09:00:00+00:00,Transaction 411,ZW,10049.752,33535.62,20,1.1680367833952519,0.350030206687695
425,CUST00309,CUST00309,ACC80118,3031.77,withdraw,card,2024-02-09T13:00:00+00:00,Transaction 425,ZW,10130.16761904762,33535.62,21,0.2992813262338723,0.09040447142471199
401,CUST00309,CUST00309,ACC32115,4133.3,withdraw,mobile,2024-02-13T08:00:00+00:00,Transaction 401,ZW,9807.513181818182,33535.62,22,0.42144220694626094,0.12325103874626442
406,CUST00309,CUST00309,ACC85297,2570.25,deposit,online,2024-02-13T09:00:00+00:00,Transaction 406,ZW,9560.808260869566,33535.62,23,0.2688318738196548,0.07664238800415796
416,CUST00309,CUST00309,ACC74349,10847.3,deposit,mobile,2024-02-14T09:00:00+00:00,Transaction 416,ZW,9269.535,33535.62,24,1.170209724651776,0.3234560744664926
426,CUST00309,CUST00309,ACC91613,8427.83,deposit,mobile,2024-02-15T17:00:00+00:00,Transaction 426,ZW,9332.6456,33535.62,25,0.9030483274753303,0.2513098013395905
402,CUST00309,CUST00309,ACC25704,179.33,deposit,online,2024-02-17T11:00:00+00:00,Transaction 402,ZW,9297.845,33535.62,26,0.01928726495225507,0.005347448474189533
448,CUST00309,CUST00309,ACC45276,100.0,transfer,card,2024-02-17T16:00:00+00:00,Transaction 448,ZW,8960.12222222222,33535.62,27,0.011160562045904633,0.00298190401728073
433,CUST00309,CUST00309,ACC17285,2739.18,withdraw,card,2024-02-20T07:00:00+00:00,Transaction 433,ZW,8643.689285714285,33535.62,28,0.3168994059662851,0.08167971846055029
415,CUST00309,CUST00309,ACC51715,10489.78,transfer,mobile,2024-02-20T11:00:00+00:00,Transaction 415,ZW,8440.085517241378,33535.62,29,1.2428523358645496,0.3127951712239106
422,CUST00309,CUST00309,ACC80242,100.0,transfer,online,2024-02-20T14:00:00+00:00,Transaction 422,ZW,8508.408666666664,33535.62,30,0.011753079091248793,0.00298190401728073
417,CUST00309,CUST00309,ACC61399,100.0,withdraw,card,2024-02-20T20:00:00+00:00,Transaction 417,ZW,8237.169677419353,33535.62,31,0.012140092278799492,0.00298190401728073
439,CUST00309,CUST00309,ACC54328,13211.6,transfer,card,2024-02-24T01:00:00+00:00,Transaction 439,ZW,7982.883125,33535.62,32,1.6549910343325989,0.39395723114706094
437,CUST00309,CUST00309,ACC69324,10180.74,transfer,mobile,2024-02-26T08:00:00+00:00,Transaction 437,ZW,8141.32909090909,33535.62,33,1.2505009791789636,0.3035798950489062
445,CUST00309,CUST00309,ACC98273,12526.91,transfer,mobile,2024-02-27T20:00:00+00:00,Transaction 445,ZW,8201.311764705883,33535.62,34,1.5274276066310768,0.3735404325311415
434,CUST00309,CUST00309,ACC75769,15064.1,deposit,mobile,2024-02-29T00:00:00+00:00,Transaction 434,ZW,8324.900285714284,33535.62,35,1.8095231754127235,0.44919700306718646
436,CUST00309,CUST00309,ACC59287,2318.07,deposit,mobile,2024-03-01T17:00:00+00:00,Transaction 436,ZW,8512.100277777776,33535.62,36,0.27232644404480283,0.06912262245337943
420,CUST00309,CUST00309,ACC25456,11771.68,deposit,card,2024-03-06T15:00:00+00:00,Transaction 420,ZW,8344.694054054053,33535.62,37,1.4106784411444102,0.35102019882143226
440,CUST00309,CUST00309,ACC63439,100.0,deposit,card,2024-03-06T20:00:00+00:00,Transaction 440,ZW,8434.877894736841,33535.62,38,0.01185553617348718,0.00298190401728073
410,CUST00309,CUST00309,ACC59775,3225.58,withdraw,mobile,2024-03-07T10:00:00+00:00,Transaction 410,ZW,8221.163076923074,33535.62,39,0.3923508109277446,0.09618369960060377
428,CUST00309,CUST00309,ACC45614,1409.94,transfer,mobile,2024-03-10T16:00:00+00:00,Transaction 428,ZW,8096.2735,33535.62,40,0.1741467849375395,0.04204305750124793
449,CUST00309,CUST00309,ACC29943,10926.13,transfer,mobile,2024-03-10T19:00:00+00:00,Transaction 449,ZW,7933.192195121951,33535.62,41,1.3772677796358417,0.325806709403315
444,CUST00309,CUST00309,ACC95567,100.0,withdraw,online,2024-03-12T12:00:00+00:00,Transaction 444,ZW,8004.452619047619,33535.62,42,0.012493046652813861,0.00298190401728073
441,CUST00309,CUST00309,ACC79078,7986.31,withdraw,online,2024-03-12T14:00:00+00:00,Transaction 441,ZW,7820.628139534884,33535.62,43,1.0211852369795669,0.23814409872249268
421,CUST00309,CUST00309,ACC51247,1681.56,withdraw,online,2024-03-14T00:00:00+00:00,Transaction 421,ZW,7824.393636363637,33535.62,44,0.21491250033548925,0.05014250519298584
438,CUST00309,CUST00309,ACC73960,16416.06,withdraw,card,2024-03-14T03:00:00+00:00,Transaction 438,ZW,7687.886222222222,33535.62,45,2.1353151601734885,0.489511152619215
443,CUST00309,CUST00309,ACC18827,100.0,transfer,online,2024-03-15T04:00:00+00:00,Transaction 443,ZW,7877.629130434782,33535.62,46,0.012694174648772885,0.00298190401728073
414,CUST00309,CUST00309,ACC33323,18084.63,withdraw,card,2024-03-25T08:00:00+00:00,Transaction 414,ZW,7712.147659574468,33535.62,47,2.34495380512435,0.5392663084803561
450,CUST00309,CUST00309,ACC92410,100.0,transfer,mobile,2024-03-28T08:00:00+00:00,Transaction 450,JP,7928.241041666667,33535.62,48,0.012613138207384534,0.00298190401728073
442,CUST00309,CUST00309,ACC36899,100.0,transfer,online,2024-03-28T22:00:00+00:00,Transaction 442,ZW,7768.481020408163,33535.62,49,0.012872529357707808,0.00298190401728073
462,CUST00310,CUST00310,ACC12750,5203.34,deposit,card,2024-01-01T11:00:00+00:00,Transaction 462,ZW,5203.34,5203.34,0,1.0,1.0
471,CUST00310,CUST00310,ACC51917,961.91,deposit,atm,2024-01-02T04:00:00+00:00,Transaction 471,ZW,5203.34,5203.34,1,0.1848639527687985,0.1848639527687985
463,CUST00310,CUST00310,ACC84653,423.28,transfer,online,2024-01-02T08:00:00+00:00,Transaction 463,KE,3082.625,5203.34,2,0.13731154454401687,0.08134774971460638
452,CUST00310,CUST00310,ACC74453,6215.8,deposit,mobile,2024-01-02T10:00:00+00:00,Transaction 452,ZW,2196.1766666666667,5203.34,3,2.8302823239781865,1.1945788666510357
477,CUST00310,CUST00310,ACC56970,2357.73,withdraw,atm,2024-01-04T00:00:00+00:00,Transaction 477,ZW,3201.0825,6215.8,4,0.7365414668319232,0.37931239743878503
481,CUST00310,CUST00310,ACC87581,817.88,deposit,online,2024-01-09T06:00:00+00:00,Transaction 481,ZW,3032.412,6215.8,5,0.26971269075574167,0.13158081019337817
474,CUST00310,CUST00310,ACC57408,4574.05,withdraw,online,2024-01-12T08:00:00+00:00,Transaction 474,ZW,2663.3233333333333,6215.8,6,1.7174219677921194,0.7358747063933846
492,CUST00310,CUST00310,ACC39541,6429.5,withdraw,card,2024-01-13T15:00:00+00:00,Transaction 492,ZW,2936.2842857142855,6215.8,7,2.1896721755727233,1.0343801280607483
459,CUST00310,CUST00310,ACC12214,8481.82,deposit,mobile,2024-01-15T10:00:00+00:00,Transaction 459,ZW,3372.9362499999997,6429.5,8,2.5146695256988627,1.319203670580916
467,CUST00310,CUST00310,ACC17035,6526.34,transfer,mobile,2024-01-16T16:00:00+00:00,Transaction 467,ZW,3940.5899999999997,8481.82,9,1.6561834649126148,0.7694504245551074
458,CUST00310,CUST00310,ACC55570,7764.04,withdraw,atm,2024-01-17T10:00:00+00:00,Transaction 458,GB,4199.164999999999,8481.82,10,1.8489485409599293,0.9153742946678897
496,CUST00310,CUST00310,ACC61655,954.56,deposit,card,2024-01-20T07:00:00+00:00,Transaction 496,ZW,4523.244545454545,8481.82,11,0.21103435607063234,0.11254188369948902
475,CUST00310,CUST00310,ACC81612,9863.73,deposit,atm,2024-01-20T14:00:00+00:00,Transaction 475,ZW,4225.854166666666,8481.82,12,2.334138758929408,1.1629261172720007
493,CUST00310,CUST00310,ACC93984,100.0,withdraw,card,2024-01-22T13:00:00+00:00,Transaction 493,ZW,4659.536923076923,9863.73,13,0.02146136014176384,0.01013815260555591
470,CUST00310,CUST00310,ACC55349,7215.75,withdraw,card,2024-01-29T21:00:00+00:00,Transaction 470,CH,4333.855714285714,9863.73,14,1.6649723654192456,0.7315437466354007
466,CUST00310,CUST00310,ACC88286,4905.36,deposit,online,2024-01-31T20:00:00+00:00,Transaction 466,ZW,4525.982,9863.73,15,1.083822251171127,0.4973128826518974
490,CUST00310,CUST00310,ACC19689,293.65,transfer,card,2024-02-01T19:00:00+00:00,Transaction 490,ZW,4549.693125,9863.73,16,0.0645428146321407,0.02977068512621493
482,CUST00310,CUST00310,ACC78676,5726.93,transfer,card,2024-02-01T21:00:00+00:00,Transaction 482,ZW,4299.337647058823,9863.73,17,1.332049369027295,0.5806049030133632
495,CUST00310,CUST00310,ACC49344,3890.6,transfer,branch,2024-02-03T09:00:00+00:00,Transaction 495,ZW,4378.648333333333,9863.73,18,0.8885390430608534,0.39443496527175825
491,CUST00310,CUST00310,ACC11365,5631.63,deposit,atm,2024-02-04T06:00:00+00:00,Transaction 491,ZW,4352.961578947368,9863.73,19,1.2937467739749358,0.5709432435802684
483,CUST00310,CUST00310,ACC80748,8745.73,withdraw,card,2024-02-08T17:00:00+00:00,Transaction 483,ZW,4416.8949999999995,9863.73,20,1.980062917502001,0.8866554538698849
454,CUST00310,CUST00310,ACC86866,2026.08,transfer,online,2024-02-11T11:00:00+00:00,Transaction 454,ZW,4623.03,9863.73,21,0.4382580255806257,0.2054070823106472
480,CUST00310,CUST00310,ACC12559,5143.16,deposit,online,2024-02-12T14:00:00+00:00,Transaction 480,ZW,4504.986818181817,9863.73,22,1.1416592783895747,0.5214214095479094
488,CUST00310,CUST00310,ACC95468,1817.37,withdraw,atm,2024-02-15T00:00:00+00:00,Transaction 488,ZW,4532.73347826087,9863.73,23,0.40094349440931454,0.18424774400759145
464,CUST00310,CUST00310,ACC23589,1303.79,deposit,online,2024-02-15T11:00:00+00:00,Transaction 464,ZW,4419.593333333333,9863.73,24,0.29500225510944444,0.13218021985597742
500,CUST00310,CUST00310,ACC10334,2637.62,withdraw,online,2024-02-17T00:00:00+00:00,Transaction 500,NG,4294.9612,9863.73,25,0.6141196339561811,0.2674059407546638
498,CUST00310,CUST00310,ACC72855,8152.52,deposit,mobile,2024-02-18T10:00:00+00:00,Transaction 498,ZW,4231.217307692307,9863.73,26,1.9267552118343834,0.8265149187984668
465,CUST00310,CUST00310,ACC65799,2609.57,withdraw,online,2024-02-20T10:00:00+00:00,Transaction 465,ZW,4376.45074074074,9863.73,27,0.5962754191900981,0.2645621889488054
478,CUST00310,CUST00310,ACC92425,2056.36,deposit,card,2024-02-20T16:00:00+00:00,Transaction 478,ZW,4313.347857142857,9863.73,28,0.47674337153093055,0.20847691491960954
456,CUST00310,CUST00310,ACC81915,312.61,deposit,card,2024-03-02T08:00:00+00:00,Transaction 456,ZW,4235.520689655172,9863.73,29,0.07380674606631438,0.031692878860228334
457,CUST00310,CUST00310,ACC64100,3528.33,deposit,online,2024-03-02T09:00:00+00:00,Transaction 457,ZW,4104.757,9863.73,30,0.8595709806938633,0.35770747982761086
487,CUST00310,CUST00310,ACC28710,4384.68,transfer,online,2024-03-05T04:00:00+00:00,Transaction 487,ZW,4086.162580645161,9863.73,31,1.0730556881825555,0.44452554966528895
469,CUST00310,CUST00310,ACC93605,4620.72,withdraw,branch,2024-03-06T06:00:00+00:00,Transaction 469,ZW,4095.4912499999996,9863.73,32,1.128245604236122,0.46845564507544313
455,CUST00310,CUST00310,ACC69776,1440.59,deposit,mobile,2024-03-06T08:00:00+00:00,Transaction 455,ZW,4111.407272727272,9863.73,33,0.35038854203426917,0.1460492126203779
486,CUST00310,CUST00310,ACC30642,2609.93,transfer,mobile,2024-03-06T17:00:00+00:00,Transaction 486,FR,4032.853823529411,9863.73,34,0.6471670222145274,0.2645986862981854
497,CUST00310,CUST00310,ACC35687,7043.31,withdraw,online,2024-03-09T04:00:00+00:00,Transaction 497,ZW,3992.198857142856,9863.73,35,1.7642683273149296,0.71406151628238
460,CUST00310,CUST00310,ACC11722,2463.5,deposit,mobile,2024-03-09T11:00:00+00:00,Transaction 460,ZW,4076.951944444443,9863.73,36,0.6042504384573254,0.24975338943786987
451,CUST00310,CUST00310,ACC10358,349.02,deposit,atm,2024-03-10T11:00:00+00:00,Transaction 451,ZW,4033.345135135134,9863.73,37,0.0865336310943562,0.03538418022391124
499,CUST00310,CUST00310,ACC65949,7558.97,deposit,card,2024-03-15T13:00:00+00:00,Transaction 499,ZW,3936.3892105263144,9863.73,38,1.9202801338309048,0.7663399140081897
479,CUST00310,CUST00310,ACC97614,2791.93,withdraw,atm,2024-03-16T08:00:00+00:00,Transaction 479,ZW,4029.2758974358962,9863.73,39,0.69291110141569,0.2830501240402971
485,CUST00310,CUST00310,ACC68417,4604.54,withdraw,card,2024-03-17T01:00:00+00:00,Transaction 485,ZW,3998.34225,9863.73,40,1.1516122713106913,0.4668152919838641
468,CUST00310,CUST00310,ACC49371,1682.29,transfer,mobile,2024-03-17T10:00:00+00:00,Transaction 468,ZW,4013.12756097561,9863.73,41,0.4191967423011661,0.17055312746800652
461,CUST00310,CUST00310,ACC45634,7184.0,deposit,mobile,2024-03-17T11:00:00+00:00,Transaction 461,ZW,3957.631428571429,9863.73,42,1.8152271452405515,0.7283248831831366
476,CUST00310,CUST00310,ACC46222,869.42,withdraw,card,2024-03-18T13:00:00+00:00,Transaction 476,ZW,4032.663255813954,9863.73,43,0.21559449546067191,0.08814312638322419
484,CUST00310,CUST00310,ACC67370,10289.65,transfer,atm,2024-03-18T22:00:00+00:00,Transaction 484,ZW,3960.771363636364,9863.73,44,2.59789042469574,1.0431804195775838
494,CUST00310,CUST00310,ACC24248,2385.43,withdraw,card,2024-03-20T19:00:00+00:00,Transaction 494,ZW,4101.413111111112,10289.65,45,0.5816117360959437,0.23182809910929913
453,CUST00310,CUST00310,ACC72101,4422.67,transfer,mobile,2024-03-23T11:00:00+00:00,Transaction 453,ZW,4064.109130434783,10289.65,46,1.0882261912900104,0.4298173407258751
473,CUST00310,CUST00310,ACC17190,854.68,deposit,atm,2024-03-24T17:00:00+00:00,Transaction 473,ZW,4071.7380851063836,10289.65,47,0.20990544630713137,0.08306210609690319
472,CUST00310,CUST00310,ACC19170,1145.37,transfer,atm,2024-03-27T16:00:00+00:00,Transaction 472,JP,4004.7160416666666,10289.65,48,0.2860052967758794,0.11131282405135257
489,CUST00310,CUST00310,ACC86718,2007.26,transfer,online,2024-03-28T00:00:00+00:00,Transaction 489,ZW,3946.3620408163265,10289.65,49,0.5086355431253812,0.1950756342538376
521,CUST00311,CUST00311,ACC57501,514.08,withdraw,atm,2024-01-02T20:00:00+00:00,Transaction 521,ZW,514.08,514.08,0,1.0,1.0
525,CUST00311,CUST00311,ACC68872,417.43,deposit,atm,2024-01-06T01:00:00+00:00,Transaction 525,ZW,514.08,514.08,1,0.8119942421413009,0.8119942421413009
503,CUST00311,CUST00311,ACC42524,230.6,withdraw,mobile,2024-01-13T20:00:00+00:00,Transaction 503,ZW,465.755,514.08,2,0.495110090068813,0.448568316215375
526,CUST00311,CUST00311,ACC18864,100.0,deposit,card,2024-01-14T11:00:00+00:00,Transaction 526,ZW,387.36999999999995,514.08,3,0.2581511216666237,0.19452225334578274
519,CUST00311,CUST00311,ACC56445,100.0,transfer,atm,2024-01-17T04:00:00+00:00,Transaction 519,ZW,315.5275,514.08,4,0.31692958616919287,0.19452225334578274
524,CUST00311,CUST00311,ACC51137,100.0,transfer,atm,2024-01-18T12:00:00+00:00,Transaction 524,ZW,272.42199999999997,514.08,5,0.3670775488029602,0.19452225334578274
504,CUST00311,CUST00311,ACC99553,116.37,withdraw,mobile,2024-01-18T19:00:00+00:00,Transaction 504,ZW,243.68499999999997,514.08,6,0.4775427293432095,0.2263655462184874
544,CUST00311,CUST00311,ACC67698,100.0,withdraw,online,2024-01-20T05:00:00+00:00,Transaction 544,ZW,225.49714285714285,514.08,7,0.4434645988545943,0.19452225334578274
505,CUST00311,CUST00311,ACC94121,100.0,deposit,mobile,2024-01-21T20:00:00+00:00,Transaction 505,ZW,209.81,514.08,8,0.47662170535246173,0.19452225334578274
543,CUST00311,CUST00311,ACC45235,100.0,transfer,online,2024-01-25T02:00:00+00:00,Transaction 543,ZW,197.60888888888888,514.08,9,0.5060501102064685,0.19452225334578274
535,CUST00311,CUST00311,ACC83843,100.0,withdraw,card,2024-01-28T05:00:00+00:00,Transaction 535,ZW,187.848,514.08,10,0.5323453004556875,0.19452225334578274
522,CUST00311,CUST00311,ACC78469,411.54,withdraw,online,2024-01-28T06:00:00+00:00,Transaction 522,ZW,179.8618181818182,514.08,11,2.288089846751041,0.8005368814192343
507,CUST00311,CUST00311,ACC72260,429.38,transfer,mobile,2024-01-30T18:00:00+00:00,Transaction 507,ZW,199.16833333333332,514.08,12,2.1558648044786235,0.8352396514161219
540,CUST00311,CUST00311,ACC16535,359.67,withdraw,card,2024-02-04T05:00:00+00:00,Transaction 540,ZW,216.87692307692308,514.08,13,1.6584060438391148,0.6996381886087768
529,CUST00311,CUST00311,ACC37366,100.0,withdraw,atm,2024-02-08T07:00:00+00:00,Transaction 529,ZW,227.07642857142858,514.08,14,0.44038036281050746,0.19452225334578274
516,CUST00311,CUST00311,ACC21643,522.84,transfer,card,2024-02-09T16:00:00+00:00,Transaction 516,ZW,218.60466666666667,514.08,15,2.3917147239918637,1.0170401493930905
530,CUST00311,CUST00311,ACC26304,432.11,transfer,online,2024-02-10T12:00:00+00:00,Transaction 530,ZA,237.61937500000002,522.84,16,1.8184964925524274,0.8264669879886772
510,CUST00311,CUST00311,ACC41030,171.83,transfer,mobile,2024-02-14T21:00:00+00:00,Transaction 510,ZW,249.06000000000003,522.84,17,0.689914076929254,0.3286473873460332
531,CUST00311,CUST00311,ACC63291,292.49,transfer,atm,2024-02-16T04:00:00+00:00,Transaction 531,ZW,244.76944444444447,522.84,18,1.1949612447087394,0.5594254456430265
509,CUST00311,CUST00311,ACC68080,192.98,withdraw,mobile,2024-02-16T21:00:00+00:00,Transaction 509,ZW,247.28105263157894,522.84,19,0.7804075481978741,0.36909953331803225
512,CUST00311,CUST00311,ACC10863,100.0,transfer,card,2024-02-16T21:00:00+00:00,Transaction 512,ZW,244.56599999999997,522.84,20,0.4088875804486315,0.19126310152245427
523,CUST00311,CUST00311,ACC49895,245.15,transfer,mobile,2024-02-20T02:00:00+00:00,Transaction 523,ZW,237.68190476190475,522.84,21,1.0314205460679742,0.4688814933822967
518,CUST00311,CUST00311,ACC69899,516.27,withdraw,atm,2024-02-22T10:00:00+00:00,Transaction 518,ZW,238.02136363636362,522.84,22,2.1690069837123103,0.9874340142299747
548,CUST00311,CUST00311,ACC68040,100.0,deposit,mobile,2024-02-23T03:00:00+00:00,Transaction 548,ZW,250.1191304347826,522.84,23,0.39980948209027356,0.19126310152245427
533,CUST00311,CUST00311,ACC28722,256.42,withdraw,mobile,2024-02-27T12:00:00+00:00,Transaction 533,ZW,243.8641666666667,522.84,24,1.0514869958344295,0.4904368449238773
532,CUST00311,CUST00311,ACC62257,100.0,transfer,mobile,2024-02-28T00:00:00+00:00,Transaction 532,ZW,244.36640000000003,522.84,25,0.40922156237518736,0.19126310152245427
528,CUST00311,CUST00311,ACC81345,160.38,withdraw,mobile,2024-02-28T06:00:00+00:00,Transaction 528,ZW,238.81384615384619,522.84,26,0.6715691011344529,0.3067477622217122
541,CUST00311,CUST00311,ACC36911,100.0,withdraw,card,2024-03-04T14:00:00+00:00,Transaction 541,ZW,235.90888888888892,522.84,27,0.4238924631920044,0.19126310152245427
513,CUST00311,CUST00311,ACC49616,268.4,deposit,mobile,2024-03-04T18:00:00+00:00,Transaction 513,GB,231.05500000000004,522.84,28,1.1616281837657698,0.5133501644862672
537,CUST00311,CUST00311,ACC48537,709.63,withdraw,online,2024-03-06T07:00:00+00:00,Transaction 537,ZW,232.34275862068966,522.84,29,3.0542376453337368,1.3572603473337923
520,CUST00311,CUST00311,ACC39549,643.4,withdraw,card,2024-03-06T14:00:00+00:00,Transaction 520,ZW,248.25233333333335,709.63,30,2.5917178354819086,0.9066696729281456
511,CUST00311,CUST00311,ACC56422,276.79,deposit,atm,2024-03-08T18:00:00+00:00,Transaction 511,ZW,260.9990322580645,709.63,31,1.0605020164454944,0.39004833504784187
545,CUST00311,CUST00311,ACC72219,528.53,deposit,atm,2024-03-09T09:00:00+00:00,Transaction 545,ZW,261.4925,709.63,32,2.0212051970897824,0.7447965841353945
508,CUST00311,CUST00311,ACC54675,512.03,withdraw,online,2024-03-09T19:00:00+00:00,Transaction 508,ZW,269.5845454545455,709.63,33,1.8993299454042074,0.7215450305088567
547,CUST00311,CUST00311,ACC85540,559.57,transfer,atm,2024-03-09T22:00:00+00:00,Transaction 547,CH,276.7152941176471,709.63,34,2.022186745348798,0.7885376886546511
539,CUST00311,CUST00311,ACC44049,100.0,deposit,online,2024-03-15T09:00:00+00:00,Transaction 539,AU,284.79685714285716,709.63,35,0.35112747030715624,0.14091850682750165
506,CUST00311,CUST00311,ACC84104,100.0,transfer,online,2024-03-15T19:00:00+00:00,Transaction 506,ZW,279.66361111111115,709.63,36,0.35757244070008704,0.14091850682750165
502,CUST00311,CUST00311,ACC27434,248.81,transfer,card,2024-03-16T19:00:00+00:00,Transaction 502,ZW,274.8078378378379,709.63,37,0.9053963014942135,0.3506193368375069
550,CUST00311,CUST00311,ACC17359,100.0,transfer,card,2024-03-19T00:00:00+00:00,Transaction 550,ZW,274.12368421052633,709.63,38,0.3647988326437355,0.14091850682750165
517,CUST00311,CUST00311,ACC84756,379.05,withdraw,mobile,2024-03-19T05:00:00+00:00,Transaction 517,CA,269.6589743589744,709.63,39,1.405664324360303,0.534151600129645
546,CUST00311,CUST00311,ACC22422,149.21,deposit,card,2024-03-19T06:00:00+00:00,Transaction 546,ZW,272.39375,709.63,40,0.547773214326687,0.21026450403731523
536,CUST00311,CUST00311,ACC54673,105.5,transfer,online,2024-03-22T17:00:00+00:00,Transaction 536,ZW,269.3892682926829,709.63,41,0.3916265880546421,0.14866902470301424
514,CUST00311,CUST00311,ACC33767,308.05,withdraw,card,2024-03-22T18:00:00+00:00,Transaction 514,ZW,265.4871428571428,709.63,42,1.160319843306913,0.4340994602821189
538,CUST00311,CUST00311,ACC97920,585.49,withdraw,mobile,2024-03-23T11:00:00+00:00,Transaction 538,ZW,266.476976744186,709.63,43,2.197150414844513,0.8250637656243395
534,CUST00311,CUST00311,ACC26278,109.2,withdraw,mobile,2024-03-26T09:00:00+00:00,Transaction 534,ZW,273.7272727272727,709.63,44,0.3989372301560944,0.15388300945563183
501,CUST00311,CUST00311,ACC57042,248.35,deposit,mobile,2024-03-28T19:00:00+00:00,Transaction 501,ZW,270.07111111111107,709.63,45,0.9195726228483034,0.34997111170610035
515,CUST00311,CUST00311,ACC21323,100.0,withdraw,mobile,2024-03-28T19:00:00+00:00,Transaction 515,ZW,269.59891304347826,709.63,46,0.37092137676338843,0.14091850682750165
527,CUST00311,CUST00311,ACC36433,863.65,deposit,mobile,2024-03-29T00:00:00+00:00,Transaction 527,ZW,265.99042553191487,709.63,47,3.2469213817486633,1.217042684215718
542,CUST00311,CUST00311,ACC63955,196.51,withdraw,mobile,2024-03-30T00:00:00+00:00,Transaction 542,ZW,278.44166666666666,863.65,48,0.7057492592703438,0.227534302089967
549,CUST00311,CUST00311,ACC15962,471.36,withdraw,online,2024-03-30T00:00:00+00:00,Transaction 549,ZW,276.7695918367347,863.65,49,1.7030772668048497,0.5457766456319111
598,CUST00312,CUST00312,ACC90069,512.97,withdraw,mobile,2024-01-02T16:00:00+00:00,Transaction 598,ZW,512.97,512.97,0,1.0,1.0
584,CUST00312,CUST00312,ACC68308,407.6,transfer,atm,2024-01-04T09:00:00+00:00,Transaction 584,ZW,512.97,512.97,1,0.7945883774879623,0.7945883774879623
561,CUST00312,CUST00312,ACC73192,100.0,transfer,atm,2024-01-04T18:00:00+00:00,Transaction 561,ZW,460.285,512.97,2,0.21725669965347555,0.1949431740647601
566,CUST00312,CUST00312,ACC44047,301.96,deposit,atm,2024-01-05T09:00:00+00:00,Transaction 566,ZW,340.19,512.97,3,0.8876216232105587,0.5886504084059496
597,CUST00312,CUST00312,ACC55008,614.25,deposit,online,2024-01-06T21:00:00+00:00,Transaction 597,ZW,330.6325,512.97,4,1.857802847572456,1.197438446692789
572,CUST00312,CUST00312,ACC10470,818.68,deposit,branch,2024-01-13T05:00:00+00:00,Transaction 572,ZW,387.356,614.25,5,2.113507987484381,1.3328123728123726
577,CUST00312,CUST00312,ACC70280,1258.94,deposit,branch,2024-01-16T06:00:00+00:00,Transaction 577,ZW,459.24333333333334,818.68,6,2.7413353850173836,1.5377681145258222
553,CUST00312,CUST00312,ACC46995,1573.95,deposit,online,2024-01-16T21:00:00+00:00,Transaction 553,ZW,573.4857142857143,1258.94,7,2.7445321841371064,1.2502184377333312
589,CUST00312,CUST00312,ACC23220,280.0,withdraw,branch,2024-01-18T07:00:00+00:00,Transaction 589,ZW,698.5437499999999,1573.95,8,0.4008338776204068,0.177896375361352
591,CUST00312,CUST00312,ACC25335,1759.41,withdraw,online,2024-01-20T00:00:00+00:00,Transaction 591,ZW,652.0388888888888,1573.95,9,2.698320652312831,1.117830934908987
588,CUST00312,CUST00312,ACC20504,960.08,withdraw,mobile,2024-01-21T19:00:00+00:00,Transaction 588,ZW,762.776,1759.41,10,1.2586657157540353,0.5456829277996601
558,CUST00312,CUST00312,ACC55215,1007.81,transfer,mobile,2024-01-22T18:00:00+00:00,Transaction 558,ZW,780.7127272727273,1759.41,11,1.2908845530424413,0.572811340165169
587,CUST00312,CUST00312,ACC42405,667.64,withdraw,branch,2024-01-23T01:00:00+00:00,Transaction 587,ZW,799.6374999999999,1759.41,12,0.8349283268981258,0.3794681171529092
563,CUST00312,CUST00312,ACC46838,100.0,deposit,branch,2024-01-23T19:00:00+00:00,Transaction 563,ZW,789.4838461538461,1759.41,13,0.1266650362603025,0.05683723520953046
590,CUST00312,CUST00312,ACC93479,642.33,withdraw,online,2024-01-28T20:00:00+00:00,Transaction 590,ZW,740.2349999999999,1759.41,14,0.8677379480840546,0.36508261292137706
581,CUST00312,CUST00312,ACC76309,317.26,withdraw,online,2024-01-29T03:00:00+00:00,Transaction 581,ZW,733.708,1759.41,15,0.4324063523908694,0.18032181242575634
569,CUST00312,CUST00312,ACC57733,368.15,deposit,online,2024-01-29T10:00:00+00:00,Transaction 569,ZW,707.68,1759.41,16,0.5202210038435451,0.2092462814238864
586,CUST00312,CUST00312,ACC81329,1095.55,transfer,branch,2024-01-29T20:00:00+00:00,Transaction 586,ZW,687.7076470588235,1759.41,17,1.5930461216847447,0.622680330338011
564,CUST00312,CUST00312,ACC69214,1778.77,deposit,branch,2024-01-31T19:00:00+00:00,Transaction 564,ZW,710.3655555555555,1759.41,18,2.5040206216204806,1.011003688736565
559,CUST00312,CUST00312,ACC40768,1181.95,withdraw,atm,2024-02-05T20:00:00+00:00,Transaction 559,ZW,766.5973684210526,1778.77,19,1.5418132760283827,0.6644760143245052
585,CUST00312,CUST00312,ACC26210,1372.97,deposit,online,2024-02-07T02:00:00+00:00,Transaction 585,ZW,787.365,1778.77,20,1.7437528973220806,0.7718648279429043
570,CUST00312,CUST00312,ACC11261,100.0,withdraw,online,2024-02-08T14:00:00+00:00,Transaction 570,ZW,815.2509523809524,1778.77,21,0.12266161690206988,0.0562186229810487
562,CUST00312,CUST00312,ACC87459,932.36,deposit,branch,2024-02-08T19:00:00+00:00,Transaction 562,ZW,782.7395454545455,1778.77,22,1.1911497322631992,0.5241599532261056
578,CUST00312,CUST00312,ACC47021,1009.57,deposit,online,2024-02-11T15:00:00+00:00,Transaction 578,ZW,789.2447826086957,1778.77,23,1.2791595487816365,0.5675663520297735
557,CUST00312,CUST00312,ACC53737,1375.9,deposit,branch,2024-02-11T18:00:00+00:00,Transaction 557,ZW,798.4249999999998,1778.77,24,1.7232676832514016,0.7735120335962492
592,CUST00312,CUST00312,ACC30120,706.54,deposit,atm,2024-02-13T16:00:00+00:00,Transaction 592,FR,821.5239999999999,1778.77,25,0.8600357384568194,0.3972070588103015
554,CUST00312,CUST00312,ACC97482,514.27,deposit,online,2024-02-13T21:00:00+00:00,Transaction 554,ZW,817.1015384615384,1778.77,26,0.6293832232506646,0.2891155124046392
600,CUST00312,CUST00312,ACC35912,100.0,transfer,branch,2024-02-15T14:00:00+00:00,Transaction 600,NG,805.8855555555556,1778.77,27,0.12408709811291098,0.0562186229810487
552,CUST00312,CUST00312,ACC27594,1285.15,transfer,atm,2024-02-15T18:00:00+00:00,Transaction 552,ZW,780.6753571428571,1778.77,28,1.6462028527497483,0.7224936332409475
575,CUST00312,CUST00312,ACC87660,697.79,transfer,atm,2024-02-17T09:00:00+00:00,Transaction 575,ZW,798.0710344827587,1778.77,29,0.87434572845041,0.3922879292994597
579,CUST00312,CUST00312,ACC47740,935.02,deposit,online,2024-02-18T01:00:00+00:00,Transaction 579,ZW,794.7283333333334,1778.77,30,1.1765278281676967,0.5256553685974016
582,CUST00312,CUST00312,ACC68099,818.3,transfer,online,2024-02-23T15:00:00+00:00,Transaction 582,ZW,799.253870967742,1778.77,31,1.0238298865030164,0.4600369918539215
571,CUST00312,CUST00312,ACC12368,1117.86,transfer,branch,2024-02-24T03:00:00+00:00,Transaction 571,ZW,799.8490625,1778.77,32,1.3975886856778057,0.628445498855951
551,CUST00312,CUST00312,ACC41629,1349.16,transfer,mobile,2024-02-27T21:00:00+00:00,Transaction 551,ZW,809.4857575757576,1778.77,33,1.6666877550019599,0.7584791738111167
593,CUST00312,CUST00312,ACC88800,1287.21,transfer,mobile,2024-03-03T15:00:00+00:00,Transaction 593,ZW,825.3585294117647,1778.77,34,1.559576782852657,0.723651736874357
556,CUST00312,CUST00312,ACC34418,504.34,transfer,online,2024-03-04T19:00:00+00:00,Transaction 556,ZW,838.5542857142857,1778.77,35,0.601439893149434,0.28353300314262103
565,CUST00312,CUST00312,ACC52558,1014.82,transfer,card,2024-03-06T21:00:00+00:00,Transaction 565,ZW,829.2705555555555,1778.77,36,1.2237501900934358,0.5705178297362785
567,CUST00312,CUST00312,ACC94524,2951.77,transfer,atm,2024-03-09T03:00:00+00:00,Transaction 567,ZW,834.2854054054053,1778.77,37,3.5380817893675642,1.6594444475677013
574,CUST00312,CUST00312,ACC72522,1000.62,transfer,atm,2024-03-09T03:00:00+00:00,Transaction 574,ZW,890.0086842105262,2951.77,38,1.124281164613119,0.3389898264431172
596,CUST00312,CUST00312,ACC32574,1026.33,deposit,online,2024-03-13T04:00:00+00:00,Transaction 596,ZW,892.8448717948717,2951.77,39,1.1495053983306027,0.3476998546634731
555,CUST00312,CUST00312,ACC86597,1382.13,deposit,mobile,2024-03-13T21:00:00+00:00,Transaction 555,ZW,896.182,2951.77,40,1.5422425355563938,0.4682377014469285
583,CUST00312,CUST00312,ACC91738,1424.89,deposit,branch,2024-03-14T01:00:00+00:00,Transaction 583,ZW,908.0343902439023,2951.77,41,1.5692026814284732,0.4827239249670537
573,CUST00312,CUST00312,ACC68664,1289.28,transfer,branch,2024-03-15T22:00:00+00:00,Transaction 573,ZW,920.3404761904761,2951.77,42,1.400872865373322,0.4367819985974517
576,CUST00312,CUST00312,ACC44492,100.0,deposit,online,2024-03-18T16:00:00+00:00,Transaction 576,ZW,928.9204651162789,2951.77,43,0.10765184292444495,0.033877978297767106
568,CUST00312,CUST00312,ACC63699,1528.49,withdraw,branch,2024-03-20T19:00:00+00:00,Transaction 568,ZW,910.0813636363636,2951.77,44,1.6795091747541055,0.5178215104835404
560,CUST00312,CUST00312,ACC35011,1140.36,transfer,online,2024-03-20T20:00:00+00:00,Transaction 560,SG,923.8237777777777,2951.77,45,1.2343912631726062,0.3863309133164169
595,CUST00312,CUST00312,ACC41505,794.96,transfer,mobile,2024-03-21T02:00:00+00:00,Transaction 595,ZW,928.5310869565216,2951.77,46,0.8561479644215984,0.26931637627592936
580,CUST00312,CUST00312,ACC12709,660.14,transfer,mobile,2024-03-24T03:00:00+00:00,Transaction 580,ZW,925.68914893617,2951.77,47,0.713133561907529,0.22364208593487975
594,CUST00312,CUST00312,ACC15499,100.0,deposit,atm,2024-03-27T14:00:00+00:00,Transaction 594,ZW,920.156875,2951.77,48,0.108677120952881,0.033877978297767106
599,CUST00312,CUST00312,ACC68027,748.49,deposit,atm,2024-03-29T05:00:00+00:00,Transaction 599,ZW,903.4189795918367,2951.77,49,0.8285081638844545,0.253573279760957
615,CUST00313,CUST00313,ACC49655,432.41,deposit,branch,2024-01-01T19:00:00+00:00,Transaction 615,ZW,432.41,432.41,0,1.0,1.0
602,CUST00313,CUST00313,ACC89751,283.04,withdraw,card,2024-01-02T19:00:00+00:00,Transaction 602,ZW,432.41,432.41,1,0.6545639555051919,0.6545639555051919
646,CUST00313,CUST00313,ACC48169,333.41,withdraw,card,2024-01-09T11:00:00+00:00,Transaction 646,ZW,357.725,432.41,2,0.9320287930673004,0.7710506232510812
622,CUST00313,CUST00313,ACC97334,100.0,transfer,card,2024-01-11T06:00:00+00:00,Transaction 622,IR,349.62000000000006,432.41,3,0.28602482695497966,0.23126199671607964
609,CUST00313,CUST00313,ACC90397,387.12,transfer,atm,2024-01-15T18:00:00+00:00,Transaction 609,ZW,287.21500000000003,432.41,4,1.3478404679421339,0.8952614416872875
616,CUST00313,CUST00313,ACC95868,647.97,withdraw,branch,2024-01-18T22:00:00+00:00,Transaction 616,ZW,307.196,432.41,5,2.1093048086563626,1.4985083601211813
627,CUST00313,CUST00313,ACC95571,691.74,deposit,branch,2024-01-18T22:00:00+00:00,Transaction 627,ZA,363.9916666666666,647.97,6,1.9004281233544726,1.0675494235844252
650,CUST00313,CUST00313,ACC54759,100.0,transfer,branch,2024-01-19T18:00:00+00:00,Transaction 650,ZW,410.81285714285707,691.74,7,0.24341984010793935,0.14456298609304075
635,CUST00313,CUST00313,ACC91148,415.16,deposit,atm,2024-01-20T16:00:00+00:00,Transaction 635,ZW,371.96125000000006,691.74,8,1.1161377697273571,0.600167693063868
618,CUST00313,CUST00313,ACC44613,342.79,withdraw,atm,2024-01-21T18:00:00+00:00,Transaction 618,ZW,376.7611111111112,691.74,9,0.909833817479393,0.4955474600283344
639,CUST00313,CUST00313,ACC74666,1279.66,withdraw,branch,2024-01-24T18:00:00+00:00,Transaction 639,ZW,373.36400000000003,691.74,10,3.4273791795673927,1.8499147078382052
632,CUST00313,CUST00313,ACC71804,1131.94,withdraw,branch,2024-01-27T16:00:00+00:00,Transaction 632,ZW,455.75454545454545,1279.66,11,2.4836614605150302,0.884563087070003
648,CUST00313,CUST00313,ACC88990,100.0,deposit,atm,2024-01-28T05:00:00+00:00,Transaction 648,ZW,512.1033333333334,1279.66,12,0.19527308941554763,0.07814575746682711
608,CUST00313,CUST00313,ACC76466,125.27,transfer,card,2024-01-30T20:00:00+00:00,Transaction 608,ZW,480.4030769230769,1279.66,13,0.26076019496448494,0.09789319037869433
624,CUST00313,CUST00313,ACC48859,237.87,deposit,online,2024-02-03T12:00:00+00:00,Transaction 624,ZW,455.0364285714286,1279.66,14,0.5227493560170222,0.18588531328634167
625,CUST00313,CUST00313,ACC21609,100.0,withdraw,mobile,2024-02-04T22:00:00+00:00,Transaction 625,SS,440.5586666666667,1279.66,15,0.22698452570826738,0.07814575746682711
610,CUST00313,CUST00313,ACC79952,128.69,transfer,card,2024-02-09T18:00:00+00:00,Transaction 610,ZW,419.27375,1279.66,16,0.30693550454804286,0.10056577528405981
649,CUST00313,CUST00313,ACC77195,100.0,deposit,card,2024-02-11T01:00:00+00:00,Transaction 649,BF,402.1805882352941,1279.66,17,0.2486445217030102,0.07814575746682711
643,CUST00313,CUST00313,ACC79830,381.97,withdraw,card,2024-02-16T02:00:00+00:00,Transaction 643,ZW,385.3927777777778,1279.66,18,0.9911187288004879,0.2984933497960396
636,CUST00313,CUST00313,ACC48793,656.71,transfer,card,2024-02-19T04:00:00+00:00,Transaction 636,ZW,385.21263157894737,1279.66,19,1.7047987167715986,0.5131910038604004
603,CUST00313,CUST00313,ACC63129,100.0,transfer,online,2024-02-20T19:00:00+00:00,Transaction 603,ZW,398.7875,1279.66,20,0.2507601166034542,0.07814575746682711
621,CUST00313,CUST00313,ACC10581,100.0,deposit,online,2024-02-23T08:00:00+00:00,Transaction 621,MM,384.5595238095238,1279.66,21,0.2600377673900257,0.07814575746682711
647,CUST00313,CUST00313,ACC42655,487.77,deposit,card,2024-02-23T14:00:00+00:00,Transaction 647,ZW,371.625,1279.66,22,1.3125327951564076,0.38117156119594264
605,CUST00313,CUST00313,ACC14011,667.58,deposit,online,2024-02-24T20:00:00+00:00,Transaction 605,ZW,376.6747826086957,1279.66,23,1.7722980959240584,0.5216854476970445
613,CUST00313,CUST00313,ACC58228,100.0,withdraw,atm,2024-02-24T21:00:00+00:00,Transaction 613,ZW,388.79583333333335,1279.66,24,0.2572044024820225,0.07814575746682711
633,CUST00313,CUST00313,ACC49323,362.53,transfer,online,2024-02-26T09:00:00+00:00,Transaction 633,ZW,377.244,1279.66,25,0.9609960662064869,0.28330181454448833
637,CUST00313,CUST00313,ACC88677,820.33,withdraw,branch,2024-02-28T08:00:00+00:00,Transaction 637,VE,376.67807692307696,1279.66,26,2.177801285121043,0.641053092227623
630,CUST00313,CUST00313,ACC93909,100.0,transfer,online,2024-02-29T17:00:00+00:00,Transaction 630,ZW,393.10962962962964,1279.66,27,0.25438196488398296,0.07814575746682711
640,CUST00313,CUST00313,ACC59650,757.43,transfer,online,2024-03-02T01:00:00+00:00,Transaction 640,ZW,382.6414285714286,1279.66,28,1.9794772427748468,0.5918994107809886
631,CUST00313,CUST00313,ACC65972,100.0,transfer,card,2024-03-03T03:00:00+00:00,Transaction 631,ZW,395.56517241379316,1279.66,29,0.25280284255003094,0.07814575746682711
626,CUST00313,CUST00313,ACC94062,160.3,transfer,mobile,2024-03-04T06:00:00+00:00,Transaction 626,ZW,385.713,1279.66,30,0.4155939779058523,0.12526764921932387
628,CUST00313,CUST00313,ACC77670,100.0,withdraw,card,2024-03-04T18:00:00+00:00,Transaction 628,LR,378.4416129032258,1279.66,31,0.26424155428587015,0.07814575746682711
604,CUST00313,CUST00313,ACC54160,1462.36,transfer,card,2024-03-05T21:00:00+00:00,Transaction 604,ZW,369.7403125,1279.66,32,3.955100243498604,1.142772298891893
620,CUST00313,CUST00313,ACC21948,872.17,transfer,atm,2024-03-06T03:00:00+00:00,Transaction 620,ZA,402.85,1462.36,33,2.1649993794216207,0.5964126480483602
638,CUST00313,CUST00313,ACC62891,939.77,transfer,card,2024-03-08T07:00:00+00:00,Transaction 638,ML,416.65352941176474,1462.36,34,2.2555191151909257,0.6426392953855412
629,CUST00313,CUST00313,ACC24004,151.37,transfer,atm,2024-03-13T01:00:00+00:00,Transaction 629,ZW,431.59971428571436,1462.36,35,0.35071848981761533,0.10351076342350722
634,CUST00313,CUST00313,ACC93226,195.32,transfer,mobile,2024-03-13T16:00:00+00:00,Transaction 634,AF,423.81555555555565,1462.36,36,0.46086085666196497,0.13356492245411528
611,CUST00313,CUST00313,ACC14176,246.63,transfer,branch,2024-03-13T21:00:00+00:00,Transaction 611,ZW,417.64000000000004,1462.36,37,0.5905325160425245,0.16865204190486613
644,CUST00313,CUST00313,ACC93708,100.0,transfer,online,2024-03-13T22:00:00+00:00,Transaction 644,KP,413.1397368421053,1462.36,38,0.2420488543764025,0.0683826144041139
601,CUST00313,CUST00313,ACC73886,100.0,withdraw,branch,2024-03-16T18:00:00+00:00,Transaction 601,ZW,405.11051282051284,1462.36,39,0.24684622303125894,0.0683826144041139
614,CUST00313,CUST00313,ACC65537,306.09,withdraw,online,2024-03-17T21:00:00+00:00,Transaction 614,ZW,397.48275,1462.36,40,0.7700711540312126,0.20931234442955224
645,CUST00313,CUST00313,ACC64467,317.21,withdraw,card,2024-03-18T18:00:00+00:00,Transaction 645,ZW,395.25365853658536,1462.36,41,0.8025479161267232,0.2169164911512897
606,CUST00313,CUST00313,ACC77416,607.33,transfer,card,2024-03-19T18:00:00+00:00,Transaction 606,ZW,393.3954761904762,1462.36,42,1.54381541415067,0.415308132060505
617,CUST00313,CUST00313,ACC24643,351.79,transfer,card,2024-03-21T06:00:00+00:00,Transaction 617,ZW,398.37069767441864,1462.36,43,0.8830719780688082,0.24056319921223232
641,CUST00313,CUST00313,ACC32354,274.84,transfer,online,2024-03-22T00:00:00+00:00,Transaction 641,HT,397.3120454545455,1462.36,44,0.6917484711181329,0.18794277742826662
612,CUST00313,CUST00313,ACC27256,508.78,transfer,online,2024-03-22T18:00:00+00:00,Transaction 612,ZW,394.59044444444453,1462.36,45,1.2893875337410319,0.3479170655652507
619,CUST00313,CUST00313,ACC29822,100.0,transfer,card,2024-03-23T22:00:00+00:00,Transaction 619,KP,397.0728260869566,1462.36,46,0.25184297043308773,0.0683826144041139
607,CUST00313,CUST00313,ACC13816,100.0,transfer,card,2024-03-26T21:00:00+00:00,Transaction 607,ZW,390.7521276595745,1462.36,47,0.25591671272259986,0.0683826144041139
642,CUST00313,CUST00313,ACC30946,144.34,deposit,branch,2024-03-27T16:00:00+00:00,Transaction 642,AF,384.69479166666673,1462.36,48,0.37520653548402816,0.098703465630898
623,CUST00313,CUST00313,ACC22587,311.74,transfer,mobile,2024-03-28T13:00:00+00:00,Transaction 623,IQ,379.78959183673476,1462.36,49,0.8208229153736574,0.2131759621433847
700,CUST00314,CUST00314,ACC20692,7360.59,withdraw,branch,2024-01-04T03:00:00+00:00,Transaction 700,ZW,7360.59,7360.59,0,1.0,1.0
691,CUST00314,CUST00314,ACC34711,2446.04,transfer,mobile,2024-01-04T05:00:00+00:00,Transaction 691,ZW,7360.59,7360.59,1,0.3323157518622828,0.3323157518622828
652,CUST00314,CUST00314,ACC55982,6146.07,withdraw,online,2024-01-04T09:00:00+00:00,Transaction 652,ZW,4903.3150000000005,7360.59,2,1.253452001350107,0.8349969228010254
661,CUST00314,CUST00314,ACC84146,4127.9,transfer,mobile,2024-01-07T10:00:00+00:00,Transaction 661,ZW,5317.566666666667,7360.59,3,0.7762761162687194,0.5608110219425344
657,CUST00314,CUST00314,ACC16252,3548.65,withdraw,mobile,2024-01-07T11:00:00+00:00,Transaction 657,ZW,5020.15,7360.59,4,0.7068812684879935,0.4821148848122229
687,CUST00314,CUST00314,ACC15078,1937.98,deposit,mobile,2024-01-13T05:00:00+00:00,Transaction 687,ZW,4725.85,7360.59,5,0.41008072621856384,0.2632913937605545
692,CUST00314,CUST00314,ACC91651,4235.57,transfer,online,2024-01-14T10:00:00+00:00,Transaction 692,ZW,4261.205,7360.59,6,0.9939840960479488,0.5754389254122292
682,CUST00314,CUST00314,ACC46760,6647.32,transfer,online,2024-01-15T12:00:00+00:00,Transaction 682,ZW,4257.542857142857,7360.59,7,1.5613043069778676,0.9030960833302765
672,CUST00314,CUST00314,ACC66719,2923.42,withdraw,mobile,2024-01-18T05:00:00+00:00,Transaction 672,ZW,4556.264999999999,7360.59,8,0.6416264198855862,0.39717196583426057
656,CUST00314,CUST00314,ACC81040,256.95,withdraw,branch,2024-01-20T09:00:00+00:00,Transaction 656,ZW,4374.837777777777,7360.59,9,0.058733606376261835,0.034908886380032034
697,CUST00314,CUST00314,ACC91889,6144.13,transfer,mobile,2024-01-23T22:00:00+00:00,Transaction 697,ZW,3963.048999999999,7360.59,10,1.5503542852990215,0.8347333569727426
665,CUST00314,CUST00314,ACC24616,4008.65,withdraw,card,2024-01-25T10:00:00+00:00,Transaction 665,ZW,4161.32909090909,7360.59,11,0.963310017647334,0.5446098750236055
673,CUST00314,CUST00314,ACC65079,2120.26,deposit,online,2024-01-25T13:00:00+00:00,Transaction 673,ZW,4148.605833333332,7360.59,12,0.5110777174741638,0.2880557129251867
680,CUST00314,CUST00314,ACC62338,5928.9,transfer,branch,2024-01-26T01:00:00+00:00,Transaction 680,ZW,3992.57923076923,7360.59,13,1.4849799233308412,0.8054924944875342
658,CUST00314,CUST00314,ACC61263,7574.41,transfer,branch,2024-01-26T08:00:00+00:00,Transaction 658,ZW,4130.887857142857,7360.59,14,1.8336033951884783,1.029049301754343
675,CUST00314,CUST00314,ACC87234,1288.16,transfer,mobile,2024-01-31T06:00:00+00:00,Transaction 675,ZW,4360.456,7574.41,15,0.295418644288579,0.17006737158405738
655,CUST00314,CUST00314,ACC18861,5264.3,withdraw,mobile,2024-01-31T11:00:00+00:00,Transaction 655,ZW,4168.4375,7574.41,16,1.262895269510458,0.6950112285973429
669,CUST00314,CUST00314,ACC66417,4525.68,transfer,branch,2024-02-03T00:00:00+00:00,Transaction 669,ZW,4232.900000000001,7574.41,17,1.0691677100805594,0.597496042596057
670,CUST00314,CUST00314,ACC14098,5249.88,transfer,mobile,2024-02-05T12:00:00+00:00,Transaction 670,ZW,4249.165555555556,7574.41,18,1.2355084619228505,0.6931074499531977
679,CUST00314,CUST00314,ACC78463,2321.0,deposit,online,2024-02-08T13:00:00+00:00,Transaction 679,ZW,4301.834736842106,7574.41,19,0.5395372305036062,0.30642650714709135
668,CUST00314,CUST00314,ACC80153,990.78,transfer,branch,2024-02-08T15:00:00+00:00,Transaction 668,ZW,4202.793000000001,7574.41,20,0.23574323075155018,0.13080622781180315
694,CUST00314,CUST00314,ACC47358,4009.74,transfer,mobile,2024-02-11T03:00:00+00:00,Transaction 694,ZW,4049.8400000000006,7574.41,21,0.9900983742567605,0.5293798460870219
671,CUST00314,CUST00314,ACC74861,3176.7,transfer,mobile,2024-02-16T02:00:00+00:00,Transaction 671,ZW,4048.0172727272734,7574.41,22,0.7847545566078475,0.4193990026945993
695,CUST00314,CUST00314,ACC94320,3570.22,withdraw,mobile,2024-02-18T02:00:00+00:00,Transaction 695,ZW,4010.133913043479,7574.41,23,0.8902994457086327,0.47135288425105054
686,CUST00314,CUST00314,ACC73270,5309.3,transfer,mobile,2024-02-18T07:00:00+00:00,Transaction 686,ZW,3991.8041666666663,7574.41,24,1.3300502174768511,0.7009522853925256
674,CUST00314,CUST00314,ACC84647,3546.91,deposit,mobile,2024-02-19T19:00:00+00:00,Transaction 674,ZW,4044.5039999999995,7574.41,25,0.8769703281292343,0.46827541683114593
688,CUST00314,CUST00314,ACC97964,1548.08,deposit,mobile,2024-02-19T21:00:00+00:00,Transaction 688,ZW,4025.365769230769,7574.41,26,0.38458120050437844,0.2043829156330328
666,CUST00314,CUST00314,ACC29293,3324.38,transfer,online,2024-02-25T21:00:00+00:00,Transaction 666,ZW,3933.6144444444444,7574.41,27,0.8451209560446669,0.43889623086154567
678,CUST00314,CUST00314,ACC57345,4753.41,transfer,branch,2024-02-27T00:00:00+00:00,Transaction 678,ZW,3911.8560714285713,7574.41,28,1.2151290623185176,0.6275617506842117
696,CUST00314,CUST00314,ACC88678,396.78,withdraw,online,2024-02-27T04:00:00+00:00,Transaction 696,ZW,3940.8751724137933,7574.41,29,0.10068321949841702,0.05238427811539116
659,CUST00314,CUST00314,ACC61870,2218.68,withdraw,mobile,2024-02-27T08:00:00+00:00,Transaction 659,ZW,3822.7386666666666,7574.41,30,0.580390184489026,0.2929178642296892
689,CUST00314,CUST00314,ACC51354,3763.99,transfer,online,2024-02-27T11:00:00+00:00,Transaction 689,ZW,3770.9948387096774,7574.41,31,0.9981424427745771,0.4969350748111074
683,CUST00314,CUST00314,ACC37674,3756.43,withdraw,online,2024-02-29T06:00:00+00:00,Transaction 683,ZW,3770.7759375000005,7574.41,32,0.9961954945778316,0.4959369772695167
653,CUST00314,CUST00314,ACC57136,6008.97,withdraw,branch,2024-03-01T11:00:00+00:00,Transaction 653,ZW,3770.3412121212123,7574.41,33,1.5937470011154042,0.79332515667887
699,CUST00314,CUST00314,ACC63315,4823.85,withdraw,card,2024-03-01T17:00:00+00:00,Transaction 699,ZW,3836.183235294118,7574.41,34,1.257460789573092,0.6368614849209377
693,CUST00314,CUST00314,ACC22553,3482.72,withdraw,card,2024-03-05T17:00:00+00:00,Transaction 693,ZW,3864.4022857142863,7574.41,35,0.9012312234869364,0.4598008293715286
698,CUST00314,CUST00314,ACC71622,7906.15,withdraw,mobile,2024-03-08T13:00:00+00:00,Transaction 698,ZW,3853.8000000000006,7574.41,36,2.0515205770927394,1.0437974706940871
684,CUST00314,CUST00314,ACC51656,7404.46,withdraw,mobile,2024-03-11T02:00:00+00:00,Transaction 684,ZW,3963.3229729729733,7906.15,37,1.8682454219585733,0.9365443357386339
685,CUST00314,CUST00314,ACC96979,852.23,transfer,mobile,2024-03-13T15:00:00+00:00,Transaction 685,ZW,4053.879210526316,7906.15,38,0.21022579996638696,0.10779330015241301
690,CUST00314,CUST00314,ACC48771,7230.42,deposit,mobile,2024-03-13T18:00:00+00:00,Transaction 690,ZW,3971.7856410256413,7906.15,39,1.8204456769557371,0.9145310928833883
677,CUST00314,CUST00314,ACC94996,3732.31,transfer,mobile,2024-03-17T13:00:00+00:00,Transaction 677,ZW,4053.2515,7906.15,40,0.9208187550168057,0.4720768009713957
667,CUST00314,CUST00314,ACC90587,3628.13,withdraw,online,2024-03-19T09:00:00+00:00,Transaction 667,ZW,4045.423658536585,7906.15,41,0.8968479710014997,0.45889971730867746
651,CUST00314,CUST00314,ACC75571,4195.01,deposit,mobile,2024-03-21T11:00:00+00:00,Transaction 651,ZW,4035.4880952380954,7906.15,42,1.0395297671550914,0.5306008613547681
660,CUST00314,CUST00314,ACC36220,4185.11,transfer,online,2024-03-23T08:00:00+00:00,Transaction 660,ZW,4039.1979069767444,7906.15,43,1.036124026696297,0.5293486716037515
681,CUST00314,CUST00314,ACC26893,811.1,deposit,online,2024-03-26T17:00:00+00:00,Transaction 681,NG,4042.514090909091,7906.15,44,0.2006424669796507,0.10259102091409852
664,CUST00314,CUST00314,ACC82894,6541.66,transfer,mobile,2024-03-27T08:00:00+00:00,Transaction 664,ZW,3970.704888888889,7906.15,45,1.6474807831489422,0.8274141016803375
676,CUST00314,CUST00314,ACC87510,424.43,transfer,branch,2024-03-28T03:00:00+00:00,Transaction 676,ZW,4026.5952173913042,7906.15,46,0.10540667166315613,0.05368352485090721
654,CUST00314,CUST00314,ACC50293,6038.42,transfer,online,2024-03-28T11:00:00+00:00,Transaction 654,ZW,3949.953404255319,7906.15,47,1.528731957570628,0.7637623875084586
662,CUST00314,CUST00314,ACC38398,4650.05,transfer,branch,2024-03-29T11:00:00+00:00,Transaction 662,ZW,3993.4631249999998,7906.15,48,1.1644154094949857,0.5881560557287682
663,CUST00314,CUST00314,ACC45003,3671.87,transfer,mobile,2024-03-30T11:00:00+00:00,Transaction 663,ZW,4006.8628571428567,7906.15,49,0.9163952276166178,0.46443211929953265
725,CUST00315,CUST00315,ACC81444,100.0,transfer,online,2024-01-01T12:00:00+00:00,Transaction 725,ZW,100.0,100.0,0,1.0,1.0
710,CUST00315,CUST00315,ACC33634,1408.57,transfer,atm,2024-01-01T19:00:00+00:00,Transaction 710,ZW,100.0,100.0,1,14.0857,14.0857
743,CUST00315,CUST00315,ACC46476,100.0,withdraw,branch,2024-01-04T10:00:00+00:00,Transaction 743,ZW,754.285,1408.57,2,0.13257588312110144,0.07099398680931725
740,CUST00315,CUST00315,ACC94063,4682.27,transfer,online,2024-01-07T06:00:00+00:00,Transaction 740,ZW,536.1899999999999,1408.57,3,8.732482888528322,3.3241301461766195
716,CUST00315,CUST00315,ACC56209,1081.62,transfer,online,2024-01-09T22:00:00+00:00,Transaction 716,ZW,1572.71,4682.27,4,0.6877428133603779,0.23100333812445667
734,CUST00315,CUST00315,ACC57037,6764.79,withdraw,mobile,2024-01-11T03:00:00+00:00,Transaction 734,ZW,1474.492,4682.27,5,4.587878401510486,1.444767174895937
713,CUST00315,CUST00315,ACC21015,4601.27,deposit,online,2024-01-11T19:00:00+00:00,Transaction 713,ZW,2356.2083333333335,6764.79,6,1.9528281667226655,0.6801792812489376
701,CUST00315,CUST00315,ACC11901,100.0,transfer,online,2024-01-13T19:00:00+00:00,Transaction 701,ZW,2676.9314285714286,6764.79,7,0.03735620529262717,0.01478242487941237
709,CUST00315,CUST00315,ACC15547,100.0,transfer,atm,2024-01-15T21:00:00+00:00,Transaction 709,ZW,2354.815,6764.79,8,0.04246618099511002,0.01478242487941237
745,CUST00315,CUST00315,ACC63301,7040.49,transfer,mobile,2024-01-16T01:00:00+00:00,Transaction 745,ZW,2104.28,6764.79,9,3.3457952363753867,1.0407551453925399
715,CUST00315,CUST00315,ACC41239,221.81,transfer,online,2024-01-17T21:00:00+00:00,Transaction 715,ZW,2597.9010000000003,7040.49,10,0.085380466769134,0.03150490945942683
706,CUST00315,CUST00315,ACC72141,100.0,transfer,mobile,2024-01-20T20:00:00+00:00,Transaction 706,ZW,2381.8927272727274,7040.49,11,0.04198341883956303,0.014203556854707556
705,CUST00315,CUST00315,ACC53207,2838.65,deposit,online,2024-01-20T21:00:00+00:00,Transaction 705,ZW,2191.735,7040.49,12,1.295161139462572,0.40318926665615606
747,CUST00315,CUST00315,ACC54563,100.0,deposit,mobile,2024-01-22T09:00:00+00:00,Transaction 747,ZW,2241.497692307693,7040.49,13,0.04461302830833916,0.014203556854707556
737,CUST00315,CUST00315,ACC41899,5667.45,transfer,online,2024-01-26T12:00:00+00:00,Transaction 737,ZW,2088.5335714285716,7040.49,14,2.7136025379392987,0.8049794829621234
738,CUST00315,CUST00315,ACC84894,100.0,deposit,atm,2024-01-29T00:00:00+00:00,Transaction 738,ZW,2327.128,7040.49,15,0.042971422285323364,0.014203556854707556
717,CUST00315,CUST00315,ACC18056,100.0,withdraw,branch,2024-01-30T09:00:00+00:00,Transaction 717,ZW,2187.9325,7040.49,16,0.04570524913359987,0.014203556854707556
722,CUST00315,CUST00315,ACC44089,100.0,withdraw,atm,2024-02-03T17:00:00+00:00,Transaction 722,ZW,2065.1129411764705,7040.49,17,0.048423501691404434,0.014203556854707556
731,CUST00315,CUST00315,ACC85259,100.0,withdraw,online,2024-02-05T03:00:00+00:00,Transaction 731,ZW,1955.9399999999998,7040.49,18,0.05112631266807776,0.014203556854707556
729,CUST00315,CUST00315,ACC95851,100.0,deposit,branch,2024-02-06T05:00:00+00:00,Transaction 729,ZW,1858.2589473684209,7040.49,19,0.05381381326946673,0.014203556854707556
702,CUST00315,CUST00315,ACC62838,373.51,transfer,branch,2024-02-07T20:00:00+00:00,Transaction 702,ZW,1770.346,7040.49,20,0.21098135618686967,0.05305170520801819
707,CUST00315,CUST00315,ACC79530,100.0,transfer,mobile,2024-02-11T19:00:00+00:00,Transaction 707,ZW,1703.83,7040.49,21,0.058691301362225105,0.014203556854707556
750,CUST00315,CUST00315,ACC14470,9192.8,transfer,online,2024-02-12T21:00:00+00:00,Transaction 750,ZW,1630.9286363636363,7040.49,22,5.636543374758887,1.3057045745395561
739,CUST00315,CUST00315,ACC93229,100.0,transfer,online,2024-02-13T05:00:00+00:00,Transaction 739,ZW,1959.7056521739128,9192.8,23,0.051028071429538115,0.01087807849621443
723,CUST00315,CUST00315,ACC19323,100.0,deposit,atm,2024-02-13T14:00:00+00:00,Transaction 723,ZW,1882.2179166666665,9192.8,24,0.053128811023697,0.01087807849621443
719,CUST00315,CUST00315,ACC38255,100.0,withdraw,online,2024-02-16T13:00:00+00:00,Transaction 719,ZW,1810.9291999999998,9192.8,25,0.05522027034519075,0.01087807849621443
720,CUST00315,CUST00315,ACC46653,8126.08,transfer,card,2024-02-17T02:00:00+00:00,Transaction 720,ZW,1745.1242307692305,9192.8,26,4.656447865845125,0.8839613610651815
733,CUST00315,CUST00315,ACC60400,3966.28,transfer,online,2024-02-17T20:00:00+00:00,Transaction 733,ZW,1981.4559259259258,9192.8,27,2.001699835007218,0.4314550517796537
718,CUST00315,CUST00315,ACC74664,100.0,withdraw,online,2024-02-19T12:00:00+00:00,Transaction 718,ZW,2052.3424999999997,9192.8,28,0.04872481079546909,0.01087807849621443
708,CUST00315,CUST00315,ACC69184,266.25,deposit,atm,2024-02-19T18:00:00+00:00,Transaction 708,ZW,1985.020344827586,9192.8,29,0.1341296076353947,0.02896288399617092
714,CUST00315,CUST00315,ACC18989,2967.67,transfer,online,2024-02-19T18:00:00+00:00,Transaction 714,ZW,1927.7279999999998,9192.8,30,1.53946511126051,0.3228254721086068
736,CUST00315,CUST00315,ACC60704,1732.39,deposit,mobile,2024-02-23T14:00:00+00:00,Transaction 736,ZW,1961.274516129032,9192.8,31,0.8832980726324934,0.18845074406056916
704,CUST00315,CUST00315,ACC69962,100.0,transfer,mobile,2024-02-23T20:00:00+00:00,Transaction 704,ZW,1954.121875,9192.8,32,0.05117388085121354,0.01087807849621443
727,CUST00315,CUST00315,ACC43282,5362.89,deposit,card,2024-02-26T14:00:00+00:00,Transaction 727,ZW,1897.9363636363637,9192.8,33,2.825642683680361,0.583379383865634
746,CUST00315,CUST00315,ACC57819,4730.21,transfer,branch,2024-02-28T19:00:00+00:00,Transaction 746,ZW,1999.8467647058826,9192.8,34,2.365286222665001,0.5145559568357846
742,CUST00315,CUST00315,ACC79521,5657.33,withdraw,online,2024-03-01T04:00:00+00:00,Transaction 742,ZW,2077.857142857143,9192.8,35,2.7226751460983154,0.6154087981898878
744,CUST00315,CUST00315,ACC25376,100.0,transfer,mobile,2024-03-02T16:00:00+00:00,Transaction 744,ZW,2177.286944444445,9192.8,36,0.04592871888345242,0.01087807849621443
749,CUST00315,CUST00315,ACC98866,2047.02,deposit,online,2024-03-04T22:00:00+00:00,Transaction 749,ZW,2121.1440540540543,9192.8,37,0.9650546817353662,0.2226764424332086
724,CUST00315,CUST00315,ACC50208,100.0,transfer,online,2024-03-07T17:00:00+00:00,Transaction 724,ZW,2119.193421052632,9192.8,38,0.0471877644610319,0.01087807849621443
748,CUST00315,CUST00315,ACC87255,3586.3,withdraw,mobile,2024-03-08T18:00:00+00:00,Transaction 748,ZW,2067.4192307692315,9192.8,39,1.7346747803374325,0.3901205291097381
732,CUST00315,CUST00315,ACC11241,5002.57,transfer,online,2024-03-10T04:00:00+00:00,Transaction 732,ZW,2105.3912499999997,9192.8,40,2.376076180614886,0.5441834914280742
711,CUST00315,CUST00315,ACC15784,6716.51,transfer,online,2024-03-11T18:00:00+00:00,Transaction 711,ZW,2176.0541463414634,9192.8,41,3.086554629760603,0.7306272300060918
712,CUST00315,CUST00315,ACC32901,100.0,transfer,mobile,2024-03-15T21:00:00+00:00,Transaction 712,ZW,2284.160238095238,9192.8,42,0.043779765680270324,0.01087807849621443
703,CUST00315,CUST00315,ACC42952,1141.0,withdraw,branch,2024-03-16T20:00:00+00:00,Transaction 703,ZW,2233.365813953488,9192.8,43,0.5108880922557912,0.12411887564180664
730,CUST00315,CUST00315,ACC59003,6568.3,withdraw,online,2024-03-18T04:00:00+00:00,Transaction 730,ZW,2208.539318181818,9192.8,44,2.974047120613347,0.7145048298668524
726,CUST00315,CUST00315,ACC94517,10394.67,deposit,online,2024-03-18T20:00:00+00:00,Transaction 726,ZW,2305.422888888889,9192.8,45,4.508791011877985,1.1307403620224525
721,CUST00315,CUST00315,ACC66881,7099.46,withdraw,mobile,2024-03-18T21:00:00+00:00,Transaction 721,ZW,2481.276086956522,10394.67,46,2.861213243185703,0.6829904172042017
735,CUST00315,CUST00315,ACC85845,7618.97,transfer,online,2024-03-19T11:00:00+00:00,Transaction 735,ZW,2579.535319148936,10394.67,47,2.9536211206108702,0.7329689158001168
741,CUST00315,CUST00315,ACC36891,3584.54,deposit,mobile,2024-03-25T10:00:00+00:00,Transaction 741,ZW,2684.5235416666665,10394.67,48,1.3352611531857028,0.34484404026294246
728,CUST00315,CUST00315,ACC54608,20072.88,transfer,online,2024-03-30T02:00:00+00:00,Transaction 728,ZW,2702.8912244897956,10394.67,49,7.4264475825470955,1.9310742909587317
790,CUST00316,CUST00316,ACC57359,4841.08,transfer,card,2024-01-01T14:00:00+00:00,Transaction 790,ZW,4841.08,4841.08,0,1.0,1.0
770,CUST00316,CUST00316,ACC24286,2628.78,deposit,atm,2024-01-01T16:00:00+00:00,Transaction 770,ZW,4841.08,4841.08,1,0.5430151949564973,0.5430151949564973
757,CUST00316,CUST00316,ACC30263,1834.93,withdraw,card,2024-01-01T21:00:00+00:00,Transaction 757,ZW,3734.9300000000003,4841.08,2,0.4912889933680149,0.37903319094086446
799,CUST00316,CUST00316,ACC56544,5434.19,transfer,mobile,2024-01-04T11:00:00+00:00,Transaction 799,ZW,3101.596666666667,4841.08,3,1.7520621099455225,1.1225160501375726
760,CUST00316,CUST00316,ACC75334,2480.17,transfer,online,2024-01-04T20:00:00+00:00,Transaction 760,ZW,3684.745,5434.19,4,0.6730913536757632,0.4564010459700526
756,CUST00316,CUST00316,ACC29640,308.91,transfer,mobile,2024-01-04T21:00:00+00:00,Transaction 756,ZW,3443.8300000000004,5434.19,5,0.0896995496293371,0.056845638448416426
794,CUST00316,CUST00316,ACC55268,868.6,deposit,branch,2024-01-05T05:00:00+00:00,Transaction 794,ZW,2921.3433333333337,5434.19,6,0.2973289685224719,0.15983982893494708
776,CUST00316,CUST00316,ACC18999,100.0,withdraw,mobile,2024-01-05T21:00:00+00:00,Transaction 776,ZW,2628.094285714286,5434.19,7,0.038050385232971634,0.018402006554794736
781,CUST00316,CUST00316,ACC40644,2573.86,withdraw,branch,2024-01-06T13:00:00+00:00,Transaction 781,ZW,2312.0825,5434.19,8,1.113221522155892,0.47364188591123985
793,CUST00316,CUST00316,ACC39585,100.0,deposit,mobile,2024-01-09T01:00:00+00:00,Transaction 793,ZW,2341.168888888889,5434.19,9,0.04271370616387256,0.018402006554794736
763,CUST00316,CUST00316,ACC49172,2615.37,transfer,mobile,2024-01-10T18:00:00+00:00,Transaction 763,ZW,2117.052,5434.19,10,1.2353829759495751,0.48128055883213505
797,CUST00316,CUST00316,ACC78713,3353.1,deposit,branch,2024-01-12T19:00:00+00:00,Transaction 797,ZW,2162.3536363636363,5434.19,11,1.5506714274723377,0.6170376817888222
778,CUST00316,CUST00316,ACC54909,864.54,withdraw,online,2024-01-13T04:00:00+00:00,Transaction 778,ZW,2261.5825,5434.19,12,0.38227214793181324,0.1590927074688224
787,CUST00316,CUST00316,ACC18175,100.0,withdraw,mobile,2024-01-16T21:00:00+00:00,Transaction 787,ZW,2154.1176923076923,5434.19,13,0.04642271885008783,0.018402006554794736
783,CUST00316,CUST00316,ACC18952,1512.2,withdraw,mobile,2024-01-19T07:00:00+00:00,Transaction 783,ZW,2007.395,5434.19,14,0.7533146191955246,0.278275143121606
769,CUST00316,CUST00316,ACC45344,100.0,transfer,atm,2024-01-20T14:00:00+00:00,Transaction 769,ZW,1974.382,5434.19,15,0.05064875996640974,0.018402006554794736
777,CUST00316,CUST00316,ACC80840,3503.87,transfer,branch,2024-01-23T13:00:00+00:00,Transaction 777,ZW,1857.2331250000002,5434.19,16,1.8866075307589614,0.6447823870714863
786,CUST00316,CUST00316,ACC64805,1544.01,withdraw,mobile,2024-01-25T01:00:00+00:00,Transaction 786,ZW,1954.0941176470592,5434.19,17,0.7901410613011594,0.2841288214066862
792,CUST00316,CUST00316,ACC54141,6450.26,transfer,atm,2024-01-25T02:00:00+00:00,Transaction 792,ZW,1931.3116666666672,5434.19,18,3.3398338089743835,1.186977268001303
800,CUST00316,CUST00316,ACC45686,222.61,deposit,mobile,2024-01-31T19:00:00+00:00,Transaction 800,ZW,2169.1510526315797,6450.26,19,0.10262540256471908,0.03451178712175943
784,CUST00316,CUST00316,ACC79176,1700.17,withdraw,card,2024-02-05T22:00:00+00:00,Transaction 784,ZW,2071.8240000000005,6450.26,20,0.820615071550479,0.263581623066357
772,CUST00316,CUST00316,ACC43336,2637.07,deposit,online,2024-02-06T06:00:00+00:00,Transaction 772,ZW,2054.126190476191,6450.26,21,1.2837916249871046,0.4088315819827418
758,CUST00316,CUST00316,ACC50113,100.0,transfer,card,2024-02-06T18:00:00+00:00,Transaction 758,ZW,2080.6236363636367,6450.26,22,0.04806251272564257,0.015503251031741355
759,CUST00316,CUST00316,ACC69105,1993.99,transfer,card,2024-02-08T19:00:00+00:00,Transaction 759,ZW,1994.5095652173916,6450.26,23,0.999739502268401,0.3091332752478195
791,CUST00316,CUST00316,ACC30410,100.0,transfer,online,2024-02-12T20:00:00+00:00,Transaction 791,ZW,1994.4879166666667,6450.26,24,0.05013818292122184,0.015503251031741355
752,CUST00316,CUST00316,ACC40158,100.0,withdraw,mobile,2024-02-13T21:00:00+00:00,Transaction 752,ZW,1918.7084,6450.26,25,0.052118393811170054,0.015503251031741355
764,CUST00316,CUST00316,ACC13808,3530.3,transfer,atm,2024-02-14T19:00:00+00:00,Transaction 764,ZW,1848.758076923077,6450.26,26,1.909552171301691,0.5473112711735652
762,CUST00316,CUST00316,ACC79342,100.0,deposit,card,2024-02-22T19:00:00+00:00,Transaction 762,ZW,1911.0374074074075,6450.26,27,0.05232759945587048,0.015503251031741355
774,CUST00316,CUST00316,ACC20974,1505.77,transfer,online,2024-02-24T16:00:00+00:00,Transaction 774,ZW,1846.3575,6450.26,28,0.8155354529120172,0.2334433030606518
767,CUST00316,CUST00316,ACC98639,100.0,deposit,online,2024-02-25T02:00:00+00:00,Transaction 767,ZW,1834.6131034482758,6450.26,29,0.054507405300901556,0.015503251031741355
766,CUST00316,CUST00316,ACC82022,2783.82,deposit,mobile,2024-02-25T07:00:00+00:00,Transaction 766,ZW,1776.7926666666667,6450.26,30,1.566766934727706,0.4315826028718222
785,CUST00316,CUST00316,ACC68199,868.98,transfer,card,2024-02-26T17:00:00+00:00,Transaction 785,ZW,1809.2774193548387,6450.26,31,0.4802911873569203,0.13472015081562602
779,CUST00316,CUST00316,ACC60450,100.0,deposit,mobile,2024-02-28T04:00:00+00:00,Transaction 779,ZW,1779.893125,6450.26,32,0.056183148637084596,0.015503251031741355
768,CUST00316,CUST00316,ACC63252,593.02,deposit,online,2024-03-07T16:00:00+00:00,Transaction 768,ZW,1728.9872727272727,6450.26,33,0.34298690878422783,0.09193737926843258
751,CUST00316,CUST00316,ACC50969,974.65,deposit,branch,2024-03-08T21:00:00+00:00,Transaction 751,ZW,1695.5764705882352,6450.26,34,0.574819252865588,0.1511024361808671
795,CUST00316,CUST00316,ACC69907,100.0,deposit,card,2024-03-12T18:00:00+00:00,Transaction 795,ZW,1674.9785714285715,6450.26,35,0.05970225631884416,0.015503251031741355
773,CUST00316,CUST00316,ACC76328,550.11,transfer,mobile,2024-03-13T03:00:00+00:00,Transaction 773,ZW,1631.2291666666667,6450.26,36,0.33723649088749535,0.08528493425071237
753,CUST00316,CUST00316,ACC41965,100.0,deposit,atm,2024-03-14T20:00:00+00:00,Transaction 753,ZW,1602.0097297297298,6450.26,37,0.06242159341745739,0.015503251031741355
755,CUST00316,CUST00316,ACC12536,599.97,withdraw,mobile,2024-03-14T20:00:00+00:00,Transaction 755,ZW,1562.483157894737,6450.26,38,0.38398493895344726,0.09301485521513861
782,CUST00316,CUST00316,ACC51721,100.0,transfer,card,2024-03-19T10:00:00+00:00,Transaction 782,ZW,1537.8033333333333,6450.26,39,0.06502782106944754,0.015503251031741355
796,CUST00316,CUST00316,ACC52836,1519.37,deposit,mobile,2024-03-20T05:00:00+00:00,Transaction 796,ZW,1501.85825,6450.26,40,1.01166005513503,0.2355517452009686
780,CUST00316,CUST00316,ACC87481,1698.95,deposit,card,2024-03-21T12:00:00+00:00,Transaction 780,ZW,1502.2853658536587,6450.26,41,1.1309103041382478,0.26339248340376975
761,CUST00316,CUST00316,ACC87445,100.0,transfer,branch,2024-03-21T20:00:00+00:00,Transaction 761,ZW,1506.9678571428572,6450.26,42,0.0663584160246095,0.015503251031741355
771,CUST00316,CUST00316,ACC47836,674.21,deposit,atm,2024-03-22T05:00:00+00:00,Transaction 771,ZW,1474.2476744186047,6450.26,43,0.4573247844978874,0.1045244687811034
789,CUST00316,CUST00316,ACC58734,3110.2,transfer,branch,2024-03-24T06:00:00+00:00,Transaction 789,ZW,1456.065,6450.26,44,2.1360310150989137,0.48218211358921964
754,CUST00316,CUST00316,ACC48145,1312.07,transfer,branch,2024-03-24T18:00:00+00:00,Transaction 754,ZW,1492.8235555555555,6450.26,45,0.8789183390877779,0.2034135058121688
775,CUST00316,CUST00316,ACC40286,1121.11,deposit,mobile,2024-03-25T08:00:00+00:00,Transaction 775,ZW,1488.8941304347827,6450.26,46,0.7529816775304343,0.1738084976419555
788,CUST00316,CUST00316,ACC82576,100.0,withdraw,card,2024-03-26T15:00:00+00:00,Transaction 788,ZW,1481.068936170213,6450.26,47,0.06751880183145467,0.015503251031741355
765,CUST00316,CUST00316,ACC91832,665.63,transfer,online,2024-03-28T19:00:00+00:00,Transaction 765,ZW,1452.2966666666664,6450.26,48,0.45832922107282953,0.10319428984257999
798,CUST00316,CUST00316,ACC61406,2022.27,withdraw,online,2024-03-30T09:00:00+00:00,Transaction 798,ZW,1436.2422448979592,6450.26,49,1.4080284904470808,0.3135175946395959
841,CUST00317,CUST00317,ACC38764,8548.81,withdraw,atm,2024-01-01T20:00:00+00:00,Transaction 841,ZW,8548.81,8548.81,0,1.0,1.0
828,CUST00317,CUST00317,ACC95228,8840.59,transfer,online,2024-01-04T12:00:00+00:00,Transaction 828,ZW,8548.81,8548.81,1,1.0341310661951781,1.0341310661951781
834,CUST00317,CUST00317,ACC19635,9443.95,withdraw,mobile,2024-01-05T22:00:00+00:00,Transaction 834,ZW,8694.7,8840.59,2,1.086173185963863,1.0682488385956141
816,CUST00317,CUST00317,ACC71400,100.0,withdraw,online,2024-01-08T04:00:00+00:00,Transaction 816,ZW,8944.45,9443.95,3,0.01118011727943026,0.010588789648399238
833,CUST00317,CUST00317,ACC51035,100.0,withdraw,branch,2024-01-14T00:00:00+00:00,Transaction 833,ZW,6733.337500000001,9443.95,4,0.014851475958245075,0.010588789648399238
840,CUST00317,CUST00317,ACC47049,100.0,withdraw,mobile,2024-01-14T16:00:00+00:00,Transaction 840,ZW,5406.67,9443.95,5,0.018495672937316316,0.010588789648399238
839,CUST00317,CUST00317,ACC10289,9294.25,transfer,online,2024-01-16T05:00:00+00:00,Transaction 839,ZW,4522.225,9443.95,6,2.0552382953081723,0.9841485818963462
810,CUST00317,CUST00317,ACC48849,100.0,transfer,branch,2024-01-17T10:00:00+00:00,Transaction 810,SG,5203.942857142858,9443.95,7,0.019216198706475306,0.010588789648399238
837,CUST00317,CUST00317,ACC27003,9770.62,deposit,online,2024-01-18T07:00:00+00:00,Transaction 837,ZW,4565.950000000001,9443.95,8,2.1398876466014736,1.0345903991444259
819,CUST00317,CUST00317,ACC60252,128.71,withdraw,mobile,2024-01-19T21:00:00+00:00,Transaction 819,ZW,5144.246666666668,9770.62,9,0.025020184361299415,0.013173166083626217
827,CUST00317,CUST00317,ACC87908,9771.98,transfer,mobile,2024-01-23T07:00:00+00:00,Transaction 827,ZW,4642.693000000001,9770.62,10,2.1048085669244117,1.0001391928045507
808,CUST00317,CUST00317,ACC40921,100.0,transfer,mobile,2024-01-24T08:00:00+00:00,Transaction 808,ZW,5108.991818181818,9771.98,11,0.019573333361803634,0.010233340633116319
832,CUST00317,CUST00317,ACC41734,100.0,withdraw,branch,2024-01-26T22:00:00+00:00,Transaction 832,ZW,4691.575833333333,9771.98,12,0.021314799878008297,0.010233340633116319
822,CUST00317,CUST00317,ACC74265,9131.88,transfer,card,2024-01-27T20:00:00+00:00,Transaction 822,ZW,4338.377692307693,9771.98,13,2.104906637380048,0.9344963866074224
811,CUST00317,CUST00317,ACC96983,100.0,withdraw,card,2024-01-28T19:00:00+00:00,Transaction 811,ZW,4680.770714285714,9771.98,14,0.021364003089234848,0.010233340633116319
831,CUST00317,CUST00317,ACC66174,116.12,withdraw,atm,2024-01-29T20:00:00+00:00,Transaction 831,ZW,4375.386,9771.98,15,0.02653937275476952,0.01188295514317467
846,CUST00317,CUST00317,ACC86244,100.0,withdraw,online,2024-02-02T02:00:00+00:00,Transaction 846,FR,4109.181875,9771.98,16,0.024335744447913976,0.010233340633116319
847,CUST00317,CUST00317,ACC98405,100.0,transfer,mobile,2024-02-02T05:00:00+00:00,Transaction 847,ZW,3873.347647058824,9771.98,17,0.025817460530797875,0.010233340633116319
803,CUST00317,CUST00317,ACC37617,106.76,deposit,card,2024-02-03T10:00:00+00:00,Transaction 803,ZW,3663.7172222222225,9771.98,18,0.02913980351770841,0.010925114459914982
805,CUST00317,CUST00317,ACC45611,118.25,transfer,mobile,2024-02-03T14:00:00+00:00,Transaction 805,ZW,3476.508947368421,9771.98,19,0.03401400709453389,0.012100925298660047
820,CUST00317,CUST00317,ACC75506,9930.63,deposit,online,2024-02-04T17:00:00+00:00,Transaction 820,ZW,3308.596,9771.98,20,3.0014634606340573,1.016235194914439
836,CUST00317,CUST00317,ACC29842,100.0,deposit,atm,2024-02-05T22:00:00+00:00,Transaction 836,VE,3623.9309523809525,9930.63,21,0.027594344736148788,0.010069854581229993
818,CUST00317,CUST00317,ACC46468,100.0,withdraw,branch,2024-02-08T07:00:00+00:00,Transaction 818,ZW,3463.752272727273,9930.63,22,0.02887042493984781,0.010069854581229993
844,CUST00317,CUST00317,ACC93583,8667.61,withdraw,mobile,2024-02-09T05:00:00+00:00,Transaction 844,AU,3317.5021739130434,9930.63,23,2.6126915810808424,0.8728157226681491
826,CUST00317,CUST00317,ACC23693,100.0,deposit,branch,2024-02-09T11:00:00+00:00,Transaction 826,ZW,3540.4233333333336,9930.63,24,0.028245209847786563,0.010069854581229993
825,CUST00317,CUST00317,ACC98584,100.0,withdraw,atm,2024-02-09T22:00:00+00:00,Transaction 825,ZW,3402.8064,9930.63,25,0.02938750791111713,0.010069854581229993
850,CUST00317,CUST00317,ACC27998,100.0,transfer,online,2024-02-10T02:00:00+00:00,Transaction 850,KE,3275.7753846153846,9930.63,26,0.030527123584128527,0.010069854581229993
804,CUST00317,CUST00317,ACC71686,100.0,withdraw,atm,2024-02-10T13:00:00+00:00,Transaction 804,ZW,3158.1540740740743,9930.63,27,0.03166406630408574,0.010069854581229993
806,CUST00317,CUST00317,ACC56553,100.0,withdraw,branch,2024-02-11T04:00:00+00:00,Transaction 806,ZW,3048.934285714286,9930.63,28,0.03279834546403567,0.010069854581229993
814,CUST00317,CUST00317,ACC51508,100.0,deposit,atm,2024-02-26T06:00:00+00:00,Transaction 814,ZW,2947.246896551724,9930.63,29,0.0339299704130658,0.010069854581229993
812,CUST00317,CUST00317,ACC84056,100.0,deposit,atm,2024-02-29T02:00:00+00:00,Transaction 812,ZW,2852.338666666667,9930.63,30,0.035058950456561024,0.010069854581229993
830,CUST00317,CUST00317,ACC51390,9059.57,deposit,atm,2024-02-29T14:00:00+00:00,Transaction 830,ZW,2763.5535483870967,9930.63,31,3.2782321172272817,0.9122855246847381
845,CUST00317,CUST00317,ACC22776,100.0,withdraw,online,2024-02-29T20:00:00+00:00,Transaction 845,AF,2960.3040625,9930.63,32,0.03378031374099768,0.010069854581229993
815,CUST00317,CUST00317,ACC51916,100.0,withdraw,online,2024-03-02T15:00:00+00:00,Transaction 815,ZW,2873.6281818181815,9930.63,33,0.03479921328469458,0.010069854581229993
813,CUST00317,CUST00317,ACC39724,100.0,transfer,branch,2024-03-03T17:00:00+00:00,Transaction 813,ZW,2792.0508823529412,9930.63,34,0.03581596618888519,0.010069854581229993
849,CUST00317,CUST00317,ACC43824,8623.8,deposit,atm,2024-03-04T07:00:00+00:00,Transaction 849,ZW,2715.135142857143,9930.63,35,3.176195491663503,0.8684041193761121
835,CUST00317,CUST00317,ACC67107,100.0,deposit,card,2024-03-04T15:00:00+00:00,Transaction 835,ZW,2879.264722222222,9930.63,36,0.03473108923545585,0.010069854581229993
838,CUST00317,CUST00317,ACC36427,9065.69,withdraw,atm,2024-03-04T20:00:00+00:00,Transaction 838,ZW,2804.1494594594596,9930.63,37,3.2329553510131173,0.9129017997851094
802,CUST00317,CUST00317,ACC60648,100.0,withdraw,atm,2024-03-09T10:00:00+00:00,Transaction 802,ZW,2968.9268421052634,9930.63,38,0.033682204149257544,0.010069854581229993
843,CUST00317,CUST00317,ACC65819,9705.45,transfer,branch,2024-03-12T10:00:00+00:00,Transaction 843,ZW,2895.3646153846153,9930.63,39,3.3520648654852563,0.9773247014539864
824,CUST00317,CUST00317,ACC68075,100.0,transfer,online,2024-03-14T07:00:00+00:00,Transaction 824,CA,3065.61675,9930.63,40,0.032619863523383995,0.010069854581229993
829,CUST00317,CUST00317,ACC12642,100.0,withdraw,branch,2024-03-14T14:00:00+00:00,Transaction 829,ZW,2993.2846341463414,9930.63,41,0.033408115906932156,0.010069854581229993
848,CUST00317,CUST00317,ACC22872,9927.0,deposit,card,2024-03-15T06:00:00+00:00,Transaction 848,ZW,2924.396904761905,9930.63,42,3.3945460630995385,0.9996344642787014
817,CUST00317,CUST00317,ACC67431,100.0,withdraw,online,2024-03-17T00:00:00+00:00,Transaction 817,NL,3087.248139534883,9930.63,43,0.03239130626379315,0.010069854581229993
809,CUST00317,CUST00317,ACC29720,100.0,withdraw,card,2024-03-17T18:00:00+00:00,Transaction 809,ZW,3019.356136363636,9930.63,44,0.03311964388554544,0.010069854581229993
801,CUST00317,CUST00317,ACC76612,100.0,deposit,branch,2024-03-18T07:00:00+00:00,Transaction 801,ZW,2954.481555555555,9930.63,45,0.03384688586461532,0.010069854581229993
823,CUST00317,CUST00317,ACC52900,100.0,transfer,atm,2024-03-22T20:00:00+00:00,Transaction 823,ZW,2892.427608695652,9930.63,46,0.03457303467141751,0.010069854581229993
821,CUST00317,CUST00317,ACC95876,9466.32,withdraw,mobile,2024-03-24T04:00:00+00:00,Transaction 821,ZW,2833.0142553191486,9930.63,47,3.3414304154052297,0.953244658193891
807,CUST00317,CUST00317,ACC61429,100.0,withdraw,mobile,2024-03-27T18:00:00+00:00,Transaction 807,ZW,2971.2081249999997,9930.63,48,0.03365634307425031,0.010069854581229993
842,CUST00317,CUST00317,ACC98408,100.0,transfer,card,2024-03-30T12:00:00+00:00,Transaction 842,ZW,2912.6120408163265,9930.63,49,0.03433344317699542,0.010069854581229993
867,CUST00318,CUST00318,ACC27660,7781.27,transfer,card,2024-01-04T01:00:00+00:00,Transaction 867,ZW,7781.27,7781.27,0,1.0,1.0
868,CUST00318,CUST00318,ACC34365,7797.86,withdraw,mobile,2024-01-06T04:00:00+00:00,Transaction 868,ZW,7781.27,7781.27,1,1.0021320427128217,1.0021320427128217
856,CUST00318,CUST00318,ACC43580,100.0,deposit,atm,2024-01-08T18:00:00+00:00,Transaction 856,ZW,7789.5650000000005,7797.86,2,0.012837687341976092,0.01282403120856235
853,CUST00318,CUST00318,ACC28233,8668.64,deposit,atm,2024-01-08T21:00:00+00:00,Transaction 853,ZW,5226.376666666667,7797.86,3,1.6586328450621939,1.1116690989579192
874,CUST00318,CUST00318,ACC16534,3901.7,deposit,atm,2024-01-10T16:00:00+00:00,Transaction 874,ZW,6086.9425,8668.64,4,0.6409950480064498,0.45009367097953085
881,CUST00318,CUST00318,ACC53886,23375.68,withdraw,atm,2024-01-11T16:00:00+00:00,Transaction 881,ZW,5649.894,8668.64,5,4.137366116957239,2.6965798556636336
882,CUST00318,CUST00318,ACC26628,9794.71,deposit,card,2024-01-13T03:00:00+00:00,Transaction 882,ZW,8604.191666666668,23375.68,6,1.1383649248476757,0.4190128372736108
886,CUST00318,CUST00318,ACC62410,12822.07,withdraw,branch,2024-01-13T15:00:00+00:00,Transaction 886,ZW,8774.265714285715,23375.68,7,1.4613268411878502,0.5485217970129639
885,CUST00318,CUST00318,ACC55719,1176.41,deposit,atm,2024-01-18T10:00:00+00:00,Transaction 885,ZW,9280.241250000001,23375.68,8,0.12676502348470736,0.050326236498788486
893,CUST00318,CUST00318,ACC68770,100.0,withdraw,branch,2024-01-23T02:00:00+00:00,Transaction 893,ZW,8379.815555555557,23375.68,9,0.011933436880207121,0.0042779504168434885
863,CUST00318,CUST00318,ACC58698,477.44,withdraw,card,2024-01-24T19:00:00+00:00,Transaction 863,ZW,7551.834000000001,23375.68,10,0.0632217286555822,0.02042464647017755
855,CUST00318,CUST00318,ACC76539,8215.08,transfer,card,2024-01-26T18:00:00+00:00,Transaction 855,ZW,6908.707272727274,23375.68,11,1.1890907626712954,0.35143704910402607
857,CUST00318,CUST00318,ACC96323,11173.72,withdraw,mobile,2024-01-26T18:00:00+00:00,Transaction 857,ZW,7017.571666666668,23375.68,12,1.5922487907141665,0.47800620131692423
883,CUST00318,CUST00318,ACC48822,100.0,withdraw,card,2024-01-30T08:00:00+00:00,Transaction 883,ZW,7337.2753846153855,23375.68,13,0.013629037313997712,0.0042779504168434885
854,CUST00318,CUST00318,ACC74504,100.0,transfer,card,2024-02-01T19:00:00+00:00,Transaction 854,ZW,6820.327142857144,23375.68,14,0.014662053286509715,0.0042779504168434885
897,CUST00318,CUST00318,ACC59387,100.0,transfer,branch,2024-02-02T00:00:00+00:00,Transaction 897,ZW,6372.305333333335,23375.68,15,0.015692907789101544,0.0042779504168434885
887,CUST00318,CUST00318,ACC72019,5473.6,transfer,online,2024-02-03T19:00:00+00:00,Transaction 887,ZW,5980.286249999999,23375.68,16,0.915273913518772,0.2341578940163452
866,CUST00318,CUST00318,ACC82741,3272.82,transfer,mobile,2024-02-04T12:00:00+00:00,Transaction 866,ZW,5950.481176470588,23375.68,17,0.5500093022630498,0.14000961683253707
862,CUST00318,CUST00318,ACC40741,2198.91,transfer,online,2024-02-06T18:00:00+00:00,Transaction 862,ZW,5801.722222222223,23375.68,18,0.37900987254742363,0.09406827951101315
873,CUST00318,CUST00318,ACC86247,9814.92,transfer,card,2024-02-07T15:00:00+00:00,Transaction 873,ZW,5612.1005263157895,23375.68,19,1.7488852799369332,0.4198774110528549
852,CUST00318,CUST00318,ACC69378,100.0,withdraw,online,2024-02-09T20:00:00+00:00,Transaction 852,ZW,5822.2415,23375.68,20,0.017175515649771655,0.0042779504168434885
865,CUST00318,CUST00318,ACC97174,100.0,transfer,card,2024-02-10T19:00:00+00:00,Transaction 865,ZW,5549.75380952381,23375.68,21,0.01801881730832676,0.0042779504168434885
895,CUST00318,CUST00318,ACC52574,100.0,withdraw,mobile,2024-02-12T07:00:00+00:00,Transaction 895,ZW,5302.037727272727,23375.68,22,0.018860673036258872,0.0042779504168434885
890,CUST00318,CUST00318,ACC43670,11389.29,transfer,atm,2024-02-12T11:00:00+00:00,Transaction 890,ZW,5075.862173913044,23375.68,23,2.2438138802377803,0.4872281790305138
891,CUST00318,CUST00318,ACC98740,100.0,transfer,online,2024-02-14T11:00:00+00:00,Transaction 891,ZW,5338.921666666666,23375.68,24,0.018730374079909396,0.0042779504168434885
871,CUST00318,CUST00318,ACC33111,100.0,withdraw,atm,2024-02-15T06:00:00+00:00,Transaction 871,ZW,5129.364799999999,23375.68,25,0.01949559134495562,0.0042779504168434885
872,CUST00318,CUST00318,ACC39747,696.25,withdraw,atm,2024-02-16T08:00:00+00:00,Transaction 872,ZW,4935.927692307692,23375.68,26,0.14105757689381437,0.029785229777272788
894,CUST00318,CUST00318,ACC31696,7441.08,deposit,mobile,2024-02-18T10:00:00+00:00,Transaction 894,ZW,4778.902592592593,23375.68,27,1.5570687738088327,0.31832571287765743
876,CUST00318,CUST00318,ACC95688,2992.84,withdraw,card,2024-02-22T21:00:00+00:00,Transaction 876,ZW,4873.9803571428565,23375.68,28,0.614044329418351,0.12803221125545866
896,CUST00318,CUST00318,ACC41027,100.0,withdraw,branch,2024-02-26T06:00:00+00:00,Transaction 896,ZW,4809.113448275862,23375.68,29,0.020793853394299,0.0042779504168434885
899,CUST00318,CUST00318,ACC66919,8747.13,withdraw,mobile,2024-02-29T15:00:00+00:00,Transaction 899,ZW,4652.142999999999,23375.68,30,1.8802366995167605,0.3741978842968418
861,CUST00318,CUST00318,ACC30444,2887.26,transfer,online,2024-03-01T21:00:00+00:00,Transaction 861,ZW,4784.239354838709,23375.68,31,0.6034940532563171,0.12351555120535532
878,CUST00318,CUST00318,ACC17921,2800.39,withdraw,mobile,2024-03-02T09:00:00+00:00,Transaction 878,ZW,4724.95875,23375.68,32,0.592680306468284,0.11979929567824336
884,CUST00318,CUST00318,ACC87162,6288.46,deposit,branch,2024-03-05T18:00:00+00:00,Transaction 884,ZW,4666.638484848485,23375.68,33,1.3475352805702008,0.26901720078303604
898,CUST00318,CUST00318,ACC55099,10424.62,transfer,atm,2024-03-06T22:00:00+00:00,Transaction 898,ZW,4714.339117647059,23375.68,34,2.2112579812041524,0.44596007474434973
889,CUST00318,CUST00318,ACC88456,100.0,transfer,branch,2024-03-11T15:00:00+00:00,Transaction 889,ZW,4877.49,23375.68,35,0.02050234854402572,0.0042779504168434885
851,CUST00318,CUST00318,ACC95342,1779.43,withdraw,branch,2024-03-13T18:00:00+00:00,Transaction 851,ZW,4744.781944444444,23375.68,36,0.37502882552558475,0.0761231331024381
892,CUST00318,CUST00318,ACC91861,7313.15,deposit,card,2024-03-14T04:00:00+00:00,Transaction 892,ZW,4664.637297297297,23375.68,37,1.56778534619128,0.3128529309093896
860,CUST00318,CUST00318,ACC35895,9662.29,transfer,mobile,2024-03-15T20:00:00+00:00,Transaction 860,ZW,4734.334999999999,23375.68,38,2.0408969791956,0.41334797533162676
864,CUST00318,CUST00318,ACC17107,8643.41,transfer,atm,2024-03-18T20:00:00+00:00,Transaction 864,ZW,4860.692820512821,23375.68,39,1.7782259276956507,0.36976079412449175
877,CUST00318,CUST00318,ACC19631,3663.46,transfer,mobile,2024-03-20T01:00:00+00:00,Transaction 877,ZW,4955.2607499999995,23375.68,40,0.7393072100191701,0.15672100234089448
870,CUST00318,CUST00318,ACC75909,100.0,withdraw,atm,2024-03-20T10:00:00+00:00,Transaction 870,ZW,4923.753414634146,23375.68,41,0.02030970919518121,0.0042779504168434885
879,CUST00318,CUST00318,ACC39404,765.75,withdraw,mobile,2024-03-21T03:00:00+00:00,Transaction 879,ZW,4808.902142857142,23375.68,42,0.1592359289609167,0.03275840531697902
858,CUST00318,CUST00318,ACC23481,10493.19,withdraw,card,2024-03-22T19:00:00+00:00,Transaction 858,ZW,4714.875348837209,23375.68,43,2.2255498234089797,0.44889346534517927
869,CUST00318,CUST00318,ACC74581,9507.23,transfer,mobile,2024-03-25T11:00:00+00:00,Transaction 869,ZW,4846.200681818182,23375.68,44,1.9617904053517463,0.40671458541526917
880,CUST00318,CUST00318,ACC28274,100.0,deposit,card,2024-03-26T21:00:00+00:00,Transaction 880,ZW,4949.779111111111,23375.68,45,0.02020292173756261,0.0042779504168434885
875,CUST00318,CUST00318,ACC91732,100.0,withdraw,online,2024-03-27T15:00:00+00:00,Transaction 875,ZW,4844.349130434783,23375.68,46,0.020642607976321673,0.0042779504168434885
859,CUST00318,CUST00318,ACC73433,12902.14,withdraw,atm,2024-03-27T19:00:00+00:00,Transaction 859,ZW,4743.405531914894,23375.68,47,2.7200162231947007,0.5519471519117305
900,CUST00318,CUST00318,ACC94939,100.0,withdraw,mobile,2024-03-27T20:00:00+00:00,Transaction 900,ZW,4913.379166666667,23375.68,48,0.020352591690545627,0.0042779504168434885
888,CUST00318,CUST00318,ACC54083,9446.74,transfer,mobile,2024-03-29T01:00:00+00:00,Transaction 888,ZW,4815.1469387755105,23375.68,49,1.9618799010944203,0.4041268532081206
910,CUST00319,CUST00319,ACC84278,6537.21,transfer,atm,2024-01-01T09:00:00+00:00,Transaction 910,ZW,6537.21,6537.21,0,1.0,1.0
919,CUST00319,CUST00319,ACC62511,4080.92,deposit,mobile,2024-01-03T09:00:00+00:00,Transaction 919,ZW,6537.21,6537.21,1,0.6242601966282252,0.6242601966282252
949,CUST00319,CUST00319,ACC57745,4019.76,withdraw,online,2024-01-08T13:00:00+00:00,Transaction 949,ZW,5309.0650000000005,6537.21,2,0.7571502703395042,0.6149045234893785
937,CUST00319,CUST00319,ACC15730,5277.02,transfer,atm,2024-01-09T22:00:00+00:00,Transaction 937,ZW,4879.296666666667,6537.21,3,1.0815124310949187,0.8072281600254544
902,CUST00319,CUST00319,ACC46882,5355.12,transfer,atm,2024-01-15T09:00:00+00:00,Transaction 902,ZW,4978.727500000001,6537.21,4,1.0756001407990292,0.8191751527027585
906,CUST00319,CUST00319,ACC98286,5820.89,withdraw,branch,2024-01-16T09:00:00+00:00,Transaction 906,ZW,5054.006,6537.21,5,1.1517378491438277,0.8904242023737956
920,CUST00319,CUST00319,ACC77149,6573.97,withdraw,online,2024-01-21T05:00:00+00:00,Transaction 920,ZW,5181.820000000001,6537.21,6,1.2686604320489712,1.0056231939925442
927,CUST00319,CUST00319,ACC78746,6026.24,transfer,mobile,2024-01-22T03:00:00+00:00,Transaction 927,ZW,5380.698571428571,6573.97,7,1.1199735350348827,0.9166820049376556
916,CUST00319,CUST00319,ACC25668,4021.9,withdraw,mobile,2024-01-22T06:00:00+00:00,Transaction 916,ZW,5461.391250000001,6573.97,8,0.7364240750925873,0.6117916570960926
942,CUST00319,CUST00319,ACC64625,4109.95,withdraw,mobile,2024-01-24T02:00:00+00:00,Transaction 942,ZW,5301.447777777778,6573.97,9,0.7752504923707422,0.6251853902588542
934,CUST00319,CUST00319,ACC16431,4573.35,deposit,mobile,2024-01-25T05:00:00+00:00,Transaction 934,ZW,5182.298000000001,6573.97,10,0.8824945998859964,0.6956755202716167
932,CUST00319,CUST00319,ACC34569,5673.67,transfer,online,2024-01-25T14:00:00+00:00,Transaction 932,ZW,5126.939090909091,6573.97,11,1.1066388539821652,0.8630507897054596
929,CUST00319,CUST00319,ACC57754,3879.34,withdraw,online,2024-01-26T12:00:00+00:00,Transaction 929,ZW,5172.5,6573.97,12,0.7499932334461092,0.590106130694238
911,CUST00319,CUST00319,ACC83695,4484.75,withdraw,card,2024-01-27T08:00:00+00:00,Transaction 911,ZW,5073.026153846154,6573.97,13,0.8840384149409228,0.6821981238125516
904,CUST00319,CUST00319,ACC79109,4147.09,withdraw,atm,2024-01-27T09:00:00+00:00,Transaction 904,ZW,5031.006428571428,6573.97,14,0.8243062414805105,0.6308349444856001
905,CUST00319,CUST00319,ACC92596,6794.73,deposit,online,2024-01-27T10:00:00+00:00,Transaction 905,ZW,4972.078666666666,6573.97,15,1.3665773322438717,1.0335809259853634
939,CUST00319,CUST00319,ACC66053,3906.99,withdraw,branch,2024-01-29T00:00:00+00:00,Transaction 939,ZW,5085.994375,6794.73,16,0.7681860639100686,0.5750029802508709
915,CUST00319,CUST00319,ACC37129,6601.22,transfer,branch,2024-01-29T08:00:00+00:00,Transaction 915,ZW,5016.641176470589,6794.73,17,1.315864493350953,0.9715205755048398
947,CUST00319,CUST00319,ACC24960,4337.05,deposit,online,2024-02-01T12:00:00+00:00,Transaction 947,ZW,5104.673333333334,6794.73,18,0.8496234169734661,0.6382961501045664
928,CUST00319,CUST00319,ACC75497,4784.33,transfer,mobile,2024-02-04T09:00:00+00:00,Transaction 928,ZW,5064.272105263159,6794.73,19,0.9447221437860295,0.7041236369951419
945,CUST00319,CUST00319,ACC86626,5294.75,deposit,mobile,2024-02-05T16:00:00+00:00,Transaction 945,ZW,5050.275000000001,6794.73,20,1.048408254996015,0.7792436196876109
931,CUST00319,CUST00319,ACC74710,5904.17,transfer,online,2024-02-07T01:00:00+00:00,Transaction 931,ZW,5061.916666666667,6794.73,21,1.166390201340072,0.8689337177489025
917,CUST00319,CUST00319,ACC74356,1545.34,deposit,mobile,2024-02-12T20:00:00+00:00,Transaction 917,ZW,5100.20090909091,6794.73,22,0.30299590693486045,0.22743214226319516
924,CUST00319,CUST00319,ACC51390,4002.44,deposit,online,2024-02-15T05:00:00+00:00,Transaction 924,ZW,4945.641739130435,6794.73,23,0.8092862789336874,0.5890506318867711
907,CUST00319,CUST00319,ACC74831,5322.48,deposit,online,2024-02-16T10:00:00+00:00,Transaction 907,ZW,4906.341666666667,6794.73,24,1.0848164195658339,0.7833247237197063
936,CUST00319,CUST00319,ACC12557,3586.26,deposit,mobile,2024-02-17T03:00:00+00:00,Transaction 936,ZW,4922.9872000000005,6794.73,25,0.7284723389083766,0.5278002216423612
914,CUST00319,CUST00319,ACC30426,5455.35,transfer,atm,2024-02-17T08:00:00+00:00,Transaction 914,ZW,4871.574615384616,6794.73,26,1.1198329966602174,0.8028795846192565
930,CUST00319,CUST00319,ACC87844,3456.83,withdraw,online,2024-02-22T02:00:00+00:00,Transaction 930,ZW,4893.1959259259265,6794.73,27,0.7064564861759287,0.508751635458657
946,CUST00319,CUST00319,ACC11242,5525.98,deposit,mobile,2024-02-24T15:00:00+00:00,Transaction 946,ZW,4841.897142857143,6794.73,28,1.1412840539481572,0.813274405311175
948,CUST00319,CUST00319,ACC56413,3414.36,deposit,online,2024-02-28T13:00:00+00:00,Transaction 948,ZW,4865.486206896552,6794.73,29,0.7017510388088939,0.5025012031383146
922,CUST00319,CUST00319,ACC29440,6603.08,transfer,mobile,2024-03-02T05:00:00+00:00,Transaction 922,ZW,4817.115333333333,6794.73,30,1.3707539768267953,0.9717943170663147
913,CUST00319,CUST00319,ACC68665,5982.28,withdraw,online,2024-03-05T09:00:00+00:00,Transaction 913,ZW,4874.727096774192,6794.73,31,1.2272030579842552,0.880429391602021
940,CUST00319,CUST00319,ACC63482,3022.88,deposit,atm,2024-03-07T14:00:00+00:00,Transaction 940,ZW,4909.338125,6794.73,32,0.6157408438841234,0.4448859630919846
943,CUST00319,CUST00319,ACC79549,8137.37,withdraw,branch,2024-03-07T18:00:00+00:00,Transaction 943,ZW,4852.172727272728,6794.73,33,1.6770569510566025,1.1976001989777372
950,CUST00319,CUST00319,ACC48523,7359.22,deposit,mobile,2024-03-08T17:00:00+00:00,Transaction 950,ZW,4948.796176470589,8137.37,34,1.487072762258819,0.9043732803104689
912,CUST00319,CUST00319,ACC17250,5978.22,deposit,branch,2024-03-10T11:00:00+00:00,Transaction 912,DE,5017.6654285714285,8137.37,35,1.1914345595780487,0.7346624277868649
901,CUST00319,CUST00319,ACC29511,4596.58,transfer,atm,2024-03-11T11:00:00+00:00,Transaction 901,ZW,5044.3475,8137.37,36,0.9112338117070642,0.5648729257733149
921,CUST00319,CUST00319,ACC64079,4187.29,deposit,online,2024-03-13T01:00:00+00:00,Transaction 921,ZW,5032.245675675676,8137.37,37,0.8320917280012916,0.5145753480547155
918,CUST00319,CUST00319,ACC38343,3952.58,withdraw,online,2024-03-13T20:00:00+00:00,Transaction 918,ZW,5010.01,8137.37,38,0.7889365490288442,0.4857318765153852
923,CUST00319,CUST00319,ACC79397,3877.51,transfer,mobile,2024-03-16T12:00:00+00:00,Transaction 923,ZW,4982.8964102564105,8137.37,39,0.7781638791484471,0.47650653712440266
925,CUST00319,CUST00319,ACC32607,6359.79,transfer,online,2024-03-18T00:00:00+00:00,Transaction 925,ZW,4955.26175,8137.37,40,1.2834417879136255,0.7815534994721882
944,CUST00319,CUST00319,ACC14793,3415.6,transfer,card,2024-03-18T00:00:00+00:00,Transaction 944,ZW,4989.518536585366,8137.37,41,0.684555027695619,0.41974249665432445
903,CUST00319,CUST00319,ACC48752,4658.09,transfer,atm,2024-03-18T09:00:00+00:00,Transaction 903,GB,4952.044285714286,8137.37,42,0.9406398108025228,0.5724318790960716
909,CUST00319,CUST00319,ACC29635,5409.83,deposit,atm,2024-03-18T11:00:00+00:00,Transaction 909,ZW,4945.208139534884,8137.37,43,1.0939539544858905,0.6648130784270594
935,CUST00319,CUST00319,ACC23124,4478.99,deposit,atm,2024-03-19T13:00:00+00:00,Transaction 935,ZW,4955.767727272727,8137.37,44,0.9037933669391102,0.5504223108940604
908,CUST00319,CUST00319,ACC22802,4966.3,withdraw,card,2024-03-25T11:00:00+00:00,Transaction 908,ZW,4945.172666666666,8137.37,45,1.0042723145898917,0.6103077529963613
926,CUST00319,CUST00319,ACC86545,7395.49,transfer,mobile,2024-03-27T10:00:00+00:00,Transaction 926,ZW,4945.631956521739,8137.37,46,1.4953579370676109,0.9088304943734892
941,CUST00319,CUST00319,ACC91265,2881.98,withdraw,online,2024-03-27T13:00:00+00:00,Transaction 941,FR,4997.75659574468,8137.37,47,0.5766547339367928,0.35416602661547897
933,CUST00319,CUST00319,ACC46896,5244.16,deposit,atm,2024-03-27T21:00:00+00:00,Transaction 933,ZW,4953.6779166666665,8137.37,48,1.0586396790869277,0.6444539206156289
938,CUST00319,CUST00319,ACC35664,5227.05,deposit,mobile,2024-03-30T22:00:00+00:00,Transaction 938,ZW,4959.6061224489795,8137.37,49,1.053924418784079,0.64235127565786
951,CUST00320,CUST00320,ACC72825,724.58,deposit,online,2024-01-03T13:00:00+00:00,Transaction 951,ZW,724.58,724.58,0,1.0,1.0
983,CUST00320,CUST00320,ACC56885,620.71,transfer,card,2024-01-04T12:00:00+00:00,Transaction 983,ZW,724.58,724.58,1,0.8566479891799387,0.8566479891799387
998,CUST00320,CUST00320,ACC36248,141.8,transfer,mobile,2024-01-05T20:00:00+00:00,Transaction 998,ZW,672.645,724.58,2,0.2108095652238551,0.19569957768638385
987,CUST00320,CUST00320,ACC65508,100.0,deposit,mobile,2024-01-07T06:00:00+00:00,Transaction 987,ZW,495.69666666666666,724.58,3,0.2017362768897646,0.13801098567445969
958,CUST00320,CUST00320,ACC86127,654.06,transfer,online,2024-01-07T16:00:00+00:00,Transaction 958,ZW,396.7725,724.58,4,1.6484509385101034,0.9026746529023709
963,CUST00320,CUST00320,ACC64392,508.32,withdraw,online,2024-01-08T14:00:00+00:00,Transaction 963,ZW,448.2299999999999,724.58,5,1.1340606385114786,0.7015374423804134
968,CUST00320,CUST00320,ACC76133,251.39,deposit,online,2024-01-09T04:00:00+00:00,Transaction 968,ZW,458.24499999999995,724.58,6,0.5485930015603008,0.3469458168870242
990,CUST00320,CUST00320,ACC96326,100.0,transfer,online,2024-01-09T22:00:00+00:00,Transaction 990,ZW,428.6942857142857,724.58,7,0.23326646361376407,0.13801098567445969
995,CUST00320,CUST00320,ACC10993,368.52,transfer,mobile,2024-01-10T12:00:00+00:00,Transaction 995,ZW,387.60749999999996,724.58,8,0.9507555968344267,0.5085980844075187
986,CUST00320,CUST00320,ACC59741,452.14,withdraw,mobile,2024-01-10T14:00:00+00:00,Transaction 986,ZW,385.4866666666666,724.58,9,1.1729069747332377,0.624002870628502
961,CUST00320,CUST00320,ACC32650,657.47,deposit,mobile,2024-01-12T14:00:00+00:00,Transaction 961,ZW,392.15199999999993,724.58,10,1.6765692894591897,0.9073808275138701
965,CUST00320,CUST00320,ACC51027,138.25,withdraw,mobile,2024-01-18T15:00:00+00:00,Transaction 965,ZW,416.27181818181816,724.58,11,0.3321147239893514,0.1908001876949405
974,CUST00320,CUST00320,ACC59908,576.86,transfer,mobile,2024-01-20T21:00:00+00:00,Transaction 974,ZW,393.1033333333333,724.58,12,1.467451306272312,0.7961301719616881
999,CUST00320,CUST00320,ACC63473,690.58,transfer,mobile,2024-01-24T06:00:00+00:00,Transaction 999,ZW,407.2384615384615,724.58,13,1.6957632080995828,0.9530762648706838
991,CUST00320,CUST00320,ACC81495,269.39,deposit,online,2024-01-26T11:00:00+00:00,Transaction 991,ZW,427.47714285714284,724.58,14,0.6301857409251622,0.3717877943084269
996,CUST00320,CUST00320,ACC69757,132.12,withdraw,mobile,2024-01-27T16:00:00+00:00,Transaction 996,ZW,416.938,724.58,15,0.31688164667168744,0.18234011427309613
975,CUST00320,CUST00320,ACC35459,265.96,transfer,mobile,2024-02-03T04:00:00+00:00,Transaction 975,ZW,399.13687500000003,724.58,16,0.6663378321033354,0.36705401749979294
971,CUST00320,CUST00320,ACC41007,521.67,transfer,online,2024-02-03T20:00:00+00:00,Transaction 971,ZW,391.3029411764706,724.58,17,1.3331614590771403,0.7199619089679538
954,CUST00320,CUST00320,ACC82743,265.27,transfer,online,2024-02-05T13:00:00+00:00,Transaction 954,ZW,398.5455555555556,724.58,18,0.6655951780223087,0.3661017416986392
964,CUST00320,CUST00320,ACC46329,100.0,withdraw,online,2024-02-05T14:00:00+00:00,Transaction 964,ZW,391.531052631579,724.58,19,0.2554075834544279,0.13801098567445969
994,CUST00320,CUST00320,ACC14250,265.25,transfer,online,2024-02-08T21:00:00+00:00,Transaction 994,ZW,376.9545,724.58,20,0.7036658270427864,0.3660741395015043
984,CUST00320,CUST00320,ACC62635,508.66,transfer,mobile,2024-02-11T00:00:00+00:00,Transaction 984,ZW,371.6352380952381,724.58,21,1.368707667784848,0.7020066797317066
953,CUST00320,CUST00320,ACC54474,323.69,deposit,mobile,2024-02-11T13:00:00+00:00,Transaction 953,ZW,377.8636363636364,724.58,22,0.8566317815469746,0.44672775952965854
960,CUST00320,CUST00320,ACC76273,100.0,deposit,mobile,2024-02-12T16:00:00+00:00,Transaction 960,ZW,375.5082608695652,724.58,23,0.2663057259204626,0.13801098567445969
979,CUST00320,CUST00320,ACC49271,559.52,withdraw,branch,2024-02-13T11:00:00+00:00,Transaction 979,ZW,364.02875,724.58,24,1.5370214577832106,0.7721990670457368
993,CUST00320,CUST00320,ACC34835,415.45,transfer,branch,2024-02-13T21:00:00+00:00,Transaction 993,US,371.8484,724.58,25,1.1172563872804078,0.5733666399845427
992,CUST00320,CUST00320,ACC11057,100.0,withdraw,online,2024-02-14T01:00:00+00:00,Transaction 992,ZW,373.52538461538467,724.58,26,0.26771942180842406,0.13801098567445969
966,CUST00320,CUST00320,ACC14150,763.14,deposit,branch,2024-02-16T13:00:00+00:00,Transaction 966,ZW,363.3948148148149,724.58,27,2.10002996434854,1.0532170360760715
982,CUST00320,CUST00320,ACC86372,314.47,transfer,atm,2024-02-21T02:00:00+00:00,Transaction 982,ZW,377.67142857142863,763.14,28,0.8326549911109429,0.4120738003511807
980,CUST00320,CUST00320,ACC52548,100.0,withdraw,mobile,2024-02-24T19:00:00+00:00,Transaction 980,ZW,375.49206896551726,763.14,29,0.26631720950991206,0.13103755536336714
976,CUST00320,CUST00320,ACC89785,371.33,transfer,online,2024-02-26T08:00:00+00:00,Transaction 976,ZW,366.309,763.14,30,1.0137070069258467,0.4865817543307912
978,CUST00320,CUST00320,ACC93817,209.79,withdraw,mobile,2024-02-27T20:00:00+00:00,Transaction 978,ZW,366.4709677419355,763.14,31,0.5724600813337323,0.2749036873968079
970,CUST00320,CUST00320,ACC56448,623.82,transfer,online,2024-02-28T10:00:00+00:00,Transaction 970,ZW,361.5746875,763.14,32,1.725286701658285,0.817438477867757
962,CUST00320,CUST00320,ACC25236,147.34,transfer,online,2024-02-29T13:00:00+00:00,Transaction 962,ZW,369.52151515151513,763.14,33,0.3987318571682791,0.19307073407238515
981,CUST00320,CUST00320,ACC46954,100.0,deposit,branch,2024-02-29T14:00:00+00:00,Transaction 981,ZW,362.9867647058823,763.14,34,0.27549213834566977,0.13103755536336714
969,CUST00320,CUST00320,ACC91138,182.81,transfer,online,2024-03-03T19:00:00+00:00,Transaction 969,ZW,355.4728571428571,763.14,35,0.514272739329103,0.2395497549597715
977,CUST00320,CUST00320,ACC65634,217.19,transfer,branch,2024-03-05T14:00:00+00:00,Transaction 977,ZW,350.6766666666666,763.14,36,0.619345455928063,0.2846004664936971
989,CUST00320,CUST00320,ACC67997,325.67,deposit,online,2024-03-06T14:00:00+00:00,Transaction 989,ZW,347.0689189189189,763.14,37,0.938343891508424,0.4267500065518778
985,CUST00320,CUST00320,ACC56626,466.25,withdraw,branch,2024-03-10T01:00:00+00:00,Transaction 985,ZW,346.5057894736842,763.14,38,1.3455763631199296,0.6109626018816993
997,CUST00320,CUST00320,ACC56596,100.0,withdraw,branch,2024-03-10T13:00:00+00:00,Transaction 997,ZW,349.57615384615383,763.14,39,0.2860607020809816,0.13103755536336714
952,CUST00320,CUST00320,ACC67562,180.67,transfer,online,2024-03-12T13:00:00+00:00,Transaction 952,AU,343.33675000000005,763.14,40,0.5262180643347966,0.2367455512749954
956,CUST00320,CUST00320,ACC77709,100.0,transfer,online,2024-03-13T15:00:00+00:00,Transaction 956,ZW,339.36926829268293,763.14,41,0.29466427677168694,0.13103755536336714
959,CUST00320,CUST00320,ACC84120,383.46,deposit,online,2024-03-18T15:00:00+00:00,Transaction 959,CH,333.67,763.14,42,1.1492192885185961,0.5024766097963677
1000,CUST00320,CUST00320,ACC40331,408.48,transfer,atm,2024-03-22T10:00:00+00:00,Transaction 1000,ZW,334.8279069767442,763.14,43,1.2199699949991665,0.5352622061482821
955,CUST00320,CUST00320,ACC23123,455.59,transfer,online,2024-03-22T15:00:00+00:00,Transaction 955,ZW,336.5018181818182,763.14,44,1.3539005597700404,0.5969939984799644
957,CUST00320,CUST00320,ACC38156,379.07,withdraw,online,2024-03-23T15:00:00+00:00,Transaction 957,ZW,339.1482222222222,763.14,45,1.1177118886727337,0.4967240611159158
988,CUST00320,CUST00320,ACC57742,361.2,withdraw,mobile,2024-03-24T03:00:00+00:00,Transaction 988,ZW,340.01608695652175,763.14,46,1.0623026787735106,0.4733076499724821
967,CUST00320,CUST00320,ACC85020,568.2,transfer,branch,2024-03-25T21:00:00+00:00,Transaction 967,ZW,340.4668085106383,763.14,47,1.6688851476758444,0.7445553895746522
972,CUST00320,CUST00320,ACC18058,322.27,deposit,branch,2024-03-27T12:00:00+00:00,Transaction 972,ZW,345.21125,763.14,48,0.9335443152562379,0.42229472966952325
973,CUST00320,CUST00320,ACC13974,404.3,transfer,online,2024-03-29T05:00:00+00:00,Transaction 973,ZW,344.7430612244898,763.14,49,1.1727574691829052,0.5297848363340933
1047,CUST00321,CUST00321,ACC99022,548.33,withdraw,mobile,2024-01-03T21:00:00+00:00,Transaction 1047,ZW,548.33,548.33,0,1.0,1.0
1041,CUST00321,CUST00321,ACC96694,1383.7,deposit,mobile,2024-01-05T13:00:00+00:00,Transaction 1041,ZW,548.33,548.33,1,2.5234803858990023,2.5234803858990023
1038,CUST00321,CUST00321,ACC66065,709.82,withdraw,mobile,2024-01-07T01:00:00+00:00,Transaction 1038,ZW,966.0150000000001,1383.7,2,0.734791902817244,0.5129869191298692
1039,CUST00321,CUST00321,ACC44756,1453.48,deposit,mobile,2024-01-12T08:00:00+00:00,Transaction 1039,ZW,880.6166666666668,1383.7,3,1.6505252001438384,1.0504300065043
1035,CUST00321,CUST00321,ACC41254,1171.26,withdraw,online,2024-01-14T14:00:00+00:00,Transaction 1035,ZW,1023.8325000000001,1453.48,4,1.1439957219564723,0.8058315215895644
1015,CUST00321,CUST00321,ACC39481,755.58,deposit,mobile,2024-01-19T09:00:00+00:00,Transaction 1015,ZW,1053.318,1453.48,5,0.7173332270026717,0.5198420342901175
1009,CUST00321,CUST00321,ACC50018,1032.25,transfer,mobile,2024-01-24T11:00:00+00:00,Transaction 1009,ZW,1003.695,1453.48,6,1.0284498777018916,0.7101920907064425
1037,CUST00321,CUST00321,ACC37181,1517.25,transfer,online,2024-01-28T09:00:00+00:00,Transaction 1037,ZW,1007.7742857142857,1453.48,7,1.5055454594424489,1.0438740127143131
1019,CUST00321,CUST00321,ACC99506,100.0,withdraw,mobile,2024-01-29T04:00:00+00:00,Transaction 1019,ZW,1071.45875,1517.25,8,0.09333070451848939,0.06590871642774757
1044,CUST00321,CUST00321,ACC13148,475.98,transfer,atm,2024-02-08T08:00:00+00:00,Transaction 1044,ZW,963.5188888888889,1517.25,9,0.4940017320769817,0.3137123084527929
1022,CUST00321,CUST00321,ACC34875,1725.32,transfer,mobile,2024-02-10T02:00:00+00:00,Transaction 1022,ZW,914.765,1517.25,10,1.8860800314834958,1.1371362662712143
1002,CUST00321,CUST00321,ACC43961,1067.01,deposit,online,2024-02-10T11:00:00+00:00,Transaction 1002,ZW,988.4518181818181,1725.32,11,1.0794759849424767,0.6184417963044537
1008,CUST00321,CUST00321,ACC42054,376.83,deposit,online,2024-02-13T11:00:00+00:00,Transaction 1008,ZW,994.9983333333333,1725.32,12,0.3787242524694346,0.21841165696798276
1046,CUST00321,CUST00321,ACC56136,969.74,transfer,mobile,2024-02-14T01:00:00+00:00,Transaction 1046,ZW,947.446923076923,1725.32,13,1.0235296314548978,0.5620638490251084
1029,CUST00321,CUST00321,ACC87938,747.61,transfer,mobile,2024-02-16T09:00:00+00:00,Transaction 1029,ZW,949.0392857142857,1725.32,14,0.7877545337201908,0.4333167180580994
1017,CUST00321,CUST00321,ACC24610,1191.57,withdraw,atm,2024-02-18T06:00:00+00:00,Transaction 1017,ZW,935.6106666666667,1725.32,15,1.2735746207824337,0.6906370992047852
1024,CUST00321,CUST00321,ACC25697,703.68,deposit,mobile,2024-02-18T09:00:00+00:00,Transaction 1024,ZW,951.608125,1725.32,16,0.7394640519699219,0.4078547747664201
1003,CUST00321,CUST00321,ACC76643,414.39,withdraw,card,2024-02-19T08:00:00+00:00,Transaction 1003,ZW,937.0241176470588,1725.32,17,0.4422404847386061,0.24018153154197483
1042,CUST00321,CUST00321,ACC43272,1126.5,transfer,atm,2024-02-20T15:00:00+00:00,Transaction 1042,ZW,907.9888888888888,1725.32,18,1.2406539482862005,0.6529223564324299
1028,CUST00321,CUST00321,ACC16297,1027.78,withdraw,mobile,2024-02-21T14:00:00+00:00,Transaction 1028,ZW,919.4894736842105,1725.32,19,1.1177724480976285,0.5957039853476457
1004,CUST00321,CUST00321,ACC25409,649.14,deposit,card,2024-02-22T08:00:00+00:00,Transaction 1004,ZW,924.9039999999999,1725.32,20,0.7018458131870984,0.3762432476294253
1014,CUST00321,CUST00321,ACC85380,1490.86,transfer,online,2024-02-25T11:00:00+00:00,Transaction 1014,ZW,911.7723809523808,1725.32,21,1.6351230100244318,0.8641063686736373
1010,CUST00321,CUST00321,ACC79977,749.48,transfer,online,2024-02-27T10:00:00+00:00,Transaction 1010,ZW,938.0945454545454,1725.32,22,0.7989386609607096,0.4344005749658035
1013,CUST00321,CUST00321,ACC38451,854.53,deposit,atm,2024-02-28T10:00:00+00:00,Transaction 1013,ZW,929.8939130434782,1725.32,23,0.9189542893158453,0.49528783066329723
1007,CUST00321,CUST00321,ACC62146,1003.05,transfer,online,2024-03-01T11:00:00+00:00,Transaction 1007,ZW,926.7537499999999,1725.32,24,1.0823263461302424,0.5813704124452276
1012,CUST00321,CUST00321,ACC39009,100.0,deposit,online,2024-03-02T09:00:00+00:00,Transaction 1012,ZW,929.8055999999998,1725.32,25,0.10754936300663281,0.05796026244406835
1048,CUST00321,CUST00321,ACC30278,1286.23,transfer,mobile,2024-03-03T12:00:00+00:00,Transaction 1048,ZW,897.8899999999999,1725.32,26,1.4325028678345901,0.7455022836343403
1011,CUST00321,CUST00321,ACC43690,886.17,withdraw,mobile,2024-03-04T09:00:00+00:00,Transaction 1011,CA,912.2729629629628,1725.32,27,0.9713868940298491,0.5136264577006004
1018,CUST00321,CUST00321,ACC94184,453.71,transfer,mobile,2024-03-06T01:00:00+00:00,Transaction 1018,ZW,911.3407142857141,1725.32,28,0.4978489305787314,0.2629715067349825
1021,CUST00321,CUST00321,ACC27720,418.88,withdraw,online,2024-03-06T08:00:00+00:00,Transaction 1021,ZW,895.5603448275859,1725.32,29,0.4677295085912308,0.24278394732571348
1031,CUST00321,CUST00321,ACC13227,1069.7,transfer,atm,2024-03-06T09:00:00+00:00,Transaction 1031,ZW,879.6709999999998,1725.32,30,1.2160228085272793,0.6200009273641992
1032,CUST00321,CUST00321,ACC89967,208.92,transfer,mobile,2024-03-08T14:00:00+00:00,Transaction 1032,ZW,885.8009677419353,1725.32,31,0.23585433704432987,0.1210905802981476
1030,CUST00321,CUST00321,ACC38549,697.47,transfer,online,2024-03-08T20:00:00+00:00,Transaction 1030,ZW,864.6484375,1725.32,32,0.8066515473232437,0.40425544246864353
1043,CUST00321,CUST00321,ACC33148,1278.38,deposit,online,2024-03-09T09:00:00+00:00,Transaction 1043,ZW,859.5824242424243,1725.32,33,1.487210491916089,0.740952403032481
1045,CUST00321,CUST00321,ACC95135,987.66,transfer,mobile,2024-03-09T18:00:00+00:00,Transaction 1045,ZW,871.9000000000001,1725.32,34,1.1327675192109186,0.5724503280550854
1023,CUST00321,CUST00321,ACC15826,143.28,deposit,atm,2024-03-11T03:00:00+00:00,Transaction 1023,ZW,875.2074285714286,1725.32,35,0.16370976219188527,0.08304546402986113
1036,CUST00321,CUST00321,ACC72015,477.95,deposit,mobile,2024-03-11T13:00:00+00:00,Transaction 1036,ZW,854.8761111111112,1725.32,36,0.5590868592395128,0.27702107435142465
1049,CUST00321,CUST00321,ACC63527,720.53,deposit,online,2024-03-13T01:00:00+00:00,Transaction 1049,ZW,844.688918918919,1725.32,37,0.8530122555912955,0.41762107898824563
1016,CUST00321,CUST00321,ACC23185,973.64,transfer,atm,2024-03-13T03:00:00+00:00,Transaction 1016,ZW,841.4215789473684,1725.32,38,1.1571369505617373,0.564324299260427
1020,CUST00321,CUST00321,ACC39539,447.74,transfer,atm,2024-03-13T15:00:00+00:00,Transaction 1020,ZW,844.811794871795,1725.32,39,0.5299878656025951,0.2595112790670716
1027,CUST00321,CUST00321,ACC76029,518.03,transfer,atm,2024-03-16T11:00:00+00:00,Transaction 1027,ZW,834.8849999999999,1725.32,40,0.6204806650017668,0.30025154753900724
1034,CUST00321,CUST00321,ACC42460,484.71,transfer,online,2024-03-19T02:00:00+00:00,Transaction 1034,ZW,827.1568292682925,1725.32,41,0.585995282694791,0.2809391880926437
1025,CUST00321,CUST00321,ACC93617,469.41,transfer,online,2024-03-19T04:00:00+00:00,Transaction 1025,ZW,819.0033333333331,1725.32,42,0.5731478504360994,0.27207126793870123
1001,CUST00321,CUST00321,ACC11853,651.26,deposit,mobile,2024-03-19T08:00:00+00:00,Transaction 1001,ZW,810.8732558139534,1725.32,43,0.8031588109861463,0.37747200519323953
1005,CUST00321,CUST00321,ACC62787,1625.66,deposit,mobile,2024-03-21T08:00:00+00:00,Transaction 1005,ZW,807.2456818181818,1725.32,44,2.013835486042466,0.9422368024482416
1006,CUST00321,CUST00321,ACC74970,635.14,transfer,online,2024-03-22T10:00:00+00:00,Transaction 1006,ZW,825.4326666666667,1725.32,45,0.7694631260050284,0.3681288108872557
1033,CUST00321,CUST00321,ACC51668,445.39,deposit,atm,2024-03-27T04:00:00+00:00,Transaction 1033,ZW,821.2958695652175,1725.32,46,0.5423015219055993,0.258149212899636
1040,CUST00321,CUST00321,ACC74738,1003.24,deposit,online,2024-03-29T15:00:00+00:00,Transaction 1040,ZW,813.2978723404256,1725.32,47,1.2335455853499018,0.5814805369438714
1050,CUST00321,CUST00321,ACC37772,100.0,deposit,atm,2024-03-30T13:00:00+00:00,Transaction 1050,ZW,817.255,1725.32,48,0.12236082985114805,0.05796026244406835
1026,CUST00321,CUST00321,ACC51011,973.02,deposit,mobile,2024-03-30T14:00:00+00:00,Transaction 1026,ZW,802.6171428571428,1725.32,49,1.2123090176422846,0.5639649456332738
1082,CUST00322,CUST00322,ACC71830,100.0,transfer,branch,2024-01-02T13:00:00+00:00,Transaction 1082,ZW,100.0,100.0,0,1.0,1.0
1066,CUST00322,CUST00322,ACC97448,282.75,withdraw,online,2024-01-04T09:00:00+00:00,Transaction 1066,ZW,100.0,100.0,1,2.8275,2.8275
1077,CUST00322,CUST00322,ACC26380,1084.75,deposit,card,2024-01-05T07:00:00+00:00,Transaction 1077,ZW,191.375,282.75,2,5.668190725016329,3.8364279398762156
1099,CUST00322,CUST00322,ACC55420,2299.53,deposit,card,2024-01-06T04:00:00+00:00,Transaction 1099,ZW,489.1666666666667,1084.75,3,4.700913117546849,2.1198709380041487
1073,CUST00322,CUST00322,ACC76663,2554.41,transfer,branch,2024-01-07T01:00:00+00:00,Transaction 1073,ZW,941.7575,2299.53,4,2.712386150362487,1.1108400412258155
1090,CUST00322,CUST00322,ACC47979,982.22,transfer,mobile,2024-01-08T02:00:00+00:00,Transaction 1090,ZW,1264.288,2554.41,5,0.7768957705839176,0.3845193214871536
1093,CUST00322,CUST00322,ACC17996,100.0,transfer,mobile,2024-01-08T07:00:00+00:00,Transaction 1093,ZW,1217.2766666666669,2554.41,6,0.08215059299036372,0.03914798329164074
1083,CUST00322,CUST00322,ACC55310,1170.31,transfer,online,2024-01-08T10:00:00+00:00,Transaction 1083,ZW,1057.6657142857143,2554.41,7,1.1065027297309709,0.45815276326040066
1087,CUST00322,CUST00322,ACC59387,1993.09,transfer,branch,2024-01-08T12:00:00+00:00,Transaction 1087,ZW,1071.7462500000001,2554.41,8,1.8596659423814168,0.7802545401873623
1056,CUST00322,CUST00322,ACC79788,2196.82,transfer,mobile,2024-01-09T16:00:00+00:00,Transaction 1056,ZW,1174.117777777778,2554.41,9,1.871038869846485,0.860010726547422
1060,CUST00322,CUST00322,ACC10822,898.84,transfer,mobile,2024-01-13T13:00:00+00:00,Transaction 1060,ZW,1276.3880000000001,2554.41,10,0.7042059311118563,0.3518777330185836
1095,CUST00322,CUST00322,ACC58293,210.5,withdraw,mobile,2024-01-14T02:00:00+00:00,Transaction 1095,ZW,1242.0654545454547,2554.41,11,0.16947577056398724,0.08240650482890374
1068,CUST00322,CUST00322,ACC39732,100.0,transfer,mobile,2024-01-20T10:00:00+00:00,Transaction 1068,ZW,1156.1016666666667,2554.41,12,0.08649758311336517,0.03914798329164074
1059,CUST00322,CUST00322,ACC26611,1182.93,transfer,mobile,2024-01-21T16:00:00+00:00,Transaction 1059,ZW,1074.863076923077,2554.41,13,1.100540176136925,0.46309323875180575
1061,CUST00322,CUST00322,ACC94582,824.19,transfer,atm,2024-01-23T14:00:00+00:00,Transaction 1061,ZW,1082.582142857143,2554.41,14,0.7613186726180461,0.32265376349137376
1072,CUST00322,CUST00322,ACC63396,1513.28,withdraw,card,2024-01-24T02:00:00+00:00,Transaction 1072,ZW,1065.3560000000002,2554.41,15,1.4204453722511532,0.5924186015557409
1071,CUST00322,CUST00322,ACC21330,2497.3,deposit,atm,2024-01-25T08:00:00+00:00,Transaction 1071,ZW,1093.3512500000002,2554.41,16,2.2840784240197283,0.9776425867421441
1089,CUST00322,CUST00322,ACC46159,2352.94,transfer,branch,2024-01-26T14:00:00+00:00,Transaction 1089,ZW,1175.9364705882354,2554.41,17,2.000907411965032,0.9211285580623315
1058,CUST00322,CUST00322,ACC58996,100.0,transfer,branch,2024-01-26T16:00:00+00:00,Transaction 1058,ZW,1241.3255555555556,2554.41,18,0.08055904396107029,0.03914798329164074
1051,CUST00322,CUST00322,ACC87152,366.17,transfer,atm,2024-01-28T14:00:00+00:00,Transaction 1051,ZW,1181.2557894736842,2554.41,19,0.3099836659113005,0.1433481704190009
1069,CUST00322,CUST00322,ACC95437,100.0,transfer,card,2024-01-28T17:00:00+00:00,Transaction 1069,ZW,1140.5014999999999,2554.41,20,0.08768072641728224,0.03914798329164074
1074,CUST00322,CUST00322,ACC19829,1430.95,transfer,atm,2024-01-31T10:00:00+00:00,Transaction 1074,ZA,1090.9538095238095,2554.41,21,1.3116503994102147,0.5601880669117331
1091,CUST00322,CUST00322,ACC31275,870.01,deposit,branch,2024-01-31T16:00:00+00:00,Transaction 1091,ZW,1106.408181818182,2554.41,22,0.7863372797644137,0.34059136943560353
1064,CUST00322,CUST00322,ACC19329,100.0,withdraw,online,2024-02-01T13:00:00+00:00,Transaction 1064,ZW,1096.1299999999999,2554.41,23,0.09123005482926297,0.03914798329164074
1100,CUST00322,CUST00322,ACC98054,760.01,transfer,card,2024-02-03T11:00:00+00:00,Transaction 1100,ZW,1054.6245833333335,2554.41,24,0.7206450636660201,0.29752858781479874
1088,CUST00322,CUST00322,ACC49165,485.89,transfer,mobile,2024-02-05T12:00:00+00:00,Transaction 1088,ZW,1042.84,2554.41,25,0.4659295769245522,0.19021613601575316
1062,CUST00322,CUST00322,ACC14349,1323.43,transfer,branch,2024-02-06T13:00:00+00:00,Transaction 1062,ZW,1021.4188461538462,2554.41,26,1.2956780707379516,0.5180961552765609
1098,CUST00322,CUST00322,ACC83871,372.3,deposit,branch,2024-02-08T08:00:00+00:00,Transaction 1098,ZW,1032.6044444444444,2554.41,27,0.36054464224226984,0.14574794179477846
1070,CUST00322,CUST00322,ACC21704,179.39,deposit,online,2024-02-09T08:00:00+00:00,Transaction 1070,ZW,1009.0221428571429,2554.41,28,0.17778598940558432,0.0702275672268743
1094,CUST00322,CUST00322,ACC61715,1515.81,transfer,mobile,2024-02-13T06:00:00+00:00,Transaction 1094,ZW,980.4141379310345,2554.41,29,1.5460915355615026,0.5934090455330194
1084,CUST00322,CUST00322,ACC21850,1787.87,transfer,mobile,2024-02-17T14:00:00+00:00,Transaction 1084,ZW,998.2606666666667,2554.41,30,1.7909851201189266,0.6999150488762571
1057,CUST00322,CUST00322,ACC45985,100.0,transfer,atm,2024-02-19T16:00:00+00:00,Transaction 1057,ZW,1023.7319354838709,2554.41,31,0.09768182131852184,0.03914798329164074
1076,CUST00322,CUST00322,ACC17643,100.0,transfer,mobile,2024-02-20T11:00:00+00:00,Transaction 1076,ZW,994.8653125,2554.41,32,0.10051611885905411,0.03914798329164074
1092,CUST00322,CUST00322,ACC14080,285.7,transfer,mobile,2024-02-24T02:00:00+00:00,Transaction 1092,ZW,967.7481818181818,2554.41,33,0.29522142781320837,0.11184578826421757
1096,CUST00322,CUST00322,ACC99232,760.96,transfer,mobile,2024-02-27T10:00:00+00:00,Transaction 1096,ZW,947.6879411764705,2554.41,34,0.8029647386410085,0.29790049365606935
1065,CUST00322,CUST00322,ACC13778,598.89,withdraw,online,2024-02-29T15:00:00+00:00,Transaction 1065,ZW,942.3528571428571,2554.41,35,0.635526273901041,0.23445335713530718
1053,CUST00322,CUST00322,ACC84552,584.54,withdraw,mobile,2024-02-29T16:00:00+00:00,Transaction 1053,ZW,932.8122222222222,2554.41,36,0.626642732668597,0.22883562153295672
1052,CUST00322,CUST00322,ACC76852,197.28,withdraw,atm,2024-03-02T14:00:00+00:00,Transaction 1052,ZW,923.3994594594594,2554.41,37,0.21364534923540457,0.07723114143774884
1079,CUST00322,CUST00322,ACC26401,632.12,transfer,online,2024-03-04T06:00:00+00:00,Transaction 1079,ZW,904.2910526315789,2554.41,38,0.699022729640492,0.2474622319831194
1078,CUST00322,CUST00322,ACC15519,100.0,deposit,mobile,2024-03-05T08:00:00+00:00,Transaction 1078,ZW,897.3123076923077,2554.41,39,0.1114439188482528,0.03914798329164074
1097,CUST00322,CUST00322,ACC42648,958.49,transfer,card,2024-03-05T10:00:00+00:00,Transaction 1097,ZW,877.3795,2554.41,40,1.092446313140437,0.3752295050520473
1067,CUST00322,CUST00322,ACC30131,885.25,transfer,mobile,2024-03-09T01:00:00+00:00,Transaction 1067,ZW,879.3578048780487,2554.41,41,1.0067005661282196,0.3465575220892496
1063,CUST00322,CUST00322,ACC10030,100.0,transfer,online,2024-03-16T15:00:00+00:00,Transaction 1063,ZW,879.4980952380952,2554.41,42,0.11370121270464865,0.03914798329164074
1086,CUST00322,CUST00322,ACC81202,100.0,deposit,branch,2024-03-20T16:00:00+00:00,Transaction 1086,ZW,861.3702325581395,2554.41,43,0.11609409777606908,0.03914798329164074
1075,CUST00322,CUST00322,ACC35007,1653.34,transfer,online,2024-03-22T07:00:00+00:00,Transaction 1075,ZW,844.0663636363636,2554.41,44,1.958779630640848,0.6472492669540129
1085,CUST00322,CUST00322,ACC24689,100.0,transfer,mobile,2024-03-23T21:00:00+00:00,Transaction 1085,ZW,862.0502222222221,2554.41,45,0.11600252215261499,0.03914798329164074
1055,CUST00322,CUST00322,ACC26286,805.06,deposit,mobile,2024-03-24T16:00:00+00:00,Transaction 1055,SG,845.4839130434782,2554.41,46,0.9521884302943567,0.31516475428768287
1081,CUST00322,CUST00322,ACC37122,1100.49,withdraw,mobile,2024-03-27T20:00:00+00:00,Transaction 1081,ZW,844.6238297872338,2554.41,47,1.302935059595963,0.4308196413261771
1080,CUST00322,CUST00322,ACC57137,100.0,transfer,atm,2024-03-27T22:00:00+00:00,Transaction 1080,ZW,849.9543749999999,2554.41,48,0.11765337404140076,0.03914798329164074
1054,CUST00322,CUST00322,ACC48884,100.0,withdraw,card,2024-03-30T13:00:00+00:00,Transaction 1054,ZW,834.6491836734693,2554.41,49,0.11981081627598153,0.03914798329164074
1119,CUST00323,CUST00323,ACC60706,2607.07,transfer,mobile,2024-01-06T14:00:00+00:00,Transaction 1119,ZW,2607.07,2607.07,0,1.0,1.0
1136,CUST00323,CUST00323,ACC27830,3965.28,transfer,branch,2024-01-08T03:00:00+00:00,Transaction 1136,ZW,2607.07,2607.07,1,1.5209718189385018,1.5209718189385018
1140,CUST00323,CUST00323,ACC46628,100.0,transfer,mobile,2024-01-10T04:00:00+00:00,Transaction 1140,ZW,3286.175,3965.28,2,0.03043051572116518,0.02521890005245531
1125,CUST00323,CUST00323,ACC50366,189.48,transfer,mobile,2024-01-13T04:00:00+00:00,Transaction 1125,ZW,2224.116666666667,3965.28,3,0.08519337264981602,0.04778477181939232
1144,CUST00323,CUST00323,ACC35543,100.0,transfer,mobile,2024-01-14T01:00:00+00:00,Transaction 1144,ZW,1715.4575,3965.28,4,0.05829348730586447,0.02521890005245531
1114,CUST00323,CUST00323,ACC73389,2183.2,transfer,card,2024-01-17T05:00:00+00:00,Transaction 1114,ZW,1392.366,3965.28,5,1.5679785343796098,0.5505790259452042
1117,CUST00323,CUST00323,ACC52759,4980.32,transfer,atm,2024-01-17T15:00:00+00:00,Transaction 1117,ZW,1524.1716666666664,3965.28,6,3.267558444313469,1.2559819230924423
1120,CUST00323,CUST00323,ACC46294,2092.32,transfer,online,2024-01-19T08:00:00+00:00,Transaction 1120,ZW,2017.9071428571426,4980.32,7,1.0368762543936967,0.42011758280592415
1131,CUST00323,CUST00323,ACC35724,7048.44,transfer,atm,2024-01-22T06:00:00+00:00,Transaction 1131,ZW,2027.20875,4980.32,8,3.4769186942390613,1.415258457287885
1128,CUST00323,CUST00323,ACC10627,1744.1,transfer,atm,2024-01-22T16:00:00+00:00,Transaction 1128,ZW,2585.1233333333334,7048.44,9,0.6746680042344853,0.24744482467042353
1141,CUST00323,CUST00323,ACC10593,10702.68,transfer,card,2024-01-23T02:00:00+00:00,Transaction 1141,ZW,2501.0209999999997,7048.44,10,4.279324323946101,1.5184466350000851
1146,CUST00323,CUST00323,ACC40816,4937.66,deposit,mobile,2024-01-24T01:00:00+00:00,Transaction 1146,CH,3246.6263636363637,10702.68,11,1.5208587151585884,0.46134799881898736
1138,CUST00323,CUST00323,ACC58672,3291.09,transfer,online,2024-01-24T04:00:00+00:00,Transaction 1138,ZW,3387.5458333333336,10702.68,12,0.9715263385120251,0.3075014856092119
1129,CUST00323,CUST00323,ACC79013,2117.14,deposit,online,2024-01-24T20:00:00+00:00,Transaction 1129,ZW,3380.126153846154,10702.68,13,0.6263494034360119,0.19781400546405198
1132,CUST00323,CUST00323,ACC98853,3386.71,transfer,atm,2024-01-29T07:00:00+00:00,Transaction 1132,ZW,3289.912857142857,10702.68,14,1.0294224032855408,0.3164356964797602
1150,CUST00323,CUST00323,ACC97196,3572.84,deposit,online,2024-01-29T20:00:00+00:00,Transaction 1150,ZW,3296.366,10702.68,15,1.0838723612608552,0.3338266677131335
1118,CUST00323,CUST00323,ACC28989,100.0,deposit,mobile,2024-02-02T14:00:00+00:00,Transaction 1118,ZW,3313.645625,10702.68,16,0.030178242128712843,0.009343454162882568
1142,CUST00323,CUST00323,ACC88577,7254.21,transfer,online,2024-02-03T09:00:00+00:00,Transaction 1142,ZW,3124.6076470588237,10702.68,17,2.3216386885656983,0.6777937862292435
1121,CUST00323,CUST00323,ACC67073,399.4,transfer,card,2024-02-05T19:00:00+00:00,Transaction 1121,ZW,3354.03,10702.68,18,0.11908062837839851,0.037317755926552974
1104,CUST00323,CUST00323,ACC77799,3710.69,deposit,mobile,2024-02-05T21:00:00+00:00,Transaction 1104,ZW,3198.523157894737,10702.68,19,1.1601260384315524,0.3467066192766671
1123,CUST00323,CUST00323,ACC88633,7051.5,transfer,mobile,2024-02-06T04:00:00+00:00,Transaction 1123,ZW,3224.1315000000004,10702.68,20,2.1871006191900046,0.6588536702956642
1149,CUST00323,CUST00323,ACC54596,6325.98,withdraw,online,2024-02-09T09:00:00+00:00,Transaction 1149,ZW,3406.387142857143,10702.68,21,1.8570936698328475,0.5910650416531186
1103,CUST00323,CUST00323,ACC72780,290.58,transfer,online,2024-02-10T21:00:00+00:00,Transaction 1103,ZW,3539.095909090909,10702.68,22,0.0821057149803667,0.027150209106504165
1134,CUST00323,CUST00323,ACC18896,831.83,deposit,atm,2024-02-12T16:00:00+00:00,Transaction 1134,ZW,3397.8560869565217,10702.68,23,0.24481025055568928,0.07772165476310607
1101,CUST00323,CUST00323,ACC88749,100.0,transfer,mobile,2024-02-14T03:00:00+00:00,Transaction 1101,ZW,3290.938333333333,10702.68,24,0.030386470322800542,0.009343454162882568
1122,CUST00323,CUST00323,ACC84903,4580.7,transfer,online,2024-02-16T11:00:00+00:00,Transaction 1122,ZW,3163.3007999999995,10702.68,25,1.4480760097174448,0.42799560483916177
1139,CUST00323,CUST00323,ACC39442,100.0,deposit,online,2024-02-21T13:00:00+00:00,Transaction 1139,ZW,3217.816153846153,10702.68,26,0.03107697743405048,0.009343454162882568
1133,CUST00323,CUST00323,ACC61014,8600.3,transfer,online,2024-02-21T18:00:00+00:00,Transaction 1133,ZW,3102.341481481481,10702.68,27,2.77219643657443,0.8035650883703894
1105,CUST00323,CUST00323,ACC51406,3405.37,transfer,mobile,2024-02-22T15:00:00+00:00,Transaction 1105,ZW,3298.6971428571424,10702.68,28,1.0323378753862997,0.31817918502655407
1148,CUST00323,CUST00323,ACC85318,100.0,deposit,mobile,2024-02-23T22:00:00+00:00,Transaction 1148,ZW,3302.375517241379,10702.68,29,0.03028123224566976,0.009343454162882568
1110,CUST00323,CUST00323,ACC16658,2274.67,deposit,online,2024-02-25T15:00:00+00:00,Transaction 1110,ZW,3195.6296666666663,10702.68,30,0.7118065099116097,0.2125327488068409
1107,CUST00323,CUST00323,ACC68144,100.0,transfer,online,2024-03-02T04:00:00+00:00,Transaction 1107,ZW,3165.9212903225803,10702.68,31,0.031586382234351396,0.009343454162882568
1113,CUST00323,CUST00323,ACC82736,3688.96,transfer,branch,2024-03-02T12:00:00+00:00,Transaction 1113,ZW,3070.11125,10702.68,32,1.2015720928679703,0.3446762866870728
1109,CUST00323,CUST00323,ACC19211,1565.7,transfer,mobile,2024-03-04T04:00:00+00:00,Transaction 1109,ZW,3088.8642424242425,10702.68,33,0.5068853394382872,0.14629046182825237
1145,CUST00323,CUST00323,ACC45302,2892.51,withdraw,online,2024-03-06T16:00:00+00:00,Transaction 1145,ZW,3044.065294117647,10702.68,34,0.9502128635642236,0.27026034600679455
1106,CUST00323,CUST00323,ACC78091,2816.53,transfer,online,2024-03-08T10:00:00+00:00,Transaction 1106,ZW,3039.735142857143,10702.68,35,0.9265708581941303,0.2631611895338364
1147,CUST00323,CUST00323,ACC24194,100.0,transfer,online,2024-03-09T08:00:00+00:00,Transaction 1147,ZW,3033.535,10702.68,36,0.032964841348459804,0.009343454162882568
1135,CUST00323,CUST00323,ACC22863,4734.32,deposit,card,2024-03-11T19:00:00+00:00,Transaction 1135,ZW,2954.25027027027,10702.68,37,1.6025453387085176,0.44234901912418195
1124,CUST00323,CUST00323,ACC29751,4798.32,transfer,mobile,2024-03-13T17:00:00+00:00,Transaction 1124,ZW,3001.0942105263152,10702.68,38,1.5988568380059276,0.4483288297884268
1102,CUST00323,CUST00323,ACC28583,7602.98,transfer,online,2024-03-16T03:00:00+00:00,Transaction 1102,ZW,3047.176923076923,10702.68,39,2.495089780452525,0.710380951313129
1130,CUST00323,CUST00323,ACC47428,2013.02,transfer,mobile,2024-03-17T19:00:00+00:00,Transaction 1130,ZW,3161.072,10702.68,40,0.6368156119189945,0.18808560098965865
1126,CUST00323,CUST00323,ACC26740,5295.21,transfer,atm,2024-03-19T10:00:00+00:00,Transaction 1126,ZW,3133.0707317073175,10702.68,41,1.6901022841301954,0.494755519178374
1112,CUST00323,CUST00323,ACC21923,100.0,transfer,online,2024-03-20T03:00:00+00:00,Transaction 1112,ZW,3184.5502380952385,10702.68,42,0.031401608554874796,0.009343454162882568
1143,CUST00323,CUST00323,ACC20368,1103.87,transfer,mobile,2024-03-22T20:00:00+00:00,Transaction 1143,ZW,3112.8165116279074,10702.68,43,0.35462096653512987,0.1031395874678118
1115,CUST00323,CUST00323,ACC31512,6582.9,transfer,mobile,2024-03-24T20:00:00+00:00,Transaction 1115,ZW,3067.1586363636366,10702.68,44,2.1462535135791208,0.6150702440883965
1116,CUST00323,CUST00323,ACC54522,5741.05,transfer,branch,2024-03-26T01:00:00+00:00,Transaction 1116,ZW,3145.2862222222225,10702.68,45,1.8252869832443441,0.5364123752181696
1127,CUST00323,CUST00323,ACC20597,2533.22,deposit,mobile,2024-03-26T12:00:00+00:00,Transaction 1127,ZW,3201.7158695652174,10702.68,46,0.7912069974978769,0.23669024954497375
1108,CUST00323,CUST00323,ACC66360,7491.32,deposit,atm,2024-03-27T19:00:00+00:00,Transaction 1108,ZW,3187.492553191489,10702.68,47,2.3502235299339875,0.6999480503948543
1137,CUST00323,CUST00323,ACC44303,100.0,deposit,mobile,2024-03-30T08:00:00+00:00,Transaction 1137,ZW,3277.155625,10702.68,48,0.030514266468501937,0.009343454162882568
1111,CUST00323,CUST00323,ACC94498,100.0,transfer,mobile,2024-03-30T12:00:00+00:00,Transaction 1111,ZW,3212.3157142857144,10702.68,49,0.031130190458952395,0.009343454162882568
1164,CUST00324,CUST00324,ACC19218,100.0,transfer,atm,2024-01-01T19:00:00+00:00,Transaction 1164,ZW,100.0,100.0,0,1.0,1.0
1170,CUST00324,CUST00324,ACC72497,100.0,withdraw,branch,2024-01-02T10:00:00+00:00,Transaction 1170,ZW,100.0,100.0,1,1.0,1.0
1172,CUST00324,CUST00324,ACC60259,653.28,withdraw,mobile,2024-01-04T01:00:00+00:00,Transaction 1172,ZW,100.0,100.0,2,6.5328,6.5328
1181,CUST00324,CUST00324,ACC11647,1174.6,transfer,online,2024-01-04T04:00:00+00:00,Transaction 1181,ZW,284.4266666666667,653.28,3,4.129711231951997,1.7980039186872396
1197,CUST00324,CUST00324,ACC91467,626.24,deposit,online,2024-01-04T07:00:00+00:00,Transaction 1197,ZW,506.96999999999997,1174.6,4,1.2352604690612858,0.5331517112208412
1162,CUST00324,CUST00324,ACC31867,207.87,transfer,online,2024-01-05T21:00:00+00:00,Transaction 1162,ZW,530.824,1174.6,5,0.3915987219869486,0.17697088370509112
1179,CUST00324,CUST00324,ACC75324,1160.51,transfer,mobile,2024-01-06T04:00:00+00:00,Transaction 1179,ZW,476.9983333333333,1174.6,6,2.432943511333024,0.988004427038992
1195,CUST00324,CUST00324,ACC72509,743.37,deposit,branch,2024-01-09T08:00:00+00:00,Transaction 1195,ZW,574.6428571428571,1174.6,7,1.2936208825357365,0.6328707645155798
1166,CUST00324,CUST00324,ACC66901,1348.31,transfer,mobile,2024-01-10T13:00:00+00:00,Transaction 1166,ZW,595.73375,1174.6,8,2.2632761699332966,1.1478886429422783
1178,CUST00324,CUST00324,ACC21619,1385.3,deposit,atm,2024-01-18T21:00:00+00:00,Transaction 1178,ZW,679.3533333333334,1348.31,9,2.0391450693306377,1.0274343437340077
1187,CUST00324,CUST00324,ACC17932,100.0,withdraw,atm,2024-01-22T09:00:00+00:00,Transaction 1187,ZW,749.9480000000001,1385.3,10,0.13334257841877034,0.07218652999350321
1189,CUST00324,CUST00324,ACC56615,601.01,transfer,online,2024-01-26T20:00:00+00:00,Transaction 1189,ZW,690.8618181818182,1385.3,11,0.8699424171127498,0.43384826391395365
1194,CUST00324,CUST00324,ACC79153,100.0,transfer,online,2024-01-27T20:00:00+00:00,Transaction 1194,ZW,683.3741666666666,1385.3,12,0.14633271914239274,0.07218652999350321
1180,CUST00324,CUST00324,ACC85276,855.43,deposit,branch,2024-01-31T01:00:00+00:00,Transaction 1180,ZW,638.4992307692307,1385.3,13,1.3397510267466137,0.6175052335234246
1175,CUST00324,CUST00324,ACC34209,1543.96,transfer,mobile,2024-01-31T09:00:00+00:00,Transaction 1175,ZW,653.9942857142858,1385.3,14,2.3608157345193055,1.1145311484876923
1199,CUST00324,CUST00324,ACC92363,100.0,transfer,branch,2024-01-31T10:00:00+00:00,Transaction 1199,ZW,713.3253333333334,1543.96,15,0.14018848809519358,0.06476851731910153
1157,CUST00324,CUST00324,ACC55004,1099.26,withdraw,mobile,2024-02-01T21:00:00+00:00,Transaction 1157,ZW,674.9925000000001,1543.96,16,1.6285514283492037,0.7119744034819555
1200,CUST00324,CUST00324,ACC65148,100.0,deposit,atm,2024-02-01T21:00:00+00:00,Transaction 1200,ZW,699.9494117647059,1543.96,17,0.14286746773296222,0.06476851731910153
1161,CUST00324,CUST00324,ACC89936,322.86,withdraw,online,2024-02-04T21:00:00+00:00,Transaction 1161,ZW,666.6188888888889,1543.96,18,0.4843247099375455,0.20911163501645122
1159,CUST00324,CUST00324,ACC54863,1038.81,withdraw,online,2024-02-07T19:00:00+00:00,Transaction 1159,ZW,648.5263157894738,1543.96,19,1.6018008440188278,0.6728218347625585
1196,CUST00324,CUST00324,ACC77608,919.66,withdraw,branch,2024-02-09T07:00:00+00:00,Transaction 1196,ZW,668.0405000000001,1543.96,20,1.376653062202067,0.5956501463768491
1190,CUST00324,CUST00324,ACC87986,519.49,transfer,branch,2024-02-11T07:00:00+00:00,Transaction 1190,ZW,680.022380952381,1543.96,21,0.7639307389742774,0.33646597062100053
1167,CUST00324,CUST00324,ACC48794,511.53,transfer,branch,2024-02-11T14:00:00+00:00,Transaction 1167,ZW,672.7254545454546,1543.96,22,0.7603844875256419,0.33131039664240003
1173,CUST00324,CUST00324,ACC63148,795.83,transfer,branch,2024-02-14T05:00:00+00:00,Transaction 1173,ZW,665.7169565217392,1543.96,23,1.1954479936309268,0.5154472913806057
1191,CUST00324,CUST00324,ACC32342,100.0,withdraw,branch,2024-02-14T08:00:00+00:00,Transaction 1191,ZW,671.1383333333333,1543.96,24,0.14900057861891364,0.06476851731910153
1158,CUST00324,CUST00324,ACC33362,632.28,transfer,online,2024-02-14T19:00:00+00:00,Transaction 1158,ZW,648.2927999999999,1543.96,25,0.9753000496072146,0.4095183813052151
1192,CUST00324,CUST00324,ACC91286,1037.08,deposit,mobile,2024-02-15T12:00:00+00:00,Transaction 1192,ZW,647.676923076923,1543.96,26,1.601230433026913,0.6717013394129381
1156,CUST00324,CUST00324,ACC94395,806.74,deposit,atm,2024-02-16T20:00:00+00:00,Transaction 1156,ZW,662.0992592592593,1543.96,27,1.2184577897014435,0.5225135366201197
1171,CUST00324,CUST00324,ACC44580,253.81,transfer,mobile,2024-02-17T03:00:00+00:00,Transaction 1171,ZW,667.2650000000001,1543.96,28,0.3803736146808239,0.16438897380761158
1198,CUST00324,CUST00324,ACC18117,109.98,withdraw,atm,2024-02-17T17:00:00+00:00,Transaction 1198,ZW,653.0079310344829,1543.96,29,0.168420619066252,0.07123241534754786
1185,CUST00324,CUST00324,ACC17554,238.67,transfer,atm,2024-02-18T21:00:00+00:00,Transaction 1185,ZW,634.907,1543.96,30,0.3759133227386058,0.1545830202854996
1183,CUST00324,CUST00324,ACC55013,273.93,transfer,online,2024-02-24T20:00:00+00:00,Transaction 1183,ZW,622.1251612903226,1543.96,31,0.4403133276780733,0.17742039949221483
1168,CUST00324,CUST00324,ACC98119,717.16,withdraw,mobile,2024-02-27T17:00:00+00:00,Transaction 1168,ZW,611.2440624999999,1543.96,32,1.1732792905452558,0.4644938988056685
1155,CUST00324,CUST00324,ACC59124,466.32,transfer,online,2024-03-03T21:00:00+00:00,Transaction 1155,ZW,614.4536363636363,1543.96,33,0.7589181223821904,0.3020285499624342
1177,CUST00324,CUST00324,ACC80663,100.0,transfer,atm,2024-03-04T07:00:00+00:00,Transaction 1177,ZW,610.0967647058823,1543.96,34,0.16390842532693708,0.06476851731910153
1153,CUST00324,CUST00324,ACC24831,100.0,transfer,branch,2024-03-08T18:00:00+00:00,Transaction 1153,ZW,595.5225714285714,1543.96,35,0.16791974779413424,0.06476851731910153
1193,CUST00324,CUST00324,ACC12074,783.9,withdraw,online,2024-03-09T07:00:00+00:00,Transaction 1193,ZW,581.7580555555555,1543.96,36,1.3474673749921813,0.5077204072644369
1160,CUST00324,CUST00324,ACC28473,269.67,transfer,branch,2024-03-13T21:00:00+00:00,Transaction 1160,ZW,587.2213513513514,1543.96,37,0.45923057698671577,0.1746612606544211
1151,CUST00324,CUST00324,ACC34431,100.0,transfer,online,2024-03-15T18:00:00+00:00,Transaction 1151,ZW,578.8647368421052,1543.96,38,0.1727519291389771,0.06476851731910153
1163,CUST00324,CUST00324,ACC82802,237.89,transfer,mobile,2024-03-15T21:00:00+00:00,Transaction 1163,ZW,566.5861538461538,1543.96,39,0.4198655374564531,0.15407782585041063
1182,CUST00324,CUST00324,ACC88263,126.72,transfer,branch,2024-03-16T01:00:00+00:00,Transaction 1182,ZW,558.36875,1543.96,40,0.22694679815086358,0.08207466514676545
1188,CUST00324,CUST00324,ACC92700,163.59,transfer,card,2024-03-16T04:00:00+00:00,Transaction 1188,ZW,547.8407317073171,1543.96,41,0.2986086841155098,0.10595481748231819
1186,CUST00324,CUST00324,ACC42478,684.11,transfer,mobile,2024-03-17T01:00:00+00:00,Transaction 1186,ZW,538.6919047619048,1543.96,42,1.2699466874341991,0.4430879038317055
1176,CUST00324,CUST00324,ACC21735,932.67,transfer,branch,2024-03-17T02:00:00+00:00,Transaction 1176,ZW,542.0737209302326,1543.96,43,1.7205593335155216,0.6040765304800642
1184,CUST00324,CUST00324,ACC85321,100.0,transfer,mobile,2024-03-19T18:00:00+00:00,Transaction 1184,ZW,550.9509090909091,1543.96,44,0.18150437425541954,0.06476851731910153
1169,CUST00324,CUST00324,ACC32368,279.93,deposit,branch,2024-03-21T11:00:00+00:00,Transaction 1169,ZW,540.9297777777778,1543.96,45,0.5174978555441988,0.1813065105313609
1174,CUST00324,CUST00324,ACC45158,593.53,transfer,branch,2024-03-21T21:00:00+00:00,Transaction 1174,ZW,535.2558695652174,1543.96,46,1.1088715392922603,0.3844205808440633
1152,CUST00324,CUST00324,ACC39890,632.24,transfer,online,2024-03-22T19:00:00+00:00,Transaction 1152,ZW,536.4957446808511,1543.96,47,1.178462282820351,0.4094924738982875
1154,CUST00324,CUST00324,ACC30264,749.71,transfer,mobile,2024-03-26T18:00:00+00:00,Transaction 1154,ZW,538.4904166666666,1543.96,48,1.3922439040620502,0.4855760511930361
1165,CUST00324,CUST00324,ACC60245,349.78,transfer,branch,2024-03-28T18:00:00+00:00,Transaction 1165,ZW,542.8010204081631,1543.96,49,0.6443981990619332,0.22654731987875332
1227,CUST00325,CUST00325,ACC30231,9133.18,transfer,branch,2024-01-04T07:00:00+00:00,Transaction 1227,ZW,9133.18,9133.18,0,1.0,1.0
1207,CUST00325,CUST00325,ACC77617,16839.12,transfer,mobile,2024-01-04T16:00:00+00:00,Transaction 1207,ZW,9133.18,9133.18,1,1.8437302232081267,1.8437302232081267
1215,CUST00325,CUST00325,ACC89994,100.0,transfer,mobile,2024-01-08T15:00:00+00:00,Transaction 1215,ZW,12986.15,16839.12,2,0.007700511699002399,0.005938552608449848
1238,CUST00325,CUST00325,ACC80733,9874.14,withdraw,card,2024-01-09T07:00:00+00:00,Transaction 1238,CH,8690.766666666666,16839.12,3,1.13616443505176,0.5863809985319898
1212,CUST00325,CUST00325,ACC58308,100.0,withdraw,card,2024-01-10T16:00:00+00:00,Transaction 1212,ZW,8986.61,16839.12,4,0.011127666606206343,0.005938552608449848
1221,CUST00325,CUST00325,ACC33093,8889.08,deposit,online,2024-01-11T13:00:00+00:00,Transaction 1221,BF,7209.2880000000005,16839.12,5,1.2330038694528502,0.5278826922071937
1223,CUST00325,CUST00325,ACC81488,9888.43,withdraw,card,2024-01-15T12:00:00+00:00,Transaction 1223,ZW,7489.253333333334,16839.12,6,1.3203492470989542,0.5872296176997374
1217,CUST00325,CUST00325,ACC84441,23952.53,deposit,atm,2024-01-16T15:00:00+00:00,Transaction 1217,ZW,7831.992857142858,16839.12,7,3.0582931364850574,1.4224335951047324
1233,CUST00325,CUST00325,ACC74207,9616.0,withdraw,atm,2024-01-17T21:00:00+00:00,Transaction 1233,ZW,9847.060000000001,23952.53,8,0.9765351282514779,0.40146072252075254
1248,CUST00325,CUST00325,ACC72681,100.0,deposit,online,2024-01-21T00:00:00+00:00,Transaction 1248,ZW,9821.386666666667,23952.53,9,0.010181861624427779,0.0041749243190594065
1235,CUST00325,CUST00325,ACC78185,8879.4,transfer,mobile,2024-01-23T01:00:00+00:00,Transaction 1235,SD,8849.248000000001,23952.53,10,1.0034072951735558,0.37070822998656094
1241,CUST00325,CUST00325,ACC48647,18536.19,transfer,atm,2024-01-24T16:00:00+00:00,Transaction 1241,ZW,8851.989090909092,23952.53,11,2.0940141034557405,0.7738719041370578
1246,CUST00325,CUST00325,ACC29471,8691.65,withdraw,atm,2024-01-28T18:00:00+00:00,Transaction 1246,ZW,9659.005833333335,23952.53,12,0.8998493374965175,0.3628698095775269
1239,CUST00325,CUST00325,ACC42259,8589.39,deposit,card,2024-01-30T20:00:00+00:00,Transaction 1239,AF,9584.593846153846,23952.53,13,0.8961662995711386,0.3586005319688567
1213,CUST00325,CUST00325,ACC39807,100.0,withdraw,mobile,2024-01-31T15:00:00+00:00,Transaction 1213,ZW,9513.507857142857,23952.53,14,0.010511369886021462,0.0041749243190594065
1242,CUST00325,CUST00325,ACC93210,34193.81,deposit,card,2024-02-02T05:00:00+00:00,Transaction 1242,ZW,8885.940666666665,23952.53,15,3.848079936913076,1.4275656893029671
1237,CUST00325,CUST00325,ACC68321,100.0,transfer,mobile,2024-02-03T00:00:00+00:00,Transaction 1237,ZW,10467.682499999999,34193.81,16,0.009553212948520363,0.002924505926657486
1230,CUST00325,CUST00325,ACC20221,27046.79,transfer,card,2024-02-03T21:00:00+00:00,Transaction 1230,ZW,9857.818823529411,34193.81,17,2.7436890943301386,0.7909849765206043
1201,CUST00325,CUST00325,ACC84592,13067.57,transfer,mobile,2024-02-06T16:00:00+00:00,Transaction 1201,SG,10812.761666666665,34193.81,18,1.2085321403397253,0.38216185912011563
1234,CUST00325,CUST00325,ACC56781,9598.56,deposit,mobile,2024-02-06T18:00:00+00:00,Transaction 1234,ZW,10931.435789473684,34193.81,19,0.8780694672554209,0.28071045607377476
1225,CUST00325,CUST00325,ACC92460,33961.66,deposit,mobile,2024-02-07T14:00:00+00:00,Transaction 1225,ZW,10864.792,34193.81,20,3.1258453912417288,0.9932107594912648
1220,CUST00325,CUST00325,ACC11915,44957.86,withdraw,mobile,2024-02-08T02:00:00+00:00,Transaction 1220,ZW,11964.642857142857,34193.81,21,3.7575597146353843,1.314795280198375
1210,CUST00325,CUST00325,ACC46696,32214.06,transfer,mobile,2024-02-11T16:00:00+00:00,Transaction 1210,ZW,13464.334545454545,44957.86,22,2.392547503275995,0.7165389989648084
1231,CUST00325,CUST00325,ACC96748,6296.34,transfer,online,2024-02-13T11:00:00+00:00,Transaction 1231,ZW,14279.539999999999,44957.86,23,0.4409343718355073,0.14004981553837303
1240,CUST00325,CUST00325,ACC43133,843.97,withdraw,card,2024-02-15T01:00:00+00:00,Transaction 1240,AF,13946.906666666668,44957.86,24,0.06051306000470355,0.01877246826250182
1224,CUST00325,CUST00325,ACC29222,17681.74,withdraw,card,2024-02-15T04:00:00+00:00,Transaction 1224,BF,13422.7892,44957.86,25,1.317292534103121,0.3932958552742502
1244,CUST00325,CUST00325,ACC71612,9585.51,transfer,card,2024-02-16T09:00:00+00:00,Transaction 1244,ZW,13586.595,44957.86,26,0.7055123082714986,0.21321099358376933
1249,CUST00325,CUST00325,ACC19151,11455.45,withdraw,mobile,2024-02-16T13:00:00+00:00,Transaction 1249,ZW,13438.406666666666,44957.86,27,0.8524410880059691,0.25480416550076007
1203,CUST00325,CUST00325,ACC59152,2441.09,transfer,mobile,2024-02-18T16:00:00+00:00,Transaction 1203,ZW,13367.586785714286,44957.86,28,0.18261261655759375,0.0542972908408007
1226,CUST00325,CUST00325,ACC13094,9732.72,transfer,card,2024-02-18T19:00:00+00:00,Transaction 1226,KP,12990.81103448276,44957.86,29,0.7492003366199003,0.21648539321044194
1247,CUST00325,CUST00325,ACC46938,9833.08,transfer,mobile,2024-02-20T01:00:00+00:00,Transaction 1247,ZW,12882.208,44957.86,30,0.7633070355640896,0.21871770586945197
1211,CUST00325,CUST00325,ACC16587,100.0,withdraw,atm,2024-02-21T14:00:00+00:00,Transaction 1211,ZW,12783.849032258066,44957.86,31,0.00782237022258832,0.0022243051604324583
1219,CUST00325,CUST00325,ACC92254,8697.02,transfer,card,2024-02-26T10:00:00+00:00,Transaction 1219,ZW,12387.478750000002,44957.86,32,0.7020815272841537,0.193448264663843
1204,CUST00325,CUST00325,ACC73131,19113.26,deposit,atm,2024-02-28T14:00:00+00:00,Transaction 1204,ZW,12275.64666666667,44957.86,33,1.5570063654487716,0.42513722850687286
1232,CUST00325,CUST00325,ACC70789,23286.34,transfer,mobile,2024-02-28T21:00:00+00:00,Transaction 1232,ZW,12476.752941176474,44957.86,34,1.8663782243494722,0.5179592622958477
1216,CUST00325,CUST00325,ACC76264,100.0,transfer,mobile,2024-03-02T11:00:00+00:00,Transaction 1216,ZW,12785.59828571429,44957.86,35,0.007821300010006792,0.0022243051604324583
1209,CUST00325,CUST00325,ACC60370,100.0,transfer,mobile,2024-03-02T16:00:00+00:00,Transaction 1209,ZW,12433.22055555556,44957.86,36,0.008042968396898326,0.0022243051604324583
1202,CUST00325,CUST00325,ACC35530,664.89,deposit,atm,2024-03-04T16:00:00+00:00,Transaction 1202,NL,12099.890270270273,44957.86,37,0.054950085095701325,0.014789182581199371
1228,CUST00325,CUST00325,ACC75833,36600.8,transfer,mobile,2024-03-06T13:00:00+00:00,Transaction 1228,ZW,11798.969210526318,44957.86,38,3.102033690141933,0.8141134831595632
1243,CUST00325,CUST00325,ACC20443,9970.03,transfer,atm,2024-03-07T06:00:00+00:00,Transaction 1243,ML,12434.913589743594,44957.86,39,0.8017771838980331,0.22176389178666422
1205,CUST00325,CUST00325,ACC70932,18845.73,transfer,card,2024-03-09T14:00:00+00:00,Transaction 1205,ZW,12373.291500000001,44957.86,40,1.52309755249846,0.4191865449111679
1245,CUST00325,CUST00325,ACC49166,100.0,transfer,online,2024-03-12T03:00:00+00:00,Transaction 1245,ZW,12531.155853658536,44957.86,41,0.007980109829278397,0.0022243051604324583
1229,CUST00325,CUST00325,ACC34191,11264.25,withdraw,online,2024-03-14T08:00:00+00:00,Transaction 1229,ZW,12235.175952380952,44957.86,42,0.9206447086531673,0.25055129403401316
1214,CUST00325,CUST00325,ACC12026,100.0,deposit,mobile,2024-03-15T16:00:00+00:00,Transaction 1214,ZW,12212.596279069769,44957.86,43,0.00818826707400312,0.0022243051604324583
1236,CUST00325,CUST00325,ACC64256,26696.7,withdraw,online,2024-03-15T16:00:00+00:00,Transaction 1236,ZW,11937.31,44957.86,44,2.2364083700599213,0.5938160757651721
1206,CUST00325,CUST00325,ACC84041,27007.28,withdraw,mobile,2024-03-21T14:00:00+00:00,Transaction 1206,ZW,12265.296444444444,44957.86,45,2.2019263963434756,0.6007243227324431
1208,CUST00325,CUST00325,ACC54566,43963.03,deposit,card,2024-03-24T15:00:00+00:00,Transaction 1208,ZW,12585.774347826087,44957.86,46,3.4930731145353513,0.9778719449724698
1222,CUST00325,CUST00325,ACC29521,23154.56,transfer,mobile,2024-03-26T13:00:00+00:00,Transaction 1222,ZW,13253.375531914895,44957.86,47,1.7470688840169422,0.5150280729554298
1218,CUST00325,CUST00325,ACC70312,29142.82,transfer,atm,2024-03-27T21:00:00+00:00,Transaction 1218,ZW,13459.650208333333,44957.86,48,2.1651989129670457,0.6482252491555426
1250,CUST00325,CUST00325,ACC32163,9444.5,withdraw,card,2024-03-30T10:00:00+00:00,Transaction 1250,ZW,13779.714897959182,44957.86,49,0.6853915389351604,0.21007450087704352
1283,CUST00326,CUST00326,ACC40102,5436.84,deposit,mobile,2024-01-02T13:00:00+00:00,Transaction 1283,ZW,5436.84,5436.84,0,1.0,1.0
1251,CUST00326,CUST00326,ACC11062,18235.47,transfer,card,2024-01-03T11:00:00+00:00,Transaction 1251,ZW,5436.84,5436.84,1,3.3540567682698037,3.3540567682698037
1262,CUST00326,CUST00326,ACC20552,10905.18,deposit,mobile,2024-01-04T10:00:00+00:00,Transaction 1262,ZW,11836.155,18235.47,2,0.9213448117230637,0.5980202319984075
1276,CUST00326,CUST00326,ACC22039,100.0,deposit,card,2024-01-05T10:00:00+00:00,Transaction 1276,ZW,11525.830000000002,18235.47,3,0.008676164753427735,0.005483818075432111
1261,CUST00326,CUST00326,ACC60703,24834.67,withdraw,mobile,2024-01-14T09:00:00+00:00,Transaction 1261,ZW,8669.372500000001,18235.47,4,2.864644471096379,1.3618881224339157
1268,CUST00326,CUST00326,ACC93054,100.0,transfer,atm,2024-01-15T03:00:00+00:00,Transaction 1268,DE,11902.432,24834.67,5,0.008401644302609751,0.004026628902256402
1281,CUST00326,CUST00326,ACC53106,35773.79,transfer,branch,2024-01-16T03:00:00+00:00,Transaction 1281,ZW,9935.36,24834.67,6,3.600653625032208,1.4404777675725107
1279,CUST00326,CUST00326,ACC28706,11385.28,transfer,branch,2024-01-19T20:00:00+00:00,Transaction 1279,ZW,13626.564285714287,35773.79,7,0.8355209546059981,0.3182575846730246
1292,CUST00326,CUST00326,ACC54694,100.0,transfer,online,2024-01-21T22:00:00+00:00,Transaction 1292,ZW,13346.40375,35773.79,8,0.007492655090701868,0.0027953426237477216
1272,CUST00326,CUST00326,ACC16052,25120.23,transfer,mobile,2024-01-27T06:00:00+00:00,Transaction 1272,ZW,11874.58111111111,35773.79,9,2.115462412100993,0.7021964963734623
1297,CUST00326,CUST00326,ACC69345,100.0,transfer,branch,2024-01-27T11:00:00+00:00,Transaction 1297,ZW,13199.145999999999,35773.79,10,0.007576247736027771,0.0027953426237477216
1258,CUST00326,CUST00326,ACC68768,9595.59,transfer,mobile,2024-01-28T10:00:00+00:00,Transaction 1258,ZW,12008.314545454545,35773.79,11,0.7990788352252296,0.268229617270074
1265,CUST00326,CUST00326,ACC35521,7163.34,transfer,mobile,2024-01-28T10:00:00+00:00,Transaction 1265,ZW,11807.254166666666,35773.79,12,0.6066897433463397,0.20023989630397002
1290,CUST00326,CUST00326,ACC58198,100.0,deposit,branch,2024-01-29T00:00:00+00:00,Transaction 1290,ZW,11450.029999999999,35773.79,13,0.008733601571349595,0.0027953426237477216
1259,CUST00326,CUST00326,ACC26906,7194.22,transfer,card,2024-01-30T11:00:00+00:00,Transaction 1259,ZW,10639.31357142857,35773.79,14,0.6761921200743416,0.20110309810618332
1284,CUST00326,CUST00326,ACC19383,100.0,transfer,card,2024-02-01T04:00:00+00:00,Transaction 1284,ZW,10409.640666666666,35773.79,15,0.009606479532018429,0.0027953426237477216
1253,CUST00326,CUST00326,ACC29239,100.0,withdraw,atm,2024-02-05T08:00:00+00:00,Transaction 1253,ZW,9765.288125,35773.79,16,0.010240353251225754,0.0027953426237477216
1280,CUST00326,CUST00326,ACC20967,100.0,transfer,atm,2024-02-10T02:00:00+00:00,Transaction 1280,ZW,9196.741764705881,35773.79,17,0.010873416103055937,0.0027953426237477216
1270,CUST00326,CUST00326,ACC70921,18631.96,transfer,card,2024-02-10T05:00:00+00:00,Transaction 1270,ZW,8691.367222222221,35773.79,18,2.143731765511129,0.5208271195196259
1273,CUST00326,CUST00326,ACC97311,100.0,transfer,mobile,2024-02-10T11:00:00+00:00,Transaction 1273,ZW,9214.556315789472,35773.79,19,0.01085239446945985,0.0027953426237477216
1266,CUST00326,CUST00326,ACC55532,100.0,withdraw,atm,2024-02-10T13:00:00+00:00,Transaction 1266,ZW,8758.8285,35773.79,20,0.011417051949356013,0.0027953426237477216
1285,CUST00326,CUST00326,ACC76200,6806.92,transfer,branch,2024-02-10T14:00:00+00:00,Transaction 1285,ZW,8346.503333333332,35773.79,21,0.815541518184661,0.1902767361244084
1256,CUST00326,CUST00326,ACC77403,100.0,withdraw,card,2024-02-12T10:00:00+00:00,Transaction 1256,ZW,8276.522272727272,35773.79,22,0.012082369466885769,0.0027953426237477216
1264,CUST00326,CUST00326,ACC39165,8248.83,withdraw,atm,2024-02-13T11:00:00+00:00,Transaction 1264,ZW,7921.021304347826,35773.79,23,1.0413846501678061,0.23058306095048917
1289,CUST00326,CUST00326,ACC14973,19580.67,transfer,card,2024-02-14T08:00:00+00:00,Transaction 1289,ZW,7934.68,35773.79,24,2.4677327882157813,0.5473468145253829
1295,CUST00326,CUST00326,ACC93974,100.0,deposit,atm,2024-02-16T18:00:00+00:00,Transaction 1295,ZW,8400.5196,35773.79,25,0.011904025555752528,0.0027953426237477216
1267,CUST00326,CUST00326,ACC68134,7889.7,transfer,mobile,2024-02-18T04:00:00+00:00,Transaction 1267,GB,8081.2688461538455,35773.79,26,0.9762947069574328,0.22054414698582397
1296,CUST00326,CUST00326,ACC85291,6339.14,withdraw,card,2024-02-19T11:00:00+00:00,Transaction 1296,ZW,8074.173703703704,35773.79,27,0.7851131561725225,0.17720068239904133
1291,CUST00326,CUST00326,ACC91025,100.0,transfer,atm,2024-02-20T02:00:00+00:00,Transaction 1291,ZW,8012.208214285715,35773.79,28,0.012480953730296306,0.0027953426237477216
1293,CUST00326,CUST00326,ACC62961,2285.89,transfer,atm,2024-02-21T03:00:00+00:00,Transaction 1293,ZW,7739.373448275863,35773.79,29,0.2953585345476821,0.06389845750198679
1271,CUST00326,CUST00326,ACC35966,1302.78,transfer,mobile,2024-02-22T11:00:00+00:00,Transaction 1271,CH,7557.590666666668,35773.79,30,0.17238033355603802,0.03641716463366056
1274,CUST00326,CUST00326,ACC70239,6778.82,withdraw,mobile,2024-02-23T04:00:00+00:00,Transaction 1274,ZA,7355.822580645162,35773.79,31,0.9215583880226548,0.18949124484713528
1286,CUST00326,CUST00326,ACC52112,100.0,transfer,mobile,2024-02-25T08:00:00+00:00,Transaction 1286,ZW,7337.79125,35773.79,32,0.013628079158016384,0.0027953426237477216
1294,CUST00326,CUST00326,ACC55979,4846.13,deposit,atm,2024-02-25T09:00:00+00:00,Transaction 1294,ZW,7118.464242424243,35773.79,33,0.680783078338484,0.13546593749222546
1257,CUST00326,CUST00326,ACC88934,100.0,transfer,online,2024-02-29T08:00:00+00:00,Transaction 1257,NL,7051.630882352942,35773.79,34,0.014181116633636482,0.0027953426237477216
1299,CUST00326,CUST00326,ACC24021,7250.5,deposit,atm,2024-03-02T07:00:00+00:00,Transaction 1299,ZW,6853.012857142858,35773.79,35,1.058001809006216,0.20267631693482854
1275,CUST00326,CUST00326,ACC91296,100.0,transfer,mobile,2024-03-05T07:00:00+00:00,Transaction 1275,ZW,6864.054166666667,35773.79,36,0.014568649601517082,0.0027953426237477216
1252,CUST00326,CUST00326,ACC88454,301.42,transfer,mobile,2024-03-05T09:00:00+00:00,Transaction 1252,ZW,6681.241891891892,35773.79,37,0.045114367190595535,0.008425721736500382
1260,CUST00326,CUST00326,ACC72619,2178.58,deposit,atm,2024-03-07T08:00:00+00:00,Transaction 1260,ZW,6513.351842105264,35773.79,38,0.33447909046102337,0.0608987753324431
1300,CUST00326,CUST00326,ACC51254,100.0,transfer,online,2024-03-09T08:00:00+00:00,Transaction 1300,ZW,6402.203846153847,35773.79,39,0.015619621368362936,0.0027953426237477216
1282,CUST00326,CUST00326,ACC66388,3137.96,transfer,card,2024-03-09T09:00:00+00:00,Transaction 1282,ZW,6244.648749999999,35773.79,40,0.502503843791054,0.087716733396154
1298,CUST00326,CUST00326,ACC71407,100.0,deposit,branch,2024-03-09T15:00:00+00:00,Transaction 1298,ZW,6168.875853658536,35773.79,41,0.016210408893330808,0.0027953426237477216
1287,CUST00326,CUST00326,ACC61817,100.0,deposit,atm,2024-03-10T08:00:00+00:00,Transaction 1287,DE,6024.378809523809,35773.79,42,0.016599221788960578,0.0027953426237477216
1278,CUST00326,CUST00326,ACC22819,20219.25,transfer,card,2024-03-10T17:00:00+00:00,Transaction 1278,ZW,5886.602558139534,35773.79,43,3.4347910871003853,0.5651973134521111
1263,CUST00326,CUST00326,ACC55974,100.0,deposit,mobile,2024-03-11T08:00:00+00:00,Transaction 1263,ZW,6212.3445454545445,35773.79,44,0.016096982269466705,0.0027953426237477216
1277,CUST00326,CUST00326,ACC26022,100.0,withdraw,card,2024-03-14T10:00:00+00:00,Transaction 1277,ZW,6076.514666666666,35773.79,45,0.016456802210740983,0.0027953426237477216
1255,CUST00326,CUST00326,ACC88212,9704.29,deposit,card,2024-03-25T08:00:00+00:00,Transaction 1255,ZW,5946.590434782608,35773.79,46,1.631908251699659,0.27126815470208776
1288,CUST00326,CUST00326,ACC25001,100.0,deposit,online,2024-03-26T06:00:00+00:00,Transaction 1288,ZW,6026.541489361701,35773.79,47,0.01659326500556316,0.0027953426237477216
1269,CUST00326,CUST00326,ACC79421,18219.17,deposit,atm,2024-03-28T12:00:00+00:00,Transaction 1269,ZW,5903.071874999999,35773.79,48,3.0863879664348493,0.5092882247030577
1254,CUST00326,CUST00326,ACC37628,10897.75,transfer,mobile,2024-03-29T09:00:00+00:00,Transaction 1254,ZW,6154.420816326529,35773.79,49,1.7707190205600345,0.3046294507794673
1345,CUST00327,CUST00327,ACC20835,402.33,deposit,online,2024-01-02T13:00:00+00:00,Transaction 1345,ZW,402.33,402.33,0,1.0,1.0
1307,CUST00327,CUST00327,ACC24366,447.54,deposit,card,2024-01-09T20:00:00+00:00,Transaction 1307,ZW,402.33,402.33,1,1.1123704421743346,1.1123704421743346
1336,CUST00327,CUST00327,ACC95517,345.17,transfer,atm,2024-01-11T09:00:00+00:00,Transaction 1336,ZW,424.935,447.54,2,0.8122889383082119,0.7712606694373687
1341,CUST00327,CUST00327,ACC58808,464.81,transfer,online,2024-01-13T00:00:00+00:00,Transaction 1341,ZW,398.34666666666664,447.54,3,1.166847971616013,1.0385887294990392
1344,CUST00327,CUST00327,ACC17555,629.85,withdraw,mobile,2024-01-13T18:00:00+00:00,Transaction 1344,ZW,414.9625,464.81,4,1.5178479983131008,1.3550698134721715
1325,CUST00327,CUST00327,ACC60635,365.41,withdraw,mobile,2024-01-14T12:00:00+00:00,Transaction 1325,GB,457.93999999999994,629.85,5,0.7979429619600823,0.5801540049218068
1319,CUST00327,CUST00327,ACC16074,374.45,deposit,mobile,2024-01-15T00:00:00+00:00,Transaction 1319,ZW,442.51833333333326,629.85,6,0.8461796309757412,0.594506628562356
1338,CUST00327,CUST00327,ACC96471,678.17,transfer,branch,2024-01-16T14:00:00+00:00,Transaction 1338,ZW,432.79428571428565,629.85,7,1.5669569178362537,1.0767166785742637
1340,CUST00327,CUST00327,ACC55596,344.21,withdraw,online,2024-01-17T19:00:00+00:00,Transaction 1340,ZW,463.46624999999995,678.17,8,0.7426862258039286,0.5075571022015128
1339,CUST00327,CUST00327,ACC50373,476.26,deposit,online,2024-01-19T20:00:00+00:00,Transaction 1339,CA,450.2155555555555,678.17,9,1.0578488329047322,0.7022722916082988
1328,CUST00327,CUST00327,ACC74603,440.74,withdraw,online,2024-01-22T14:00:00+00:00,Transaction 1328,ZW,452.82,678.17,10,0.973322733094828,0.6498960437648378
1327,CUST00327,CUST00327,ACC60707,482.51,withdraw,card,2024-01-22T19:00:00+00:00,Transaction 1327,ZW,451.72181818181815,678.17,11,1.0681573937298499,0.7114882699028268
1348,CUST00327,CUST00327,ACC86036,616.01,withdraw,online,2024-01-25T02:00:00+00:00,Transaction 1348,ZW,454.28749999999997,678.17,12,1.3559915251905457,0.9083415662739431
1324,CUST00327,CUST00327,ACC12891,719.76,withdraw,online,2024-01-25T04:00:00+00:00,Transaction 1324,ZW,466.72769230769234,678.17,13,1.542141192525373,1.0613268059631067
1331,CUST00327,CUST00327,ACC12845,548.54,transfer,online,2024-01-25T14:00:00+00:00,Transaction 1331,ZW,484.8014285714286,719.76,14,1.1314735635503195,0.7621151494942758
1337,CUST00327,CUST00327,ACC36630,445.88,deposit,card,2024-01-29T06:00:00+00:00,Transaction 1337,ZW,489.0506666666667,719.76,15,0.9117255744462741,0.6194842725352896
1333,CUST00327,CUST00327,ACC44226,427.01,transfer,online,2024-02-02T12:00:00+00:00,Transaction 1333,ZW,486.35249999999996,719.76,16,0.8779845893667659,0.5932672001778371
1321,CUST00327,CUST00327,ACC58061,388.32,transfer,online,2024-02-04T09:00:00+00:00,Transaction 1321,ZW,482.8617647058823,719.76,17,0.8042053199978072,0.539513171057019
1301,CUST00327,CUST00327,ACC80418,593.89,transfer,online,2024-02-07T18:00:00+00:00,Transaction 1301,ZW,477.6094444444444,719.76,18,1.243463685461273,0.8251222629765478
1304,CUST00327,CUST00327,ACC77735,364.44,withdraw,card,2024-02-11T18:00:00+00:00,Transaction 1304,ZW,483.72947368421046,719.76,19,0.7533963089417096,0.5063354451483828
1312,CUST00327,CUST00327,ACC83688,388.92,deposit,mobile,2024-02-11T18:00:00+00:00,Transaction 1312,ZW,477.765,719.76,20,0.8140403754984146,0.5403467822607536
1322,CUST00327,CUST00327,ACC39323,451.89,transfer,atm,2024-02-13T00:00:00+00:00,Transaction 1322,ZW,473.53428571428566,719.76,21,0.9542920410047244,0.6278342780926975
1302,CUST00327,CUST00327,ACC44884,603.98,withdraw,card,2024-02-14T21:00:00+00:00,Transaction 1302,ZW,472.5504545454545,719.76,22,1.2781280690565993,0.8391408247193509
1334,CUST00327,CUST00327,ACC83529,293.43,transfer,online,2024-02-17T22:00:00+00:00,Transaction 1334,ZW,478.26478260869555,719.76,23,0.6135304347509886,0.4076775591863955
1329,CUST00327,CUST00327,ACC89661,477.92,withdraw,branch,2024-02-18T06:00:00+00:00,Transaction 1329,ZW,470.56333333333333,719.76,24,1.0156337439522842,0.6639991108147161
1350,CUST00327,CUST00327,ACC50409,304.61,transfer,online,2024-02-21T02:00:00+00:00,Transaction 1350,ZW,470.85760000000005,719.76,25,0.6469259495864567,0.42321051461598314
1346,CUST00327,CUST00327,ACC97920,625.79,transfer,online,2024-02-23T01:00:00+00:00,Transaction 1346,CH,464.46346153846156,719.76,26,1.347339568815962,0.8694425919751028
1326,CUST00327,CUST00327,ACC96269,341.2,withdraw,atm,2024-02-26T07:00:00+00:00,Transaction 1326,ZW,470.43851851851855,719.76,27,0.7252807467264585,0.4740469045237301
1305,CUST00327,CUST00327,ACC22795,419.43,transfer,card,2024-02-26T19:00:00+00:00,Transaction 1305,ZW,465.8228571428572,719.76,28,0.9004066536635631,0.5827359119706569
1320,CUST00327,CUST00327,ACC54601,550.97,withdraw,mobile,2024-02-27T20:00:00+00:00,Transaction 1320,ZW,464.2231034482759,719.76,29,1.1868646689649076,0.7654912748694009
1330,CUST00327,CUST00327,ACC25252,493.18,withdraw,branch,2024-02-29T10:00:00+00:00,Transaction 1330,ZW,467.11466666666666,719.76,30,1.055800717025941,0.6852006224296988
1323,CUST00327,CUST00327,ACC89065,519.08,withdraw,online,2024-03-01T02:00:00+00:00,Transaction 1323,ZW,467.9554838709678,719.76,31,1.1092508110090427,0.7211848393909082
1316,CUST00327,CUST00327,ACC95972,554.4,withdraw,online,2024-03-02T10:00:00+00:00,Transaction 1316,ZW,469.553125,719.76,32,1.1806970723493746,0.7702567522507502
1306,CUST00327,CUST00327,ACC69089,473.61,withdraw,online,2024-03-04T18:00:00+00:00,Transaction 1306,ZW,472.1242424242424,719.76,33,1.0031469631132022,0.6580110036678893
1347,CUST00327,CUST00327,ACC40365,402.89,transfer,atm,2024-03-06T00:00:00+00:00,Transaction 1347,ZW,472.1679411764706,719.76,34,0.8532769060858829,0.559756029787707
1332,CUST00327,CUST00327,ACC73566,469.27,withdraw,online,2024-03-06T02:00:00+00:00,Transaction 1332,ZW,470.1885714285715,719.76,35,0.9980463765297812,0.6519812159608759
1343,CUST00327,CUST00327,ACC22788,410.01,withdraw,online,2024-03-12T03:00:00+00:00,Transaction 1343,ZW,470.1630555555556,719.76,36,0.8720591615083891,0.569648216072024
1318,CUST00327,CUST00327,ACC59904,644.51,transfer,online,2024-03-15T19:00:00+00:00,Transaction 1318,ZW,468.5372972972973,719.76,37,1.3755788572602026,0.8954512615316217
1309,CUST00327,CUST00327,ACC51503,337.66,deposit,online,2024-03-15T21:00:00+00:00,Transaction 1309,ZW,473.16815789473685,719.76,38,0.7136152219167661,0.4691285984216962
1342,CUST00327,CUST00327,ACC65424,587.28,transfer,online,2024-03-16T11:00:00+00:00,Transaction 1342,ZW,469.6935897435897,719.76,39,1.2503470620508188,0.8159386462154051
1349,CUST00327,CUST00327,ACC68359,397.54,deposit,atm,2024-03-19T18:00:00+00:00,Transaction 1349,ZW,472.63325000000003,719.76,40,0.8411172933770529,0.5523229965544071
1315,CUST00327,CUST00327,ACC69784,551.54,transfer,mobile,2024-03-19T19:00:00+00:00,Transaction 1315,ZW,470.80170731707324,719.76,41,1.1714910787877655,0.7662832055129487
1310,CUST00327,CUST00327,ACC28474,447.22,withdraw,mobile,2024-03-21T20:00:00+00:00,Transaction 1310,ZW,472.7240476190477,719.76,42,0.9460487619627074,0.6213460042236302
1314,CUST00327,CUST00327,ACC99472,452.9,withdraw,atm,2024-03-22T19:00:00+00:00,Transaction 1314,ZW,472.1309302325582,719.76,43,0.9592678026345666,0.6292375236189841
1303,CUST00327,CUST00327,ACC82163,546.12,transfer,branch,2024-03-23T21:00:00+00:00,Transaction 1303,ZW,471.6938636363638,719.76,44,1.1577848305887914,0.758752917639213
1308,CUST00327,CUST00327,ACC22590,342.73,withdraw,mobile,2024-03-23T21:00:00+00:00,Transaction 1308,ZW,473.3477777777779,719.76,45,0.7240553692023481,0.4761726130932533
1313,CUST00327,CUST00327,ACC99799,649.02,withdraw,atm,2024-03-23T21:00:00+00:00,Transaction 1313,KE,470.50826086956533,719.76,46,1.379401923359475,0.9017172390796933
1335,CUST00327,CUST00327,ACC48852,431.45,transfer,online,2024-03-25T21:00:00+00:00,Transaction 1335,ZW,474.3063829787235,719.76,47,0.9096440939513016,0.5994359230854729
1317,CUST00327,CUST00327,ACC53856,412.96,transfer,online,2024-03-28T05:00:00+00:00,Transaction 1317,ZW,473.4135416666666,719.76,48,0.8723028888150556,0.5737468044903856
1311,CUST00327,CUST00327,ACC48608,521.45,withdraw,card,2024-03-29T19:00:00+00:00,Transaction 1311,ZW,472.1797959183673,719.76,49,1.1043462776415593,0.7244776036456597
1392,CUST00328,CUST00328,ACC53129,3192.8,transfer,atm,2024-01-01T19:00:00+00:00,Transaction 1392,ZW,3192.8,3192.8,0,1.0,1.0
1381,CUST00328,CUST00328,ACC33183,2734.49,deposit,atm,2024-01-03T04:00:00+00:00,Transaction 1381,ZW,3192.8,3192.8,1,0.8564551490854422,0.8564551490854422
1373,CUST00328,CUST00328,ACC74575,1154.42,transfer,mobile,2024-01-04T18:00:00+00:00,Transaction 1373,ZW,2963.645,3192.8,2,0.3895270857339526,0.36156978200952145
1375,CUST00328,CUST00328,ACC16099,2020.55,transfer,mobile,2024-01-07T05:00:00+00:00,Transaction 1375,ZW,2360.57,3192.8,3,0.8559585184934146,0.6328457780005011
1376,CUST00328,CUST00328,ACC85891,2651.64,transfer,atm,2024-01-09T06:00:00+00:00,Transaction 1376,ZW,2275.565,3192.8,4,1.165266648063228,0.8305061388123276
1355,CUST00328,CUST00328,ACC24952,1170.81,deposit,card,2024-01-09T16:00:00+00:00,Transaction 1355,ZW,2350.7799999999997,3192.8,5,0.4980517104960907,0.3667032072162365
1370,CUST00328,CUST00328,ACC59566,1671.68,transfer,mobile,2024-01-10T08:00:00+00:00,Transaction 1370,ZW,2154.1183333333333,3192.8,6,0.7760390755382519,0.5235780506138812
1361,CUST00328,CUST00328,ACC89875,2098.43,deposit,card,2024-01-14T15:00:00+00:00,Transaction 1361,ZW,2085.1985714285715,3192.8,7,1.0063454045829139,0.6572381608619393
1384,CUST00328,CUST00328,ACC68927,812.64,deposit,online,2024-01-14T15:00:00+00:00,Transaction 1384,ZW,2086.8525,3192.8,8,0.389409409625261,0.25452267602104733
1387,CUST00328,CUST00328,ACC44531,1565.26,transfer,mobile,2024-01-14T17:00:00+00:00,Transaction 1387,ZW,1945.2733333333333,3192.8,9,0.8046478472605392,0.49024680531195186
1380,CUST00328,CUST00328,ACC74828,1971.83,withdraw,mobile,2024-01-15T02:00:00+00:00,Transaction 1380,ZW,1907.2719999999997,3192.8,10,1.0338483446514184,0.6175864445001252
1388,CUST00328,CUST00328,ACC63989,2071.34,transfer,online,2024-01-16T01:00:00+00:00,Transaction 1388,ZW,1913.1409090909087,3192.8,11,1.082690767918535,0.6487534452518166
1364,CUST00328,CUST00328,ACC50568,2695.32,transfer,atm,2024-01-16T15:00:00+00:00,Transaction 1364,ZW,1926.3241666666663,3192.8,12,1.3992037511858728,0.8441869205712854
1352,CUST00328,CUST00328,ACC30647,722.67,transfer,card,2024-01-17T16:00:00+00:00,Transaction 1352,ZW,1985.477692307692,3192.8,13,0.3639778995250514,0.22634364820846903
1383,CUST00328,CUST00328,ACC81860,2462.82,withdraw,mobile,2024-01-25T04:00:00+00:00,Transaction 1383,ZW,1895.2771428571425,3192.8,14,1.2994511168362866,0.7713668253570534
1389,CUST00328,CUST00328,ACC59677,1446.16,withdraw,atm,2024-01-25T22:00:00+00:00,Transaction 1389,ZW,1933.113333333333,3192.8,15,0.7480989216014238,0.45294412427962916
1378,CUST00328,CUST00328,ACC48737,1374.18,transfer,atm,2024-01-27T13:00:00+00:00,Transaction 1378,ZW,1902.67875,3192.8,16,0.7222343761394298,0.4303996492107241
1356,CUST00328,CUST00328,ACC42455,1315.49,deposit,mobile,2024-01-31T14:00:00+00:00,Transaction 1356,ZW,1871.5905882352943,3192.8,17,0.7028727373759469,0.41201766474567775
1398,CUST00328,CUST00328,ACC25550,2920.97,deposit,mobile,2024-02-03T16:00:00+00:00,Transaction 1398,ZW,1840.6961111111111,3192.8,18,1.586883343952303,0.9148615635179151
1386,CUST00328,CUST00328,ACC39280,1055.74,transfer,atm,2024-02-12T10:00:00+00:00,Transaction 1386,ZW,1897.5526315789473,3192.8,19,0.5563692845354821,0.33066274116762717
1365,CUST00328,CUST00328,ACC90834,531.51,transfer,atm,2024-02-13T13:00:00+00:00,Transaction 1365,ZW,1855.462,3192.8,20,0.28645695788973313,0.16647143573039339
1359,CUST00328,CUST00328,ACC66754,1410.26,transfer,mobile,2024-02-13T14:00:00+00:00,Transaction 1359,ZW,1792.4166666666667,3192.8,21,0.7867925054628295,0.4417000751691305
1374,CUST00328,CUST00328,ACC46619,2228.79,transfer,atm,2024-02-19T18:00:00+00:00,Transaction 1374,ZW,1775.0459090909092,3192.8,22,1.2556238622253304,0.698067526935605
1358,CUST00328,CUST00328,ACC50025,1475.58,transfer,branch,2024-02-21T16:00:00+00:00,Transaction 1358,ZW,1794.7739130434784,3192.8,23,0.8221536926050997,0.4621586068654472
1362,CUST00328,CUST00328,ACC96925,2208.39,deposit,card,2024-02-23T15:00:00+00:00,Transaction 1362,ZW,1781.4741666666666,3192.8,24,1.239641888342473,0.6916781508393886
1351,CUST00328,CUST00328,ACC93100,2714.06,transfer,mobile,2024-02-27T13:00:00+00:00,Transaction 1351,ZW,1798.5508,3192.8,25,1.5090260447466928,0.8500563768479077
1377,CUST00328,CUST00328,ACC34629,1974.12,deposit,mobile,2024-02-28T03:00:00+00:00,Transaction 1377,ZW,1833.762692307692,3192.8,26,1.0765406059797604,0.6183036832873966
1396,CUST00328,CUST00328,ACC40155,316.39,transfer,atm,2024-02-29T22:00:00+00:00,Transaction 1396,ZW,1838.961111111111,3192.8,27,0.17204822771311096,0.09909483838636932
1367,CUST00328,CUST00328,ACC27306,2632.2,transfer,mobile,2024-03-01T14:00:00+00:00,Transaction 1367,ZW,1784.5835714285713,3192.8,28,1.4749659484385513,0.824417439238286
1366,CUST00328,CUST00328,ACC53940,1226.02,transfer,atm,2024-03-02T16:00:00+00:00,Transaction 1366,ZW,1813.811724137931,3192.8,29,0.6759356462880419,0.38399523928839885
1368,CUST00328,CUST00328,ACC21852,100.0,deposit,mobile,2024-03-04T01:00:00+00:00,Transaction 1368,ZW,1794.2186666666664,3192.8,30,0.055734566726909546,0.03132047105988474
1353,CUST00328,CUST00328,ACC41277,2462.32,transfer,card,2024-03-04T15:00:00+00:00,Transaction 1353,ZW,1739.566451612903,3192.8,31,1.4154791256850061,0.7712102230017539
1397,CUST00328,CUST00328,ACC75379,100.0,transfer,branch,2024-03-07T13:00:00+00:00,Transaction 1397,ZW,1762.1525,3192.8,32,0.05674877741852649,0.03132047105988474
1382,CUST00328,CUST00328,ACC50468,2266.91,withdraw,mobile,2024-03-09T11:00:00+00:00,Transaction 1382,ZW,1711.7842424242424,3192.8,33,1.324296569519523,0.7100068905036331
1390,CUST00328,CUST00328,ACC68566,808.86,withdraw,mobile,2024-03-09T22:00:00+00:00,Transaction 1390,ZW,1728.111470588235,3192.8,34,0.4680600839508754,0.2533387622149837
1393,CUST00328,CUST00328,ACC24177,1895.45,transfer,atm,2024-03-11T22:00:00+00:00,Transaction 1393,ZW,1701.8471428571427,3192.8,35,1.1137604266960355,0.5936638687045853
1391,CUST00328,CUST00328,ACC82849,2767.11,transfer,mobile,2024-03-14T11:00:00+00:00,Transaction 1391,ZW,1707.2249999999997,3192.8,36,1.6208232658261217,0.8666718867451766
1371,CUST00328,CUST00328,ACC70568,1124.19,deposit,atm,2024-03-18T07:00:00+00:00,Transaction 1371,ZW,1735.8705405405403,3192.8,37,0.6476231802689235,0.35210160360811826
1400,CUST00328,CUST00328,ACC29796,2241.54,transfer,atm,2024-03-18T11:00:00+00:00,Transaction 1400,ZW,1719.7736842105262,3192.8,38,1.3033924292364052,0.7020608869957403
1357,CUST00328,CUST00328,ACC32448,1666.91,withdraw,mobile,2024-03-18T16:00:00+00:00,Transaction 1357,ZW,1733.1523076923074,3192.8,39,0.9617792923343771,0.5220840641443247
1394,CUST00328,CUST00328,ACC58753,1626.3,deposit,branch,2024-03-23T10:00:00+00:00,Transaction 1394,ZW,1731.4962500000001,3192.8,40,0.939245464724512,0.5093648208469055
1399,CUST00328,CUST00328,ACC26347,1961.62,deposit,online,2024-03-24T14:00:00+00:00,Transaction 1399,ZW,1728.9304878048783,3192.8,41,1.1345858111916076,0.6143886244049109
1379,CUST00328,CUST00328,ACC66650,2344.28,deposit,online,2024-03-24T15:00:00+00:00,Transaction 1379,ZW,1734.4707142857144,3192.8,42,1.3515823476820223,0.734239538962666
1395,CUST00328,CUST00328,ACC28865,2232.99,transfer,mobile,2024-03-25T16:00:00+00:00,Transaction 1395,ZW,1748.6523255813954,3192.8,43,1.2769776858058797,0.6993829867201201
1360,CUST00328,CUST00328,ACC57829,846.85,transfer,mobile,2024-03-26T13:00:00+00:00,Transaction 1360,ZW,1759.66,3192.8,44,0.48125774297307433,0.26523740917063393
1363,CUST00328,CUST00328,ACC89379,1733.62,withdraw,mobile,2024-03-26T15:00:00+00:00,Transaction 1363,ZW,1739.3753333333336,3192.8,45,0.9966911492746627,0.5429779503883738
1369,CUST00328,CUST00328,ACC73465,1463.46,deposit,card,2024-03-28T18:00:00+00:00,Transaction 1369,ZW,1739.2502173913047,3192.8,46,0.8414315464022414,0.45836256577298923
1354,CUST00328,CUST00328,ACC78232,1584.86,transfer,mobile,2024-03-29T14:00:00+00:00,Transaction 1354,ZW,1733.3823404255322,3192.8,47,0.9143164569283248,0.49638561763968925
1372,CUST00328,CUST00328,ACC54754,1397.33,withdraw,mobile,2024-03-30T13:00:00+00:00,Transaction 1372,ZW,1730.288125,3192.8,48,0.8075707044455385,0.4376503382610874
1385,CUST00328,CUST00328,ACC24560,1447.71,transfer,card,2024-03-30T18:00:00+00:00,Transaction 1385,ZW,1723.4930612244898,3192.8,49,0.839985975325857,0.4534295915810574
1445,CUST00329,CUST00329,ACC96787,2712.83,withdraw,mobile,2024-01-04T12:00:00+00:00,Transaction 1445,ZW,2712.83,2712.83,0,1.0,1.0
1413,CUST00329,CUST00329,ACC88023,769.71,transfer,online,2024-01-05T09:00:00+00:00,Transaction 1413,KE,2712.83,2712.83,1,0.28372953705171355,0.28372953705171355
1404,CUST00329,CUST00329,ACC46915,1488.39,transfer,card,2024-01-07T10:00:00+00:00,Transaction 1404,ZW,1741.27,2712.83,2,0.8547726659277425,0.5486484593579399
1402,CUST00329,CUST00329,ACC73410,6662.29,transfer,mobile,2024-01-10T11:00:00+00:00,Transaction 1402,ZW,1656.9766666666667,2712.83,3,4.020750644245644,2.455845003188552
1448,CUST00329,CUST00329,ACC71873,6403.08,transfer,card,2024-01-14T17:00:00+00:00,Transaction 1448,ZW,2908.3050000000003,6662.29,4,2.201653540464291,0.9610929575266162
1433,CUST00329,CUST00329,ACC27571,289.9,withdraw,mobile,2024-01-15T04:00:00+00:00,Transaction 1433,ZW,3607.2600000000007,6662.29,5,0.08036570693545791,0.043513566656509996
1424,CUST00329,CUST00329,ACC37784,2942.7,deposit,mobile,2024-01-17T01:00:00+00:00,Transaction 1424,ZW,3054.3666666666672,6662.29,6,0.9634403204155796,0.4416949727496101
1427,CUST00329,CUST00329,ACC11492,100.0,transfer,mobile,2024-01-17T01:00:00+00:00,Transaction 1427,ZW,3038.4142857142865,6662.29,7,0.03291190423576207,0.015009853969130734
1450,CUST00329,CUST00329,ACC48011,100.0,withdraw,card,2024-01-17T01:00:00+00:00,Transaction 1450,ZW,2671.1125,6662.29,8,0.03743758452704631,0.015009853969130734
1434,CUST00329,CUST00329,ACC18137,2871.17,withdraw,branch,2024-01-18T10:00:00+00:00,Transaction 1434,ZW,2385.4333333333334,6662.29,9,1.203626175537638,0.4309584242054909
1417,CUST00329,CUST00329,ACC74290,100.0,withdraw,mobile,2024-01-19T09:00:00+00:00,Transaction 1417,ZW,2434.007,6662.29,10,0.041084516190791565,0.015009853969130734
1428,CUST00329,CUST00329,ACC40964,5058.23,transfer,branch,2024-01-19T09:00:00+00:00,Transaction 1428,ZW,2221.8245454545454,6662.29,11,2.2766109098705525,0.7592329364227615
1409,CUST00329,CUST00329,ACC36485,100.0,withdraw,mobile,2024-01-19T11:00:00+00:00,Transaction 1409,ZW,2458.1916666666666,6662.29,12,0.04068031039076828,0.015009853969130734
1418,CUST00329,CUST00329,ACC57844,748.43,transfer,online,2024-01-21T01:00:00+00:00,Transaction 1418,ZW,2276.7923076923075,6662.29,13,0.3287212441255072,0.11233825006116514
1440,CUST00329,CUST00329,ACC44660,100.0,transfer,atm,2024-01-23T10:00:00+00:00,Transaction 1440,ZW,2167.6235714285713,6662.29,14,0.04613347138225437,0.015009853969130734
1435,CUST00329,CUST00329,ACC35180,2644.81,transfer,branch,2024-01-24T11:00:00+00:00,Transaction 1435,ZW,2029.782,6662.29,15,1.303001997258819,0.39698211876096656
1410,CUST00329,CUST00329,ACC38847,295.77,transfer,card,2024-01-25T09:00:00+00:00,Transaction 1410,ZW,2068.22125,6662.29,16,0.14300694376870945,0.04439464508449797
1423,CUST00329,CUST00329,ACC59130,100.0,withdraw,card,2024-01-25T20:00:00+00:00,Transaction 1423,ZW,1963.9594117647057,6662.29,17,0.05091754921256011,0.015009853969130734
1449,CUST00329,CUST00329,ACC18342,2562.46,withdraw,card,2024-01-26T22:00:00+00:00,Transaction 1449,ZW,1860.406111111111,6662.29,18,1.377365933543184,0.38462150401738743
1441,CUST00329,CUST00329,ACC34951,215.71,deposit,mobile,2024-01-27T14:00:00+00:00,Transaction 1441,ZW,1897.3563157894735,6662.29,19,0.11368976833971481,0.032377755996811905
1430,CUST00329,CUST00329,ACC18988,3136.05,withdraw,mobile,2024-01-27T19:00:00+00:00,Transaction 1430,ZW,1813.274,6662.29,20,1.729495928359421,0.47071652539892445
1436,CUST00329,CUST00329,ACC40308,7377.38,transfer,card,2024-01-28T11:00:00+00:00,Transaction 1436,ZW,1876.2633333333333,6662.29,21,3.9319534038399016,1.107333964747857
1401,CUST00329,CUST00329,ACC32300,6102.05,transfer,online,2024-01-29T09:00:00+00:00,Transaction 1401,ZW,2126.3140909090907,7377.38,22,2.8697782825636597,0.8271296856065432
1446,CUST00329,CUST00329,ACC47759,604.48,withdraw,card,2024-01-30T07:00:00+00:00,Transaction 1446,ZW,2299.1721739130435,7377.38,23,0.2629120197515325,0.08193694780531842
1432,CUST00329,CUST00329,ACC52099,100.0,transfer,online,2024-01-30T10:00:00+00:00,Transaction 1432,ZW,2228.56,7377.38,24,0.04487202498474351,0.013554947691456858
1411,CUST00329,CUST00329,ACC62223,5216.58,withdraw,card,2024-01-31T09:00:00+00:00,Transaction 1411,ZW,2143.4176,7377.38,25,2.4337674562343796,0.7071046902830002
1412,CUST00329,CUST00329,ACC15071,3507.86,transfer,card,2024-02-04T08:00:00+00:00,Transaction 1412,ZW,2261.616153846154,7377.38,26,1.5510412737521604,0.4754885880895386
1447,CUST00329,CUST00329,ACC38943,2562.16,transfer,mobile,2024-02-06T17:00:00+00:00,Transaction 1447,ZW,2307.7733333333335,7377.38,27,1.1102303519120882,0.347299447771431
1403,CUST00329,CUST00329,ACC15855,3345.03,deposit,branch,2024-02-10T11:00:00+00:00,Transaction 1403,ZW,2316.858571428572,7377.38,28,1.4437782440632356,0.4534170667635394
1415,CUST00329,CUST00329,ACC40502,100.0,transfer,card,2024-02-14T08:00:00+00:00,Transaction 1415,ZW,2352.3127586206897,7377.38,29,0.04251135382976724,0.013554947691456858
1416,CUST00329,CUST00329,ACC73413,1704.09,transfer,online,2024-02-21T14:00:00+00:00,Transaction 1416,ZW,2277.235666666667,7377.38,30,0.7483151721817108,0.23098850811534716
1414,CUST00329,CUST00329,ACC79196,100.0,transfer,branch,2024-02-25T10:00:00+00:00,Transaction 1414,ZW,2258.747096774194,7377.38,31,0.04427233139239624,0.013554947691456858
1444,CUST00329,CUST00329,ACC28725,1669.17,deposit,branch,2024-02-26T09:00:00+00:00,Transaction 1444,ZW,2191.28625,7377.38,32,0.7617306958413124,0.22625512038149045
1438,CUST00329,CUST00329,ACC40425,100.0,withdraw,mobile,2024-02-28T15:00:00+00:00,Transaction 1438,ZW,2175.4645454545457,7377.38,33,0.04596719363178856,0.013554947691456858
1425,CUST00329,CUST00329,ACC50007,100.0,transfer,card,2024-03-01T00:00:00+00:00,Transaction 1425,ZW,2114.4214705882355,7377.38,34,0.0472942605771875,0.013554947691456858
1422,CUST00329,CUST00329,ACC13767,2340.21,transfer,mobile,2024-03-02T06:00:00+00:00,Transaction 1422,ZW,2056.8665714285717,7377.38,35,1.137754890135939,0.31721424137024257
1431,CUST00329,CUST00329,ACC52840,5241.12,withdraw,online,2024-03-06T06:00:00+00:00,Transaction 1431,ZW,2064.7372222222225,7377.38,36,2.538395658096927,0.7104310744464837
1407,CUST00329,CUST00329,ACC51018,100.0,transfer,branch,2024-03-07T11:00:00+00:00,Transaction 1407,ZW,2150.5854054054057,7377.38,37,0.04649896709456607,0.013554947691456858
1429,CUST00329,CUST00329,ACC67539,2248.31,transfer,online,2024-03-10T10:00:00+00:00,Transaction 1429,ZW,2096.6226315789477,7377.38,38,1.072348436068735,0.3047572444417937
1426,CUST00329,CUST00329,ACC22749,100.0,withdraw,mobile,2024-03-12T05:00:00+00:00,Transaction 1426,ZW,2100.5120512820513,7377.38,39,0.04760743930936498,0.013554947691456858
1419,CUST00329,CUST00329,ACC96904,1739.89,transfer,mobile,2024-03-13T02:00:00+00:00,Transaction 1419,ZW,2050.49925,7377.38,40,0.8485201835601746,0.23584117938888874
1421,CUST00329,CUST00329,ACC18732,4707.19,withdraw,mobile,2024-03-14T00:00:00+00:00,Transaction 1421,ZW,2042.9234146341464,7377.38,41,2.304144133001177,0.638057142237488
1420,CUST00329,CUST00329,ACC67306,1072.66,transfer,online,2024-03-15T01:00:00+00:00,Transaction 1420,ZW,2106.3583333333336,7377.38,42,0.5092485846425308,0.14539850190718115
1408,CUST00329,CUST00329,ACC56962,660.07,deposit,mobile,2024-03-17T09:00:00+00:00,Transaction 1408,ZW,2082.3188372093023,7377.38,43,0.3169879598671919,0.0894721432269993
1439,CUST00329,CUST00329,ACC20375,100.0,withdraw,mobile,2024-03-17T11:00:00+00:00,Transaction 1439,ZW,2049.9950000000003,7377.38,44,0.04878060678196775,0.013554947691456858
1442,CUST00329,CUST00329,ACC13667,2596.92,transfer,branch,2024-03-24T12:00:00+00:00,Transaction 1442,ZW,2006.661777777778,7377.38,45,1.2941493323682514,0.35201114758898144
1406,CUST00329,CUST00329,ACC66166,1033.3,deposit,card,2024-03-26T11:00:00+00:00,Transaction 1406,ZA,2019.4934782608698,7377.38,46,0.5116629546582386,0.1400632744958237
1437,CUST00329,CUST00329,ACC19504,1751.06,transfer,mobile,2024-03-27T17:00:00+00:00,Transaction 1437,ZW,1998.5106382978727,7377.38,47,0.8761824763121472,0.23735526704602447
1405,CUST00329,CUST00329,ACC52500,2651.58,transfer,mobile,2024-03-28T10:00:00+00:00,Transaction 1405,ZW,1993.3554166666665,7377.38,48,1.330209343416555,0.3594202819971318
1443,CUST00329,CUST00329,ACC25137,100.0,transfer,online,2024-03-28T19:00:00+00:00,Transaction 1443,ZW,2006.7885714285715,7377.38,49,0.04983085982436757,0.013554947691456858
1468,CUST00330,CUST00330,ACC58698,1508.27,transfer,online,2024-01-01T12:00:00+00:00,Transaction 1468,ZW,1508.27,1508.27,0,1.0,1.0
1472,CUST00330,CUST00330,ACC31891,1246.26,withdraw,online,2024-01-02T10:00:00+00:00,Transaction 1472,ZW,1508.27,1508.27,1,0.8262844185722715,0.8262844185722715
1493,CUST00330,CUST00330,ACC38123,1972.26,transfer,atm,2024-01-02T11:00:00+00:00,Transaction 1493,ZW,1377.2649999999999,1508.27,2,1.4320119947867695,1.307630596643837
1486,CUST00330,CUST00330,ACC61376,934.76,transfer,mobile,2024-01-02T18:00:00+00:00,Transaction 1486,ZA,1575.5966666666666,1972.26,3,0.5932736592909776,0.47395373835092736
1483,CUST00330,CUST00330,ACC33723,1742.28,transfer,branch,2024-01-03T05:00:00+00:00,Transaction 1483,ZW,1415.3875,1972.26,4,1.230956186909945,0.8833926561406711
1492,CUST00330,CUST00330,ACC98675,645.19,deposit,atm,2024-01-04T04:00:00+00:00,Transaction 1492,ZW,1480.766,1972.26,5,0.43571367792075183,0.32713232535264114
1474,CUST00330,CUST00330,ACC17603,1241.12,transfer,card,2024-01-05T13:00:00+00:00,Transaction 1474,ZW,1341.5033333333333,1972.26,6,0.9251710146079895,0.6292882277184549
1460,CUST00330,CUST00330,ACC43968,1617.76,deposit,online,2024-01-10T14:00:00+00:00,Transaction 1460,ZW,1327.162857142857,1972.26,7,1.218961178195377,0.8202569640919555
1489,CUST00330,CUST00330,ACC56181,2337.8,transfer,online,2024-01-10T21:00:00+00:00,Transaction 1489,ZW,1363.4875,1972.26,8,1.7145738409776403,1.1853406751645321
1473,CUST00330,CUST00330,ACC55220,221.01,transfer,card,2024-01-11T11:00:00+00:00,Transaction 1473,ZW,1471.7444444444445,2337.8,9,0.15016873400424288,0.09453759945247668
1477,CUST00330,CUST00330,ACC78314,1057.78,transfer,branch,2024-01-11T20:00:00+00:00,Transaction 1477,ZW,1346.671,2337.8,10,0.7854776704926444,0.4524681324322012
1470,CUST00330,CUST00330,ACC82567,2770.89,transfer,online,2024-01-12T09:00:00+00:00,Transaction 1470,ZW,1320.408181818182,2337.8,11,2.0985101714414753,1.185255368294978
1495,CUST00330,CUST00330,ACC98661,906.93,deposit,mobile,2024-01-15T06:00:00+00:00,Transaction 1495,ZW,1441.2816666666668,2770.89,12,0.6292524361997249,0.3273063889219709
1491,CUST00330,CUST00330,ACC26348,1749.3,withdraw,mobile,2024-01-16T02:00:00+00:00,Transaction 1491,ZW,1400.1776923076925,2770.89,13,1.2493414297416094,0.6313134047183396
1459,CUST00330,CUST00330,ACC45295,1479.35,transfer,atm,2024-01-16T16:00:00+00:00,Transaction 1459,ZW,1425.115,2770.89,14,1.0380565778902053,0.5338898332304783
1478,CUST00330,CUST00330,ACC33912,882.71,transfer,online,2024-01-17T05:00:00+00:00,Transaction 1478,ZW,1428.7306666666666,2770.89,15,0.6178281327574687,0.3185655150511208
1488,CUST00330,CUST00330,ACC51613,338.78,deposit,branch,2024-01-21T01:00:00+00:00,Transaction 1488,ZW,1394.604375,2770.89,16,0.24292193977951632,0.12226396572942268
1467,CUST00330,CUST00330,ACC10150,2025.84,withdraw,atm,2024-01-24T02:00:00+00:00,Transaction 1467,ZW,1332.4970588235292,2770.89,17,1.5203335621533214,0.731115273432002
1476,CUST00330,CUST00330,ACC87841,2700.67,transfer,online,2024-01-29T06:00:00+00:00,Transaction 1476,ZW,1371.016111111111,2770.89,18,1.969830972891558,0.9746579618822834
1498,CUST00330,CUST00330,ACC51350,891.15,transfer,atm,2024-01-31T21:00:00+00:00,Transaction 1498,ZW,1440.997894736842,2770.89,19,0.6184256085695001,0.32161146779554584
1485,CUST00330,CUST00330,ACC62553,1097.96,deposit,online,2024-02-02T13:00:00+00:00,Transaction 1485,ZW,1413.5055,2770.89,20,0.7767638682693488,0.3962481368802082
1494,CUST00330,CUST00330,ACC26397,591.01,transfer,online,2024-02-04T03:00:00+00:00,Transaction 1494,ZW,1398.4795238095237,2770.89,21,0.4226089763474413,0.21329248003349105
1484,CUST00330,CUST00330,ACC78916,2746.71,withdraw,atm,2024-02-14T03:00:00+00:00,Transaction 1484,ZW,1361.7763636363636,2770.89,22,2.0170051950860977,0.9912735619241472
1490,CUST00330,CUST00330,ACC18210,100.0,deposit,mobile,2024-02-16T15:00:00+00:00,Transaction 1490,ZW,1421.9908695652173,2770.89,23,0.07032393958378624,0.03608948749318811
1455,CUST00330,CUST00330,ACC64583,1937.64,transfer,online,2024-02-22T14:00:00+00:00,Transaction 1455,ZW,1366.9079166666663,2770.89,24,1.4175351363280693,0.6992843454630101
1453,CUST00330,CUST00330,ACC28064,1178.49,transfer,mobile,2024-02-23T14:00:00+00:00,Transaction 1453,ZW,1389.7371999999998,2770.89,25,0.847994858308463,0.4253110011584726
1482,CUST00330,CUST00330,ACC80136,1282.43,withdraw,card,2024-02-26T02:00:00+00:00,Transaction 1482,ZW,1381.6123076923072,2770.89,26,0.9282126345139684,0.46282241445889233
1465,CUST00330,CUST00330,ACC39126,1793.76,transfer,online,2024-02-26T13:00:00+00:00,Transaction 1465,ZW,1377.9388888888886,2770.89,27,1.3017703574985184,0.647358790857811
1479,CUST00330,CUST00330,ACC36844,1132.39,deposit,card,2024-02-26T20:00:00+00:00,Transaction 1479,ZW,1392.7896428571426,2770.89,28,0.813037349758745,0.4086737474241129
1487,CUST00330,CUST00330,ACC10655,186.91,deposit,branch,2024-03-03T12:00:00+00:00,Transaction 1487,ZW,1383.810344827586,2770.89,29,0.1350690871033254,0.06745486107351789
1496,CUST00330,CUST00330,ACC47574,877.15,withdraw,atm,2024-03-06T13:00:00+00:00,Transaction 1496,ZW,1343.9136666666666,2770.89,30,0.6526832948842696,0.3165589395464995
1466,CUST00330,CUST00330,ACC51003,1486.01,transfer,mobile,2024-03-06T15:00:00+00:00,Transaction 1466,ZW,1328.8567741935483,2770.89,31,1.1182619743966193,0.5362933930975247
1456,CUST00330,CUST00330,ACC63428,100.0,deposit,mobile,2024-03-08T13:00:00+00:00,Transaction 1456,ZW,1333.7678125000002,2770.89,32,0.07497556850810566,0.03608948749318811
1497,CUST00330,CUST00330,ACC60522,1449.97,transfer,card,2024-03-09T16:00:00+00:00,Transaction 1497,ZW,1296.3809090909092,2770.89,33,1.1184752797823871,0.5232867418049797
1469,CUST00330,CUST00330,ACC30462,783.3,transfer,atm,2024-03-10T08:00:00+00:00,Transaction 1469,ZW,1300.898235294118,2770.89,34,0.6021224249127411,0.28268895553414247
1457,CUST00330,CUST00330,ACC56174,546.59,withdraw,card,2024-03-10T13:00:00+00:00,Transaction 1457,ZW,1286.1097142857145,2770.89,35,0.42499484602957666,0.19726152968901692
1475,CUST00330,CUST00330,ACC47553,2771.43,transfer,online,2024-03-11T18:00:00+00:00,Transaction 1475,ZW,1265.5675,2770.89,36,2.1898713423029585,1.0001948832324632
1481,CUST00330,CUST00330,ACC96481,2060.89,transfer,card,2024-03-15T02:00:00+00:00,Transaction 1481,ZW,1306.2664864864867,2771.43,37,1.5776949200796324,0.7436197197836496
1451,CUST00330,CUST00330,ACC30519,2788.55,transfer,atm,2024-03-15T13:00:00+00:00,Transaction 1451,ZW,1326.1250000000002,2771.43,38,2.102780657931944,1.0061773164034453
1480,CUST00330,CUST00330,ACC11233,418.56,deposit,card,2024-03-15T21:00:00+00:00,Transaction 1480,ZW,1363.6230769230772,2788.55,39,0.306946990765551,0.15009951408438077
1458,CUST00330,CUST00330,ACC98542,1809.1,transfer,atm,2024-03-16T16:00:00+00:00,Transaction 1458,ZW,1339.9965,2788.55,40,1.350078153189206,0.6487601083000125
1452,CUST00330,CUST00330,ACC53815,563.23,transfer,online,2024-03-17T13:00:00+00:00,Transaction 1452,ZW,1351.4380487804879,2788.55,41,0.4167634620826668,0.2019795234082229
1462,CUST00330,CUST00330,ACC10981,962.89,deposit,online,2024-03-17T13:00:00+00:00,Transaction 1462,ZW,1332.6711904761905,2788.55,42,0.722526311727306,0.34530132147531867
1471,CUST00330,CUST00330,ACC50931,206.33,withdraw,mobile,2024-03-21T02:00:00+00:00,Transaction 1471,ZW,1324.0716279069768,2788.55,43,0.15582993823842875,0.073991859568593
1463,CUST00330,CUST00330,ACC59472,1630.56,withdraw,online,2024-03-21T16:00:00+00:00,Transaction 1463,ZW,1298.668409090909,2788.55,44,1.2555629971329023,0.58473400154202
1464,CUST00330,CUST00330,ACC80796,1828.33,deposit,online,2024-03-25T13:00:00+00:00,Transaction 1464,ZW,1306.043777777778,2788.55,45,1.3998994758896117,0.6556561653906151
1499,CUST00330,CUST00330,ACC45852,1127.44,transfer,online,2024-03-25T19:00:00+00:00,Transaction 1499,ZW,1317.3978260869567,2788.55,46,0.8558083045793502,0.404310483943268
1461,CUST00330,CUST00330,ACC89396,2121.48,transfer,online,2024-03-27T13:00:00+00:00,Transaction 1461,ZW,1313.356170212766,2788.55,47,1.6153120136910892,0.7607824855211489
1500,CUST00330,CUST00330,ACC79731,2742.97,transfer,atm,2024-03-28T09:00:00+00:00,Transaction 1500,ZW,1330.1920833333334,2788.55,48,2.062085644899029,0.9836545875096375
1454,CUST00330,CUST00330,ACC45070,910.93,deposit,online,2024-03-29T13:00:00+00:00,Transaction 1454,ZW,1359.0242857142857,2788.55,49,0.6702823559339316,0.3266679815674813
1501,CUST00331,CUST00331,ACC35386,164.25,transfer,atm,2024-01-01T08:00:00+00:00,Transaction 1501,ZW,164.25,164.25,0,1.0,1.0
1523,CUST00331,CUST00331,ACC52997,100.0,transfer,mobile,2024-01-02T02:00:00+00:00,Transaction 1523,CH,164.25,164.25,1,0.60882800608828,0.60882800608828
1508,CUST00331,CUST00331,ACC56625,100.0,transfer,mobile,2024-01-07T09:00:00+00:00,Transaction 1508,ZW,132.125,164.25,2,0.7568590350047304,0.60882800608828
1528,CUST00331,CUST00331,ACC86481,202.02,transfer,online,2024-01-09T05:00:00+00:00,Transaction 1528,ZW,121.41666666666667,164.25,3,1.663857240905971,1.2299543378995434
1525,CUST00331,CUST00331,ACC47306,100.0,transfer,branch,2024-01-10T02:00:00+00:00,Transaction 1525,ZA,141.5675,202.02,4,0.7063768167128756,0.495000495000495
1537,CUST00331,CUST00331,ACC31929,100.0,deposit,atm,2024-01-11T09:00:00+00:00,Transaction 1537,DE,133.254,202.02,5,0.7504465156768277,0.495000495000495
1518,CUST00331,CUST00331,ACC39514,100.0,transfer,online,2024-01-11T21:00:00+00:00,Transaction 1518,ZW,127.71166666666666,202.02,6,0.7830138201939265,0.495000495000495
1515,CUST00331,CUST00331,ACC71512,212.56,deposit,branch,2024-01-12T09:00:00+00:00,Transaction 1515,ZW,123.75285714285714,202.02,7,1.717616909277708,1.0521730521730521
1519,CUST00331,CUST00331,ACC29757,211.6,transfer,mobile,2024-01-13T01:00:00+00:00,Transaction 1519,ZW,134.85375,212.56,8,1.5691072736204963,0.9954836281520512
1544,CUST00331,CUST00331,ACC16167,286.93,transfer,online,2024-01-13T10:00:00+00:00,Transaction 1544,ZW,143.3811111111111,212.56,9,2.0011701525847974,1.3498776815957847
1526,CUST00331,CUST00331,ACC39504,464.44,deposit,mobile,2024-01-13T11:00:00+00:00,Transaction 1526,ZW,157.736,286.93,10,2.9444134503220574,1.6186526330463875
1520,CUST00331,CUST00331,ACC94855,100.0,deposit,branch,2024-01-15T09:00:00+00:00,Transaction 1520,ZW,185.61818181818182,464.44,11,0.5387403271623078,0.21531306519679613
1505,CUST00331,CUST00331,ACC23763,438.15,transfer,card,2024-01-20T09:00:00+00:00,Transaction 1505,ZW,178.48333333333335,464.44,12,2.4548510598561952,0.9433941951597623
1543,CUST00331,CUST00331,ACC13910,270.05,transfer,mobile,2024-01-27T01:00:00+00:00,Transaction 1543,ZW,198.45769230769233,464.44,13,1.3607434252601793,0.581452932563948
1546,CUST00331,CUST00331,ACC13850,671.4,transfer,online,2024-01-27T09:00:00+00:00,Transaction 1546,ZW,203.5714285714286,464.44,14,3.2981052631578938,1.4456119197312893
1549,CUST00331,CUST00331,ACC61011,100.0,withdraw,online,2024-02-01T19:00:00+00:00,Transaction 1549,AU,234.76000000000005,671.4,15,0.42596694496507065,0.14894250819183796
1536,CUST00331,CUST00331,ACC69181,677.89,transfer,online,2024-02-02T09:00:00+00:00,Transaction 1536,ZW,226.3375,671.4,16,2.995040592036229,1.0096663687816503
1527,CUST00331,CUST00331,ACC18100,665.42,transfer,online,2024-02-05T12:00:00+00:00,Transaction 1527,ZW,252.8994117647059,677.89,17,2.631164680679833,0.9816046851259054
1511,CUST00331,CUST00331,ACC84636,100.0,withdraw,mobile,2024-02-14T11:00:00+00:00,Transaction 1511,ZW,275.8172222222222,677.89,18,0.3625589410056177,0.14751655873371786
1516,CUST00331,CUST00331,ACC74265,100.0,transfer,mobile,2024-02-15T06:00:00+00:00,Transaction 1516,ZW,266.56368421052633,677.89,19,0.3751448750273954,0.14751655873371786
1530,CUST00331,CUST00331,ACC54604,441.47,withdraw,online,2024-02-17T06:00:00+00:00,Transaction 1530,CA,258.2355,677.89,20,1.7095635572955694,0.6512413518417443
1533,CUST00331,CUST00331,ACC76776,176.53,transfer,mobile,2024-02-18T06:00:00+00:00,Transaction 1533,ZW,266.9609523809524,677.89,21,0.661257754834843,0.26041098113263217
1504,CUST00331,CUST00331,ACC96501,374.68,deposit,card,2024-02-20T08:00:00+00:00,Transaction 1504,ZW,262.85045454545457,677.89,22,1.4254493135571384,0.5527150422634941
1540,CUST00331,CUST00331,ACC54683,357.6,transfer,mobile,2024-02-21T02:00:00+00:00,Transaction 1540,ZW,267.7126086956522,677.89,23,1.335760768767286,0.5275192140317752
1550,CUST00331,CUST00331,ACC93736,100.0,transfer,atm,2024-02-22T00:00:00+00:00,Transaction 1550,ZW,271.4579166666667,677.89,24,0.3683812254508449,0.14751655873371786
1547,CUST00331,CUST00331,ACC57440,121.45,transfer,mobile,2024-02-23T13:00:00+00:00,Transaction 1547,ZW,264.5996,677.89,25,0.45899540286531043,0.17915886058210034
1522,CUST00331,CUST00331,ACC82636,412.34,transfer,atm,2024-02-24T22:00:00+00:00,Transaction 1522,ZW,259.09384615384613,677.89,26,1.5914696783464264,0.6082697782826122
1541,CUST00331,CUST00331,ACC55357,100.0,withdraw,mobile,2024-02-26T10:00:00+00:00,Transaction 1541,ZW,264.7696296296296,677.89,27,0.3776868220871254,0.14751655873371786
1539,CUST00331,CUST00331,ACC98854,622.51,deposit,online,2024-02-28T21:00:00+00:00,Transaction 1539,ZW,258.885,677.89,28,2.4045811846959073,0.9183053297732671
1521,CUST00331,CUST00331,ACC72663,240.63,transfer,mobile,2024-02-29T04:00:00+00:00,Transaction 1521,ZW,271.42379310344825,677.89,29,0.8865471860393913,0.3549690952809453
1524,CUST00331,CUST00331,ACC13661,100.0,transfer,atm,2024-03-05T13:00:00+00:00,Transaction 1524,ZW,270.39733333333334,677.89,30,0.3698261324076174,0.14751655873371786
1532,CUST00331,CUST00331,ACC62948,116.2,transfer,atm,2024-03-06T07:00:00+00:00,Transaction 1532,ZW,264.9006451612903,677.89,31,0.43865502830032443,0.17141424124858015
1503,CUST00331,CUST00331,ACC90908,241.77,transfer,atm,2024-03-06T09:00:00+00:00,Transaction 1503,ZW,260.25375,677.89,32,0.9289779686171669,0.3566507840505097
1531,CUST00331,CUST00331,ACC57108,285.14,transfer,online,2024-03-06T17:00:00+00:00,Transaction 1531,ZW,259.6936363636364,677.89,33,1.097986088502886,0.4206287155733231
1517,CUST00331,CUST00331,ACC50019,100.0,transfer,mobile,2024-03-09T17:00:00+00:00,Transaction 1517,ZW,260.4420588235294,677.89,34,0.383962561391661,0.14751655873371786
1507,CUST00331,CUST00331,ACC20338,131.45,transfer,mobile,2024-03-10T11:00:00+00:00,Transaction 1507,ZW,255.85800000000003,677.89,35,0.513761539603999,0.1939105164554721
1509,CUST00331,CUST00331,ACC70849,619.7,withdraw,card,2024-03-11T11:00:00+00:00,Transaction 1509,ZW,252.40222222222226,677.89,36,2.4552081774240406,0.9141601144728496
1513,CUST00331,CUST00331,ACC20058,108.72,transfer,mobile,2024-03-11T11:00:00+00:00,Transaction 1513,ZW,262.32918918918926,677.89,37,0.41444110865448597,0.16038000265529806
1510,CUST00331,CUST00331,ACC61447,632.09,transfer,mobile,2024-03-12T09:00:00+00:00,Transaction 1510,ZW,258.2868421052632,677.89,38,2.447240420177485,0.9324374160999573
1545,CUST00331,CUST00331,ACC60019,314.32,transfer,branch,2024-03-14T09:00:00+00:00,Transaction 1545,ZW,267.8715384615385,677.89,39,1.173398270698067,0.463674047411822
1548,CUST00331,CUST00331,ACC39461,100.0,withdraw,online,2024-03-15T19:00:00+00:00,Transaction 1548,ZW,269.03275,677.89,40,0.37170195821884133,0.14751655873371786
1529,CUST00331,CUST00331,ACC93076,100.0,transfer,card,2024-03-16T15:00:00+00:00,Transaction 1529,ZW,264.91,677.89,41,0.3774866935940508,0.14751655873371786
1542,CUST00331,CUST00331,ACC48194,100.0,transfer,online,2024-03-17T17:00:00+00:00,Transaction 1542,ZW,260.98357142857145,677.89,42,0.3831658807204613,0.14751655873371786
1506,CUST00331,CUST00331,ACC95717,100.0,transfer,online,2024-03-24T09:00:00+00:00,Transaction 1506,ZW,257.2397674418605,677.89,43,0.3887423822313993,0.14751655873371786
1512,CUST00331,CUST00331,ACC10193,100.0,transfer,mobile,2024-03-25T11:00:00+00:00,Transaction 1512,ZW,253.66613636363638,677.89,44,0.39421895816888874,0.14751655873371786
1534,CUST00331,CUST00331,ACC25285,100.0,transfer,atm,2024-03-26T06:00:00+00:00,Transaction 1534,ZW,250.25133333333335,677.89,45,0.3995982705386851,0.14751655873371786
1514,CUST00331,CUST00331,ACC35924,100.0,transfer,card,2024-03-28T10:00:00+00:00,Transaction 1514,ZW,246.98500000000004,677.89,46,0.4048828876247545,0.14751655873371786
1502,CUST00331,CUST00331,ACC51004,100.0,deposit,mobile,2024-03-28T11:00:00+00:00,Transaction 1502,ZW,243.8576595744681,677.89,47,0.41007528807788984,0.14751655873371786
1538,CUST00331,CUST00331,ACC12039,100.0,transfer,mobile,2024-03-29T18:00:00+00:00,Transaction 1538,ZW,240.86062500000003,677.89,48,0.4151778647921386,0.14751655873371786
1535,CUST00331,CUST00331,ACC81893,100.0,transfer,mobile,2024-03-30T13:00:00+00:00,Transaction 1535,ZW,237.98591836734695,677.89,49,0.42019292858178026,0.14751655873371786
1588,CUST00332,CUST00332,ACC86581,1284.98,transfer,mobile,2024-01-02T07:00:00+00:00,Transaction 1588,ZW,1284.98,1284.98,0,1.0,1.0
1596,CUST00332,CUST00332,ACC84200,2041.15,transfer,branch,2024-01-06T12:00:00+00:00,Transaction 1596,ZW,1284.98,1284.98,1,1.588468303008607,1.588468303008607
1593,CUST00332,CUST00332,ACC58350,100.0,withdraw,branch,2024-01-06T17:00:00+00:00,Transaction 1593,ZW,1663.065,2041.15,2,0.060129940802073276,0.04899198980966612
1590,CUST00332,CUST00332,ACC50119,716.92,transfer,mobile,2024-01-07T03:00:00+00:00,Transaction 1590,ZW,1142.0433333333333,2041.15,3,0.6277520117450301,0.35123337334345833
1562,CUST00332,CUST00332,ACC53118,1278.32,transfer,online,2024-01-07T10:00:00+00:00,Transaction 1562,ZW,1035.7625,2041.15,4,1.2341825466745513,0.6262744041349239
1586,CUST00332,CUST00332,ACC57933,100.0,deposit,branch,2024-01-07T10:00:00+00:00,Transaction 1586,ZW,1084.274,2041.15,5,0.09222761036416995,0.04899198980966612
1569,CUST00332,CUST00332,ACC30748,2007.16,withdraw,atm,2024-01-08T17:00:00+00:00,Transaction 1569,ZW,920.2283333333334,2041.15,6,2.1811543149616854,0.9833476226636945
1599,CUST00332,CUST00332,ACC96261,513.51,transfer,mobile,2024-01-09T10:00:00+00:00,Transaction 1599,ZW,1075.5042857142857,2041.15,7,0.47745974313710643,0.25157876687161645
1560,CUST00332,CUST00332,ACC82300,295.9,deposit,mobile,2024-01-13T08:00:00+00:00,Transaction 1560,ZW,1005.255,2041.15,8,0.29435317407026074,0.14496729784680204
1583,CUST00332,CUST00332,ACC20820,1510.86,transfer,card,2024-01-15T07:00:00+00:00,Transaction 1583,ZW,926.4377777777778,2041.15,9,1.6308272786803453,0.7402003772383214
1556,CUST00332,CUST00332,ACC80896,266.79,transfer,online,2024-01-16T08:00:00+00:00,Transaction 1556,ZW,984.8800000000001,2041.15,10,0.27088579319307937,0.13070572961320825
1581,CUST00332,CUST00332,ACC77130,265.32,transfer,branch,2024-01-16T19:00:00+00:00,Transaction 1581,ZW,919.599090909091,2041.15,11,0.28851703163137293,0.12998554736300613
1552,CUST00332,CUST00332,ACC44456,276.1,withdraw,online,2024-01-19T08:00:00+00:00,Transaction 1552,ZW,865.0758333333334,2041.15,12,0.3191627708938812,0.13526688386448815
1594,CUST00332,CUST00332,ACC73394,1241.32,transfer,branch,2024-01-22T10:00:00+00:00,Transaction 1594,ZW,819.7700000000002,2041.15,13,1.5142296009856417,0.6081473679053474
1595,CUST00332,CUST00332,ACC38054,378.28,withdraw,branch,2024-01-23T20:00:00+00:00,Transaction 1595,ZW,849.8807142857144,2041.15,14,0.44509775741637686,0.18532689905200497
1568,CUST00332,CUST00332,ACC82127,1138.56,deposit,branch,2024-01-28T03:00:00+00:00,Transaction 1568,ZW,818.4406666666669,2041.15,15,1.3911332200012867,0.5578031991769345
1576,CUST00332,CUST00332,ACC38048,141.95,transfer,atm,2024-01-29T14:00:00+00:00,Transaction 1576,ZW,838.448125,2041.15,16,0.1693008735632869,0.06954412953482104
1579,CUST00332,CUST00332,ACC14752,1246.2,transfer,atm,2024-01-30T22:00:00+00:00,Transaction 1579,ZW,797.4776470588235,2041.15,17,1.562677028749469,0.6105381770080591
1554,CUST00332,CUST00332,ACC93177,2557.56,transfer,card,2024-02-01T11:00:00+00:00,Transaction 1554,ZW,822.4066666666668,2041.15,18,3.109848331320271,1.2529995345760967
1592,CUST00332,CUST00332,ACC49882,631.35,deposit,card,2024-02-08T15:00:00+00:00,Transaction 1592,ZW,913.7305263157896,2557.56,19,0.6909586380413896,0.24685637873598273
1574,CUST00332,CUST00332,ACC62894,1118.02,transfer,atm,2024-02-10T00:00:00+00:00,Transaction 1574,ZW,899.6115,2557.56,20,1.242780911537925,0.43714321462644085
1584,CUST00332,CUST00332,ACC91077,1941.43,transfer,branch,2024-02-12T01:00:00+00:00,Transaction 1584,ZW,910.0119047619048,2557.56,21,2.1334116508156615,0.7590946057961495
1578,CUST00332,CUST00332,ACC51687,1495.7,transfer,atm,2024-02-14T06:00:00+00:00,Transaction 1578,ZW,956.8945454545454,2557.56,22,1.5630771510872292,0.5848152145013216
1559,CUST00332,CUST00332,ACC31743,162.26,transfer,atm,2024-02-15T08:00:00+00:00,Transaction 1559,ZW,980.3208695652174,2557.56,23,0.165517235261924,0.06344328187804
1563,CUST00332,CUST00332,ACC30681,1153.84,transfer,online,2024-02-18T10:00:00+00:00,Transaction 1563,ZW,946.235,2557.56,24,1.21940110014954,0.4511487511534431
1597,CUST00332,CUST00332,ACC36694,2339.2,withdraw,atm,2024-02-21T01:00:00+00:00,Transaction 1597,CA,954.5391999999999,2557.56,25,2.450606533498048,0.9146217488543767
1565,CUST00332,CUST00332,ACC49329,534.24,transfer,atm,2024-02-24T09:00:00+00:00,Transaction 1565,ZW,1007.7953846153846,2557.56,26,0.5301076073134504,0.2088865950358936
1561,CUST00332,CUST00332,ACC30604,416.73,transfer,mobile,2024-02-24T11:00:00+00:00,Transaction 1561,ZW,990.2562962962963,2557.56,27,0.42083044718688617,0.1629404588748651
1582,CUST00332,CUST00332,ACC66715,2316.79,transfer,card,2024-02-25T09:00:00+00:00,Transaction 1582,ZW,969.7732142857143,2557.56,28,2.389001846897194,0.9058594910774331
1553,CUST00332,CUST00332,ACC85543,100.0,withdraw,branch,2024-02-25T10:00:00+00:00,Transaction 1553,ZW,1016.2220689655173,2557.56,29,0.09840368857743555,0.03909976696538889
1566,CUST00332,CUST00332,ACC73778,100.0,transfer,branch,2024-02-28T07:00:00+00:00,Transaction 1566,ZW,985.6813333333334,2557.56,30,0.10145266692007288,0.03909976696538889
1551,CUST00332,CUST00332,ACC49465,1634.2,transfer,mobile,2024-03-01T11:00:00+00:00,Transaction 1551,ZW,957.1109677419356,2557.56,31,1.7074300212602171,0.6389683917483852
1587,CUST00332,CUST00332,ACC38270,1894.56,withdraw,branch,2024-03-02T02:00:00+00:00,Transaction 1587,ZW,978.27,2557.56,32,1.9366432579962587,0.7407685450194716
1555,CUST00332,CUST00332,ACC66528,100.0,transfer,branch,2024-03-03T11:00:00+00:00,Transaction 1555,ZW,1006.0363636363636,2557.56,33,0.0993999855418203,0.03909976696538889
1585,CUST00332,CUST00332,ACC69462,100.0,withdraw,atm,2024-03-07T09:00:00+00:00,Transaction 1585,ZW,979.3882352941175,2557.56,34,0.10210455506438594,0.03909976696538889
1570,CUST00332,CUST00332,ACC94005,1382.2,transfer,card,2024-03-10T00:00:00+00:00,Transaction 1570,ZW,954.2628571428571,2557.56,35,1.448447867014779,0.5404369789956052
1600,CUST00332,CUST00332,ACC13641,100.0,transfer,atm,2024-03-10T04:00:00+00:00,Transaction 1600,ZW,966.1499999999999,2557.56,36,0.10350359674998708,0.03909976696538889
1589,CUST00332,CUST00332,ACC79895,2009.37,transfer,atm,2024-03-11T14:00:00+00:00,Transaction 1589,KE,942.7405405405403,2557.56,37,2.131413590050858,0.7856589874724347
1575,CUST00332,CUST00332,ACC94954,420.93,withdraw,branch,2024-03-12T03:00:00+00:00,Transaction 1575,ZW,970.8097368421052,2557.56,38,0.4335865041580862,0.16458264908741144
1598,CUST00332,CUST00332,ACC15641,665.61,transfer,mobile,2024-03-13T17:00:00+00:00,Transaction 1598,ZW,956.7102564102563,2557.56,39,0.6957278816028217,0.260251958898325
1591,CUST00332,CUST00332,ACC28101,1061.13,withdraw,card,2024-03-15T02:00:00+00:00,Transaction 1591,ZW,949.4327499999999,2557.56,40,1.1176462998564145,0.4148993571998311
1580,CUST00332,CUST00332,ACC39219,738.04,transfer,online,2024-03-16T16:00:00+00:00,Transaction 1580,ZW,952.1570731707316,2557.56,41,0.7751242109059686,0.28857192011135613
1573,CUST00332,CUST00332,ACC29563,459.45,transfer,branch,2024-03-20T07:00:00+00:00,Transaction 1573,ZW,947.0590476190475,2557.56,42,0.4851334255821531,0.17964387932247924
1577,CUST00332,CUST00332,ACC75082,427.0,transfer,atm,2024-03-22T02:00:00+00:00,Transaction 1577,ZW,935.7193023255812,2557.56,43,0.45633343133860715,0.16695600494221055
1558,CUST00332,CUST00332,ACC48149,2316.94,transfer,online,2024-03-23T09:00:00+00:00,Transaction 1558,US,924.1574999999998,2557.56,44,2.5070834787360385,0.9059181407278813
1557,CUST00332,CUST00332,ACC49872,100.0,deposit,online,2024-03-28T08:00:00+00:00,Transaction 1557,ZW,955.1082222222221,2557.56,45,0.10470017708289951,0.03909976696538889
1564,CUST00332,CUST00332,ACC91465,1109.74,transfer,branch,2024-03-28T09:00:00+00:00,Transaction 1564,ZW,936.5189130434782,2557.56,46,1.1849627215681013,0.43390575392170666
1572,CUST00332,CUST00332,ACC16381,1103.55,transfer,atm,2024-03-28T12:00:00+00:00,Transaction 1572,AU,940.2044680851062,2557.56,47,1.1737340519637989,0.43148547834654905
1567,CUST00332,CUST00332,ACC80584,256.22,deposit,mobile,2024-03-28T21:00:00+00:00,Transaction 1567,ZW,943.6075000000001,2557.56,48,0.2715323903211876,0.10018142291871941
1571,CUST00332,CUST00332,ACC77902,722.9,transfer,mobile,2024-03-29T15:00:00+00:00,Transaction 1571,ZW,929.5791836734695,2557.56,49,0.7776637135346297,0.2826522153927963
1610,CUST00333,CUST00333,ACC66401,2276.31,transfer,mobile,2024-01-01T02:00:00+00:00,Transaction 1610,ZW,2276.31,2276.31,0,1.0,1.0
1648,CUST00333,CUST00333,ACC42110,3079.65,transfer,atm,2024-01-01T06:00:00+00:00,Transaction 1648,SY,2276.31,2276.31,1,1.3529132675250735,1.3529132675250735
1602,CUST00333,CUST00333,ACC98108,3177.71,transfer,mobile,2024-01-04T10:00:00+00:00,Transaction 1602,FR,2677.98,3079.65,2,1.1866070695076139,1.0318412806650106
1603,CUST00333,CUST00333,ACC73293,403.6,withdraw,atm,2024-01-06T12:00:00+00:00,Transaction 1603,NG,2844.556666666667,3177.71,3,0.14188502719228654,0.12700970195518158
1619,CUST00333,CUST00333,ACC62102,1844.79,withdraw,branch,2024-01-07T18:00:00+00:00,Transaction 1619,ZW,2234.3175,3177.71,4,0.8256615275134352,0.5805407038401867
1613,CUST00333,CUST00333,ACC75173,421.62,transfer,online,2024-01-10T17:00:00+00:00,Transaction 1613,ZW,2156.4120000000003,3177.71,5,0.19551922359920088,0.1326804522753807
1615,CUST00333,CUST00333,ACC17397,4016.85,deposit,mobile,2024-01-12T18:00:00+00:00,Transaction 1615,ZW,1867.2800000000004,3177.71,6,2.1511771132342226,1.264070667241504
1614,CUST00333,CUST00333,ACC71591,1316.22,withdraw,branch,2024-01-12T22:00:00+00:00,Transaction 1614,ZW,2174.361428571429,4016.85,7,0.6053363450550013,0.32767467045072635
1606,CUST00333,CUST00333,ACC63320,4411.21,deposit,mobile,2024-01-13T03:00:00+00:00,Transaction 1606,GB,2067.09375,4016.85,8,2.13401545043615,1.098176431781122
1605,CUST00333,CUST00333,ACC42354,100.0,withdraw,atm,2024-01-14T00:00:00+00:00,Transaction 1605,CH,2327.551111111111,4411.21,9,0.04296361077641928,0.022669516980601694
1629,CUST00333,CUST00333,ACC96871,2115.7,transfer,online,2024-01-15T20:00:00+00:00,Transaction 1629,SG,2104.796,4411.21,10,1.0051805495639483,0.47961897075859
1609,CUST00333,CUST00333,ACC83859,3526.26,transfer,mobile,2024-01-20T11:00:00+00:00,Transaction 1609,ZW,2105.787272727273,4411.21,11,1.674556611519941,0.7993861094801653
1633,CUST00333,CUST00333,ACC21877,100.0,deposit,atm,2024-01-23T21:00:00+00:00,Transaction 1633,CA,2224.16,4411.21,12,0.04496079418746853,0.022669516980601694
1636,CUST00333,CUST00333,ACC16672,5097.75,transfer,atm,2024-01-25T05:00:00+00:00,Transaction 1636,ZW,2060.763076923077,4411.21,13,2.473719593040965,1.155635301878623
1612,CUST00333,CUST00333,ACC14892,2434.18,transfer,branch,2024-01-27T02:00:00+00:00,Transaction 1612,DE,2277.690714285714,5097.75,14,1.068705239360543,0.47750085822176447
1628,CUST00333,CUST00333,ACC21229,4093.58,transfer,mobile,2024-01-30T18:00:00+00:00,Transaction 1628,CH,2288.1233333333334,5097.75,15,1.7890556598784737,0.8030170173115591
1634,CUST00333,CUST00333,ACC27127,3634.51,transfer,mobile,2024-02-01T15:00:00+00:00,Transaction 1634,DE,2400.964375,5097.75,16,1.5137708988289342,0.7129635623559414
1607,CUST00333,CUST00333,ACC49090,4081.22,withdraw,card,2024-02-01T17:00:00+00:00,Transaction 1607,ZW,2473.525882352941,5097.75,17,1.6499604993491073,0.8005924182237261
1641,CUST00333,CUST00333,ACC84791,4835.97,withdraw,atm,2024-02-02T03:00:00+00:00,Transaction 1641,ZW,2562.8422222222225,5097.75,18,1.8869558016750498,0.9486479329115787
1625,CUST00333,CUST00333,ACC42044,2507.03,withdraw,online,2024-02-02T06:00:00+00:00,Transaction 1625,ZW,2682.4805263157896,5097.75,19,0.9345939235738799,0.4917914766318474
1601,CUST00333,CUST00333,ACC71829,3834.66,transfer,mobile,2024-02-02T15:00:00+00:00,Transaction 1601,ZW,2673.708,5097.75,20,1.4342104672611966,0.7522259820509047
1631,CUST00333,CUST00333,ACC60476,7393.88,deposit,mobile,2024-02-03T03:00:00+00:00,Transaction 1631,ZA,2728.991428571429,5097.75,21,2.7093819066593934,1.4504202834583886
1647,CUST00333,CUST00333,ACC74388,1920.95,withdraw,branch,2024-02-04T01:00:00+00:00,Transaction 1647,ZW,2941.0318181818184,7393.88,22,0.6531551233565214,0.2598027016938333
1626,CUST00333,CUST00333,ACC65668,4653.37,withdraw,mobile,2024-02-06T08:00:00+00:00,Transaction 1626,GB,2896.680434782609,7393.88,23,1.6064492113536257,0.6293542767802561
1646,CUST00333,CUST00333,ACC81218,1255.38,withdraw,atm,2024-02-06T18:00:00+00:00,Transaction 1646,CA,2969.8758333333335,7393.88,24,0.4227045406780474,0.1697863638576769
1649,CUST00333,CUST00333,ACC19989,2198.31,transfer,mobile,2024-02-09T00:00:00+00:00,Transaction 1649,ZW,2901.2960000000003,7393.88,25,0.7576993178221042,0.2973148062992637
1644,CUST00333,CUST00333,ACC18973,1353.52,withdraw,online,2024-02-09T10:00:00+00:00,Transaction 1644,FR,2874.258076923077,7393.88,26,0.47091108862741965,0.18305950326486228
1621,CUST00333,CUST00333,ACC77250,2818.85,transfer,online,2024-02-10T08:00:00+00:00,Transaction 1621,ZW,2817.934444444445,7393.88,27,1.0003249030712407,0.3812409722635477
1632,CUST00333,CUST00333,ACC32927,4738.85,deposit,branch,2024-02-12T05:00:00+00:00,Transaction 1632,ZW,2817.9671428571432,7393.88,28,1.6816555196577876,0.6409151893187339
1624,CUST00333,CUST00333,ACC63984,1405.41,transfer,mobile,2024-02-14T22:00:00+00:00,Transaction 1624,ZW,2884.2044827586215,7393.88,29,0.4872782108208167,0.19007746947475482
1638,CUST00333,CUST00333,ACC83016,1952.81,transfer,atm,2024-02-15T07:00:00+00:00,Transaction 1638,GB,2834.9113333333344,7393.88,30,0.6888434135623757,0.2641116707330928
1643,CUST00333,CUST00333,ACC74749,3717.25,transfer,mobile,2024-02-16T04:00:00+00:00,Transaction 1643,AF,2806.456451612904,7393.88,31,1.324535072640679,0.5027468663272869
1622,CUST00333,CUST00333,ACC48540,1528.96,transfer,atm,2024-02-19T21:00:00+00:00,Transaction 1622,ZW,2834.91875,7393.88,32,0.5393311536706299,0.20678723484827993
1616,CUST00333,CUST00333,ACC25858,3615.67,withdraw,atm,2024-02-21T12:00:00+00:00,Transaction 1616,ZW,2795.3442424242426,7393.88,33,1.2934614438987078,0.48900847728121094
1617,CUST00333,CUST00333,ACC50616,736.37,transfer,mobile,2024-02-22T00:00:00+00:00,Transaction 1617,ZW,2819.471470588235,7393.88,34,0.2611730629948062,0.09959182459006638
1623,CUST00333,CUST00333,ACC46976,1571.11,transfer,mobile,2024-02-24T14:00:00+00:00,Transaction 1623,ZW,2759.9542857142856,7393.88,35,0.5692521822307616,0.21248789539456955
1650,CUST00333,CUST00333,ACC42316,3744.28,transfer,mobile,2024-02-27T07:00:00+00:00,Transaction 1650,ZW,2726.9308333333333,7393.88,36,1.3730747968488384,0.506402592414267
1635,CUST00333,CUST00333,ACC55497,4997.06,withdraw,online,2024-02-29T09:00:00+00:00,Transaction 1635,FR,2754.4267567567567,7393.88,37,1.8141923678826979,0.675837314103015
1608,CUST00333,CUST00333,ACC75472,2492.76,transfer,branch,2024-03-03T02:00:00+00:00,Transaction 1608,ZW,2813.4434210526315,7393.88,38,0.8860174622126754,0.3371382819304614
1611,CUST00333,CUST00333,ACC97130,892.71,withdraw,atm,2024-03-04T06:00:00+00:00,Transaction 1611,ZW,2805.220769230769,7393.88,39,0.31823163787739733,0.12073633870173711
1620,CUST00333,CUST00333,ACC45035,7735.53,transfer,atm,2024-03-08T13:00:00+00:00,Transaction 1620,ZW,2757.4080000000004,7393.88,40,2.805362862514361,1.0462071334671377
1618,CUST00333,CUST00333,ACC78705,2007.07,withdraw,atm,2024-03-11T14:00:00+00:00,Transaction 1618,ZW,2878.8256097560975,7735.53,41,0.6971835991725962,0.25946121338809364
1637,CUST00333,CUST00333,ACC96086,2999.34,withdraw,atm,2024-03-12T21:00:00+00:00,Transaction 1637,ZW,2858.069523809524,7735.53,42,1.0494286353126137,0.3877355527029176
1640,CUST00333,CUST00333,ACC60327,4398.55,transfer,branch,2024-03-19T11:00:00+00:00,Transaction 1640,ZW,2861.3548837209305,7735.53,43,1.5372263066789142,0.5686165007439697
1642,CUST00333,CUST00333,ACC48293,567.43,deposit,branch,2024-03-20T13:00:00+00:00,Transaction 1642,CH,2896.2911363636367,7735.53,44,0.19591607793697907,0.07335373271126865
1639,CUST00333,CUST00333,ACC53991,3101.39,withdraw,atm,2024-03-20T18:00:00+00:00,Transaction 1639,ZW,2844.538666666667,7735.53,45,1.09029630580987,0.4009279260761706
1645,CUST00333,CUST00333,ACC49561,5182.19,transfer,mobile,2024-03-21T06:00:00+00:00,Transaction 1645,ZW,2850.1223913043477,7735.53,46,1.8182341978754077,0.669920483793612
1627,CUST00333,CUST00333,ACC80356,444.64,transfer,mobile,2024-03-22T09:00:00+00:00,Transaction 1627,BF,2899.7408510638297,7735.53,47,0.1533378404614587,0.05748022436730257
1604,CUST00333,CUST00333,ACC23026,1047.31,withdraw,mobile,2024-03-26T17:00:00+00:00,Transaction 1604,ZW,2848.592916666667,7735.53,48,0.36765871103321035,0.13538955960354365
1630,CUST00333,CUST00333,ACC12906,818.81,withdraw,mobile,2024-03-28T12:00:00+00:00,Transaction 1630,ZW,2811.8320408163268,7735.53,49,0.29120160383487353,0.10585053642090457
1652,CUST00334,CUST00334,ACC21325,449.86,transfer,card,2024-01-04T19:00:00+00:00,Transaction 1652,ZW,449.86,449.86,0,1.0,1.0
1680,CUST00334,CUST00334,ACC46592,291.55,transfer,card,2024-01-04T20:00:00+00:00,Transaction 1680,ZW,449.86,449.86,1,0.6480905170497488,0.6480905170497488
1685,CUST00334,CUST00334,ACC66721,320.11,transfer,online,2024-01-06T09:00:00+00:00,Transaction 1685,ZW,370.70500000000004,449.86,2,0.8635168125598521,0.7115769350464589
1698,CUST00334,CUST00334,ACC17159,567.02,transfer,mobile,2024-01-07T06:00:00+00:00,Transaction 1698,CA,353.84,449.86,3,1.6024756952294823,1.260436580269417
1684,CUST00334,CUST00334,ACC44215,556.16,transfer,online,2024-01-10T12:00:00+00:00,Transaction 1684,NG,407.135,567.02,4,1.366033379591536,0.9808472364290501
1677,CUST00334,CUST00334,ACC86728,698.38,transfer,online,2024-01-13T08:00:00+00:00,Transaction 1677,CA,436.93999999999994,567.02,5,1.5983430219252073,1.2316673133222815
1681,CUST00334,CUST00334,ACC43662,388.77,transfer,online,2024-01-15T10:00:00+00:00,Transaction 1681,ZW,480.5133333333333,698.38,6,0.8090722421854406,0.5566740170107964
1662,CUST00334,CUST00334,ACC69576,324.92,withdraw,online,2024-01-15T21:00:00+00:00,Transaction 1662,ZW,467.40714285714284,698.38,7,0.6951541177009949,0.46524814570864004
1682,CUST00334,CUST00334,ACC14933,237.86,transfer,mobile,2024-01-16T02:00:00+00:00,Transaction 1682,ZW,449.59625,698.38,8,0.5290524553974817,0.3405882184484092
1671,CUST00334,CUST00334,ACC88102,357.2,transfer,branch,2024-01-17T15:00:00+00:00,Transaction 1671,ZW,426.07,698.38,9,0.8383598939141456,0.5114694006128468
1688,CUST00334,CUST00334,ACC63006,369.9,withdraw,atm,2024-01-18T03:00:00+00:00,Transaction 1688,ZW,419.183,698.38,10,0.8824308237690937,0.5296543429078725
1651,CUST00334,CUST00334,ACC93658,316.41,withdraw,online,2024-01-19T21:00:00+00:00,Transaction 1651,CH,414.70272727272726,698.38,11,0.7629802728350867,0.45306280248575276
1691,CUST00334,CUST00334,ACC19976,731.31,deposit,online,2024-01-21T14:00:00+00:00,Transaction 1691,NG,406.5116666666666,698.38,12,1.7989889589064687,1.0471519802972593
1675,CUST00334,CUST00334,ACC99251,100.0,withdraw,online,2024-01-22T12:00:00+00:00,Transaction 1675,GB,431.4961538461538,731.31,13,0.23175177602082203,0.13674091698458932
1676,CUST00334,CUST00334,ACC28426,909.28,transfer,online,2024-01-26T13:00:00+00:00,Transaction 1676,ZW,407.81785714285706,731.31,14,2.2296228183099953,1.2433578099574736
1670,CUST00334,CUST00334,ACC53337,600.52,transfer,mobile,2024-01-27T19:00:00+00:00,Transaction 1670,ZW,441.24866666666657,909.28,15,1.3609559537856963,0.6604346295970438
1660,CUST00334,CUST00334,ACC68623,339.28,transfer,mobile,2024-01-29T19:00:00+00:00,Transaction 1660,GB,451.203125,909.28,16,0.7519451466565086,0.37313038887911315
1664,CUST00334,CUST00334,ACC18363,580.74,transfer,atm,2024-01-29T21:00:00+00:00,Transaction 1664,ZW,444.6194117647059,909.28,17,1.3061507991633294,0.6386811543199015
1654,CUST00334,CUST00334,ACC28008,432.05,transfer,branch,2024-01-30T20:00:00+00:00,Transaction 1654,CA,452.1816666666666,909.28,18,0.9554788082960758,0.47515616751715645
1663,CUST00334,CUST00334,ACC22167,106.47,deposit,mobile,2024-01-30T20:00:00+00:00,Transaction 1663,ZW,451.1221052631579,909.28,19,0.23601148947886674,0.11709264472989618
1690,CUST00334,CUST00334,ACC76186,420.64,transfer,mobile,2024-01-31T10:00:00+00:00,Transaction 1690,ZW,433.88949999999994,909.28,20,0.9694634232909533,0.4626077775822629
1686,CUST00334,CUST00334,ACC73359,523.52,transfer,card,2024-02-03T03:00:00+00:00,Transaction 1686,ZW,433.2585714285714,909.28,21,1.2083315473109097,0.5757522435333451
1655,CUST00334,CUST00334,ACC56523,459.48,transfer,branch,2024-02-04T19:00:00+00:00,Transaction 1655,ZW,437.3613636363636,909.28,22,1.0505729088178593,0.5053228928382897
1665,CUST00334,CUST00334,ACC70895,341.01,transfer,atm,2024-02-12T21:00:00+00:00,Transaction 1665,ZW,438.3230434782608,909.28,23,0.7779878449783415,0.37503299313742744
1699,CUST00334,CUST00334,ACC48554,141.03,withdraw,atm,2024-02-13T05:00:00+00:00,Transaction 1699,ZW,434.26833333333326,909.28,24,0.3247531288258796,0.15510073904627839
1657,CUST00334,CUST00334,ACC57696,730.07,withdraw,branch,2024-02-15T19:00:00+00:00,Transaction 1657,NG,422.5388,909.28,25,1.7278176584020215,0.8029099947210981
1697,CUST00334,CUST00334,ACC79628,180.64,transfer,online,2024-02-19T02:00:00+00:00,Transaction 1697,ZW,434.36692307692306,909.28,26,0.4158696033307537,0.19866267816294209
1689,CUST00334,CUST00334,ACC79558,349.84,transfer,mobile,2024-02-21T05:00:00+00:00,Transaction 1689,ZW,424.9696296296296,909.28,27,0.8232117676382975,0.38474397325356324
1661,CUST00334,CUST00334,ACC18421,587.77,transfer,atm,2024-02-21T19:00:00+00:00,Transaction 1661,GB,422.28642857142853,909.28,28,1.3918751828904214,0.6464125461903923
1668,CUST00334,CUST00334,ACC25983,246.26,deposit,mobile,2024-02-23T03:00:00+00:00,Transaction 1668,DE,427.99275862068964,909.28,29,0.5753835667538687,0.27082966742917475
1669,CUST00334,CUST00334,ACC81018,290.01,transfer,branch,2024-02-26T16:00:00+00:00,Transaction 1669,ZW,421.935,909.28,30,0.6873333570336663,0.31894465951082174
1674,CUST00334,CUST00334,ACC41059,263.1,transfer,online,2024-02-29T12:00:00+00:00,Transaction 1674,ZW,417.6793548387097,909.28,31,0.6299090365660956,0.28934981523843045
1692,CUST00334,CUST00334,ACC99998,470.13,withdraw,mobile,2024-03-01T08:00:00+00:00,Transaction 1692,ZW,412.84875,909.28,32,1.1387463326460356,0.517035456625022
1695,CUST00334,CUST00334,ACC51857,505.05,transfer,atm,2024-03-02T04:00:00+00:00,Transaction 1695,ZW,414.58454545454543,909.28,33,1.2182074935916132,0.5554394685905332
1693,CUST00334,CUST00334,ACC32880,547.99,transfer,atm,2024-03-03T03:00:00+00:00,Transaction 1693,ZW,417.245294117647,909.28,34,1.313352140157363,0.60266364596164
1672,CUST00334,CUST00334,ACC85602,394.35,withdraw,mobile,2024-03-03T20:00:00+00:00,Transaction 1672,ZW,420.9808571428571,909.28,35,0.9367409308736809,0.4336947914833715
1678,CUST00334,CUST00334,ACC28072,418.24,transfer,atm,2024-03-07T21:00:00+00:00,Transaction 1678,ZW,420.2411111111111,909.28,36,0.9952381833709221,0.4599683265880697
1667,CUST00334,CUST00334,ACC57202,233.94,transfer,mobile,2024-03-08T04:00:00+00:00,Transaction 1667,ZW,420.187027027027,909.28,37,0.556752076938712,0.2572804856589829
1679,CUST00334,CUST00334,ACC79380,320.88,deposit,mobile,2024-03-10T17:00:00+00:00,Transaction 1679,ZA,415.2857894736842,909.28,38,0.7726727187238212,0.35289459792363187
1683,CUST00334,CUST00334,ACC72430,100.0,transfer,atm,2024-03-12T07:00:00+00:00,Transaction 1683,ZW,412.86512820512814,909.28,39,0.24220984812821475,0.10997712475805033
1673,CUST00334,CUST00334,ACC24209,491.34,deposit,atm,2024-03-12T14:00:00+00:00,Transaction 1673,ZW,405.04350000000005,909.28,40,1.2130548941039665,0.5403616047862044
1696,CUST00334,CUST00334,ACC92706,386.72,withdraw,online,2024-03-13T21:00:00+00:00,Transaction 1696,ZW,407.14829268292686,909.28,41,0.9498259158884998,0.42530353686433225
1666,CUST00334,CUST00334,ACC21237,344.84,withdraw,mobile,2024-03-16T06:00:00+00:00,Transaction 1666,ZW,406.66190476190485,909.28,42,0.8479771425894914,0.3792451170156607
1656,CUST00334,CUST00334,ACC55117,456.08,transfer,atm,2024-03-17T20:00:00+00:00,Transaction 1656,ZW,405.2241860465117,909.28,43,1.1255004407551603,0.5015836705965159
1658,CUST00334,CUST00334,ACC31262,501.19,transfer,atm,2024-03-18T19:00:00+00:00,Transaction 1658,ZW,406.3800000000001,909.28,44,1.2333038043210784,0.5511943515748724
1653,CUST00334,CUST00334,ACC79006,284.89,deposit,online,2024-03-21T21:00:00+00:00,Transaction 1653,US,408.486888888889,909.28,45,0.6974275252136474,0.31331383072320956
1659,CUST00334,CUST00334,ACC45965,446.81,transfer,mobile,2024-03-23T18:00:00+00:00,Transaction 1659,ZW,405.80000000000007,909.28,46,1.1010596352883193,0.4913887911314447
1687,CUST00334,CUST00334,ACC43238,380.4,transfer,atm,2024-03-24T09:00:00+00:00,Transaction 1687,KE,406.67255319148944,909.28,47,0.9353962961470907,0.41835298257962344
1700,CUST00334,CUST00334,ACC56091,100.0,withdraw,mobile,2024-03-26T07:00:00+00:00,Transaction 1700,AU,406.1252083333333,909.28,48,0.24622948280010118,0.10997712475805033
1694,CUST00334,CUST00334,ACC84860,276.26,transfer,atm,2024-03-28T11:00:00+00:00,Transaction 1694,ZW,399.8777551020408,909.28,49,0.6908611356225703,0.3038228048565898
1750,CUST00335,CUST00335,ACC45350,1764.98,transfer,online,2024-01-02T13:00:00+00:00,Transaction 1750,ZW,1764.98,1764.98,0,1.0,1.0
1702,CUST00335,CUST00335,ACC29425,4253.31,transfer,online,2024-01-02T18:00:00+00:00,Transaction 1702,ZW,1764.98,1764.98,1,2.409834672347562,2.409834672347562
1705,CUST00335,CUST00335,ACC22806,3055.1,transfer,atm,2024-01-02T20:00:00+00:00,Transaction 1705,ZW,3009.1450000000004,4253.31,2,1.0152717798577335,0.7182876395089941
1738,CUST00335,CUST00335,ACC37376,4568.13,deposit,atm,2024-01-03T09:00:00+00:00,Transaction 1738,ZW,3024.4633333333336,4253.31,3,1.5103935794669907,1.0740176474322352
1704,CUST00335,CUST00335,ACC11831,3716.5,transfer,online,2024-01-03T20:00:00+00:00,Transaction 1704,ZW,3410.38,4568.13,4,1.0897612582762037,0.8135714176260308
1729,CUST00335,CUST00335,ACC59185,3257.89,transfer,atm,2024-01-05T00:00:00+00:00,Transaction 1729,ZW,3471.6040000000003,4568.13,5,0.9384394072595836,0.7131780400295088
1748,CUST00335,CUST00335,ACC57750,4176.45,transfer,mobile,2024-01-06T14:00:00+00:00,Transaction 1748,ZW,3435.985,4568.13,6,1.215502978039776,0.914258131883287
1701,CUST00335,CUST00335,ACC33518,2032.12,deposit,online,2024-01-06T19:00:00+00:00,Transaction 1701,ZW,3541.7657142857142,4568.13,7,0.5737590128571867,0.44484723508306456
1722,CUST00335,CUST00335,ACC32656,4531.62,transfer,atm,2024-01-10T06:00:00+00:00,Transaction 1722,ZW,3353.06,4568.13,8,1.3514878946395232,0.9920076705347702
1735,CUST00335,CUST00335,ACC43884,2481.72,deposit,online,2024-01-11T02:00:00+00:00,Transaction 1735,ZW,3484.011111111111,4568.13,9,0.7123169016554992,0.5432682519980823
1725,CUST00335,CUST00335,ACC63443,247.35,transfer,atm,2024-01-12T10:00:00+00:00,Transaction 1725,ZW,3383.782,4568.13,10,0.07309868070697226,0.05414688286016379
1740,CUST00335,CUST00335,ACC95309,1793.24,deposit,online,2024-01-13T17:00:00+00:00,Transaction 1740,ZW,3098.651818181818,4568.13,11,0.5787161982762592,0.3925545026082883
1734,CUST00335,CUST00335,ACC53642,2173.58,transfer,online,2024-01-14T05:00:00+00:00,Transaction 1734,ZW,2989.8675,4568.13,12,0.7269820485355957,0.4758139545065486
1727,CUST00335,CUST00335,ACC78283,1983.99,transfer,mobile,2024-01-18T10:00:00+00:00,Transaction 1727,ZW,2927.076153846154,4568.13,13,0.6778060753195825,0.43431119517176614
1747,CUST00335,CUST00335,ACC45864,5476.31,transfer,mobile,2024-01-20T00:00:00+00:00,Transaction 1747,ZW,2859.712857142857,4568.13,14,1.9149859701198775,1.1988078272728666
1720,CUST00335,CUST00335,ACC89354,4196.39,transfer,online,2024-01-21T03:00:00+00:00,Transaction 1720,ZW,3034.1526666666664,5476.31,15,1.3830516987829005,0.7662805794412662
1736,CUST00335,CUST00335,ACC52390,4243.14,transfer,mobile,2024-01-22T15:00:00+00:00,Transaction 1736,ZW,3106.7925,5476.31,16,1.365762277332651,0.7748173496387166
1741,CUST00335,CUST00335,ACC72078,3329.73,withdraw,branch,2024-01-22T17:00:00+00:00,Transaction 1741,ZW,3173.636470588235,5476.31,17,1.0491844390050233,0.6080243813808933
1723,CUST00335,CUST00335,ACC27642,1503.4,transfer,branch,2024-01-25T14:00:00+00:00,Transaction 1723,ZW,3182.3083333333334,5476.31,18,0.47242436700822515,0.27452792117319874
1713,CUST00335,CUST00335,ACC79858,2832.38,transfer,atm,2024-01-25T21:00:00+00:00,Transaction 1713,ZW,3093.9447368421056,5476.31,19,0.9154591438795133,0.5172059288097277
1732,CUST00335,CUST00335,ACC59418,4343.07,transfer,online,2024-01-26T11:00:00+00:00,Transaction 1732,ZW,3080.8665,5476.31,20,1.409691072300601,0.7930650383195983
1710,CUST00335,CUST00335,ACC63644,368.76,transfer,mobile,2024-01-26T21:00:00+00:00,Transaction 1710,ZW,3140.971428571428,5476.31,21,0.11740316917423183,0.0673373128986489
1717,CUST00335,CUST00335,ACC84487,4434.84,transfer,atm,2024-01-27T02:00:00+00:00,Transaction 1717,ZW,3014.9618181818178,5476.31,22,1.470944001099969,0.8098226725660161
1718,CUST00335,CUST00335,ACC25216,1135.45,transfer,branch,2024-01-31T03:00:00+00:00,Transaction 1718,ZW,3076.6956521739125,5476.31,23,0.3690485274998588,0.2073385180897356
1721,CUST00335,CUST00335,ACC55055,1765.95,deposit,mobile,2024-02-01T12:00:00+00:00,Transaction 1721,ZW,2995.810416666667,5476.31,24,0.5894732157200089,0.3224707878115008
1728,CUST00335,CUST00335,ACC20178,2913.21,transfer,atm,2024-02-04T21:00:00+00:00,Transaction 1728,ZW,2946.6160000000004,5476.31,25,0.9886629272358528,0.531965867527587
1726,CUST00335,CUST00335,ACC29900,2730.17,transfer,branch,2024-02-04T22:00:00+00:00,Transaction 1726,ZW,2945.3311538461544,5476.31,26,0.9269483998207854,0.4985419013898044
1731,CUST00335,CUST00335,ACC78665,4222.11,transfer,branch,2024-02-04T22:00:00+00:00,Transaction 1731,ZW,2937.3622222222225,5476.31,27,1.4373814601611572,0.7709771725851895
1719,CUST00335,CUST00335,ACC22142,3566.43,transfer,online,2024-02-20T15:00:00+00:00,Transaction 1719,ZW,2983.246071428572,5476.31,28,1.195486364385678,0.651246916262958
1715,CUST00335,CUST00335,ACC66895,3258.01,transfer,atm,2024-02-22T19:00:00+00:00,Transaction 1715,ZW,3003.355862068966,5476.31,29,1.0847898649464758,0.5949279715720988
1724,CUST00335,CUST00335,ACC70019,2714.83,deposit,atm,2024-02-25T19:00:00+00:00,Transaction 1724,ZW,3011.8443333333335,5476.31,30,0.9013845669093344,0.49574074513678
1749,CUST00335,CUST00335,ACC83548,3256.12,withdraw,online,2024-02-27T22:00:00+00:00,Transaction 1749,ZW,3002.263225806452,5476.31,31,1.0845551356095229,0.5945828486699986
1742,CUST00335,CUST00335,ACC81185,3139.16,transfer,atm,2024-03-03T09:00:00+00:00,Transaction 1742,ZW,3010.1962500000004,5476.31,32,1.0428423063778647,0.5732254017760133
1708,CUST00335,CUST00335,ACC40145,3083.77,withdraw,branch,2024-03-03T21:00:00+00:00,Transaction 1708,ZW,3014.104242424243,5476.31,33,1.023113254211714,0.5631109268832479
1706,CUST00335,CUST00335,ACC93565,6723.18,transfer,atm,2024-03-05T19:00:00+00:00,Transaction 1706,ZW,3016.153235294118,5476.31,34,2.229057834770253,1.2276843348897342
1712,CUST00335,CUST00335,ACC69797,1101.75,withdraw,branch,2024-03-06T21:00:00+00:00,Transaction 1712,ZW,3122.068285714286,6723.18,35,0.35289106424779393,0.16387334564893397
1730,CUST00335,CUST00335,ACC70778,2059.59,transfer,mobile,2024-03-07T03:00:00+00:00,Transaction 1730,ZW,3065.9483333333337,6723.18,36,0.6717627879139081,0.3063416419016001
1746,CUST00335,CUST00335,ACC18153,1890.96,transfer,online,2024-03-10T07:00:00+00:00,Transaction 1746,ZW,3038.7494594594596,6723.18,37,0.6222822990929857,0.2812597610059525
1743,CUST00335,CUST00335,ACC59139,4143.86,transfer,mobile,2024-03-10T14:00:00+00:00,Transaction 1743,ZW,3008.544473684211,6723.18,38,1.3773637173212538,0.6163541657370469
1744,CUST00335,CUST00335,ACC30582,1041.54,withdraw,online,2024-03-11T20:00:00+00:00,Transaction 1744,ZW,3037.6551282051287,6723.18,39,0.34287631611934133,0.1549177621304204
1711,CUST00335,CUST00335,ACC90362,2125.0,transfer,online,2024-03-17T19:00:00+00:00,Transaction 1711,ZW,2987.7522500000005,6723.18,40,0.7112370177279591,0.31607066893940067
1709,CUST00335,CUST00335,ACC17480,5143.18,transfer,online,2024-03-17T21:00:00+00:00,Transaction 1709,ZW,2966.7095121951224,6723.18,41,1.7336311421317645,0.7649921614474103
1733,CUST00335,CUST00335,ACC31446,4566.42,transfer,atm,2024-03-21T00:00:00+00:00,Transaction 1733,ZW,3018.5302380952385,6723.18,42,1.5127958442720506,0.6792053760274156
1737,CUST00335,CUST00335,ACC41246,3075.83,withdraw,mobile,2024-03-22T05:00:00+00:00,Transaction 1737,ZW,3054.5276744186053,6723.18,43,1.0069740162316418,0.45749630383241263
1707,CUST00335,CUST00335,ACC43683,2722.06,withdraw,mobile,2024-03-23T21:00:00+00:00,Transaction 1707,ZW,3055.0118181818184,6723.18,44,0.8910145564085007,0.4048768588673812
1745,CUST00335,CUST00335,ACC14687,2191.71,transfer,atm,2024-03-24T02:00:00+00:00,Transaction 1745,ZW,3047.6128888888893,6723.18,45,0.7191562970450168,0.325993056857023
1703,CUST00335,CUST00335,ACC98919,4130.85,transfer,atm,2024-03-24T21:00:00+00:00,Transaction 1703,ZW,3029.0063043478262,6723.18,46,1.363764081332743,0.6144190695474463
1739,CUST00335,CUST00335,ACC92362,4154.2,transfer,online,2024-03-28T22:00:00+00:00,Transaction 1739,ZW,3052.449787234043,6723.18,47,1.36093966799182,0.6178921284273216
1716,CUST00335,CUST00335,ACC83514,2557.81,transfer,mobile,2024-03-30T11:00:00+00:00,Transaction 1716,ZW,3075.4029166666674,6723.18,48,0.8316991526990973,0.3804464553975946
1714,CUST00335,CUST00335,ACC21713,4332.21,deposit,online,2024-03-30T19:00:00+00:00,Transaction 1714,ZW,3064.8397959183676,6723.18,49,1.4135192337848999,0.6443691824404523
1777,CUST00336,CUST00336,ACC81070,2864.17,transfer,atm,2024-01-02T19:00:00+00:00,Transaction 1777,ZW,2864.17,2864.17,0,1.0,1.0
1782,CUST00336,CUST00336,ACC61838,100.0,withdraw,card,2024-01-03T18:00:00+00:00,Transaction 1782,ZW,2864.17,2864.17,1,0.03491412870046121,0.03491412870046121
1774,CUST00336,CUST00336,ACC96275,13507.56,transfer,card,2024-01-07T15:00:00+00:00,Transaction 1774,ZW,1482.085,2864.17,2,9.113890228967973,4.7160468826920185
1766,CUST00336,CUST00336,ACC99342,100.0,transfer,mobile,2024-01-09T09:00:00+00:00,Transaction 1766,ZW,5490.576666666667,13507.56,3,0.018213023161501554,0.007403261580922091
1770,CUST00336,CUST00336,ACC45170,12515.48,transfer,mobile,2024-01-14T02:00:00+00:00,Transaction 1770,ZW,4142.9325,13507.56,4,3.020922981487147,0.9265537225079882
1785,CUST00336,CUST00336,ACC21134,1916.25,transfer,branch,2024-01-15T07:00:00+00:00,Transaction 1785,ZW,5817.442,13507.56,5,0.32939735368225415,0.14186500004441957
1792,CUST00336,CUST00336,ACC90187,100.0,withdraw,mobile,2024-01-17T20:00:00+00:00,Transaction 1792,ZW,5167.243333333333,13507.56,6,0.019352678701022405,0.007403261580922091
1790,CUST00336,CUST00336,ACC75114,100.0,transfer,online,2024-01-19T07:00:00+00:00,Transaction 1790,KE,4443.351428571428,13507.56,7,0.02250553475401129,0.007403261580922091
1786,CUST00336,CUST00336,ACC53200,3944.32,transfer,branch,2024-01-20T01:00:00+00:00,Transaction 1786,ZW,3900.4325,13507.56,8,1.01125195731499,0.29200832718862624
1762,CUST00336,CUST00336,ACC34033,9145.16,deposit,mobile,2024-01-21T19:00:00+00:00,Transaction 1762,ZW,3905.3088888888888,13507.56,9,2.3417251388281137,0.6770401167938547
1753,CUST00336,CUST00336,ACC85606,1737.72,withdraw,card,2024-01-21T20:00:00+00:00,Transaction 1753,ZW,4429.294,13507.56,10,0.39232437494553307,0.12864795714399938
1781,CUST00336,CUST00336,ACC46315,24958.17,transfer,branch,2024-01-22T04:00:00+00:00,Transaction 1781,ZW,4184.605454545454,13507.56,11,5.964282719387469,1.847718610911223
1757,CUST00336,CUST00336,ACC34259,4519.93,transfer,card,2024-01-22T19:00:00+00:00,Transaction 1757,ZW,5915.735833333333,24958.17,12,0.764052034665172,0.18110021688288847
1751,CUST00336,CUST00336,ACC16303,10189.99,deposit,branch,2024-01-23T18:00:00+00:00,Transaction 1751,ZW,5808.366153846155,24958.17,13,1.754364261841937,0.4082827386783566
1775,CUST00336,CUST00336,ACC30650,100.0,transfer,card,2024-01-23T20:00:00+00:00,Transaction 1775,ZW,6121.339285714287,24958.17,14,0.016336294286672787,0.004006704017161515
1780,CUST00336,CUST00336,ACC64906,6342.17,transfer,mobile,2024-01-27T22:00:00+00:00,Transaction 1780,ZW,5719.916666666668,24958.17,15,1.1087871326796717,0.25411198016521247
1763,CUST00336,CUST00336,ACC69036,100.0,deposit,online,2024-01-28T19:00:00+00:00,Transaction 1763,ZW,5758.8075,24958.17,16,0.0173647061479308,0.004006704017161515
1765,CUST00336,CUST00336,ACC86519,478.04,transfer,card,2024-02-01T18:00:00+00:00,Transaction 1765,ZW,5425.936470588235,24958.17,17,0.08810276393600584,0.019153647883638908
1798,CUST00336,CUST00336,ACC63585,8994.45,transfer,online,2024-02-05T09:00:00+00:00,Transaction 1798,ZW,5151.053333333333,24958.17,18,1.7461380067248382,0.3603809894715839
1791,CUST00336,CUST00336,ACC32713,13515.4,transfer,card,2024-02-08T04:00:00+00:00,Transaction 1791,ZW,5353.337368421052,24958.17,19,2.524668084572133,0.5415220747354473
1771,CUST00336,CUST00336,ACC84737,13500.18,transfer,branch,2024-02-10T01:00:00+00:00,Transaction 1771,ZW,5761.440499999999,24958.17,20,2.343195247785689,0.5409122543840355
1783,CUST00336,CUST00336,ACC10383,12441.71,deposit,branch,2024-02-11T15:00:00+00:00,Transaction 1783,ZW,6129.951904761904,24958.17,21,2.0296586650761417,0.4985024943735859
1794,CUST00336,CUST00336,ACC23028,198.15,withdraw,mobile,2024-02-12T04:00:00+00:00,Transaction 1794,ZW,6416.849999999999,24958.17,22,0.030879637205170764,0.007939284010005543
1795,CUST00336,CUST00336,ACC73259,5518.27,transfer,atm,2024-02-12T08:00:00+00:00,Transaction 1795,ZW,6146.471739130434,24958.17,23,0.8977947404962269,0.22110074576781874
1796,CUST00336,CUST00336,ACC98064,100.0,transfer,branch,2024-02-13T06:00:00+00:00,Transaction 1796,ZW,6120.296666666666,24958.17,24,0.01633907724516622,0.004006704017161515
1761,CUST00336,CUST00336,ACC65217,22780.27,transfer,branch,2024-02-15T19:00:00+00:00,Transaction 1761,ZW,5879.4848,24958.17,25,3.8745350613033307,0.9127379932102394
1760,CUST00336,CUST00336,ACC55136,13621.02,deposit,atm,2024-02-16T18:00:00+00:00,Transaction 1760,ZW,6529.514999999999,24958.17,26,2.0860691797170237,0.5457539555183734
1788,CUST00336,CUST00336,ACC49500,100.0,transfer,mobile,2024-02-18T13:00:00+00:00,Transaction 1788,ZW,6792.163333333332,24958.17,27,0.014722849715530008,0.004006704017161515
1755,CUST00336,CUST00336,ACC68783,100.0,transfer,mobile,2024-02-18T21:00:00+00:00,Transaction 1755,ZW,6553.157499999999,24958.17,28,0.015259819407667222,0.004006704017161515
1764,CUST00336,CUST00336,ACC27869,5154.18,transfer,mobile,2024-02-19T20:00:00+00:00,Transaction 1764,ZW,6330.634827586206,24958.17,29,0.8141647939540412,0.20651273711173537
1797,CUST00336,CUST00336,ACC21276,9293.91,transfer,card,2024-02-20T16:00:00+00:00,Transaction 1797,ZW,6291.419666666666,24958.17,30,1.4772357420760203,0.3723794653213757
1800,CUST00336,CUST00336,ACC38816,8971.99,transfer,online,2024-02-21T08:00:00+00:00,Transaction 1800,ZW,6388.274193548386,24958.17,31,1.4044466045400723,0.3594810837493294
1793,CUST00336,CUST00336,ACC19833,7694.0,transfer,online,2024-02-23T08:00:00+00:00,Transaction 1793,ZW,6469.0153125,24958.17,32,1.1893618469464706,0.30827580708040697
1779,CUST00336,CUST00336,ACC85979,7222.76,transfer,card,2024-02-27T22:00:00+00:00,Transaction 1779,ZW,6506.136060606061,24958.17,33,1.1101458581127774,0.289394615069935
1784,CUST00336,CUST00336,ACC30197,100.0,withdraw,card,2024-03-05T21:00:00+00:00,Transaction 1784,ZW,6527.213235294118,24958.17,34,0.015320473898305847,0.004006704017161515
1758,CUST00336,CUST00336,ACC73936,100.0,transfer,mobile,2024-03-06T20:00:00+00:00,Transaction 1758,ZW,6343.578571428571,24958.17,35,0.015763972791382964,0.004006704017161515
1778,CUST00336,CUST00336,ACC95082,8788.56,transfer,branch,2024-03-06T22:00:00+00:00,Transaction 1778,ZW,6170.145833333333,24958.17,36,1.424368278707621,0.35213158657065
1799,CUST00336,CUST00336,ACC75426,9566.68,deposit,online,2024-03-07T07:00:00+00:00,Transaction 1799,ZW,6240.913783783783,24958.17,37,1.532897317834737,0.3833085518689872
1776,CUST00336,CUST00336,ACC73789,100.0,transfer,branch,2024-03-09T11:00:00+00:00,Transaction 1776,ZW,6328.43394736842,24958.17,38,0.015801697676181548,0.004006704017161515
1772,CUST00336,CUST00336,ACC48925,12287.51,transfer,branch,2024-03-16T05:00:00+00:00,Transaction 1772,ZW,6168.730512820513,24958.17,39,1.9919025437183207,0.4923241567791229
1787,CUST00336,CUST00336,ACC36172,100.0,transfer,card,2024-03-19T06:00:00+00:00,Transaction 1787,ZW,6321.7,24958.17,40,0.015818529825837986,0.004006704017161515
1789,CUST00336,CUST00336,ACC70202,17821.22,transfer,online,2024-03-20T16:00:00+00:00,Transaction 1789,ZW,6169.951219512195,24958.17,41,2.8883891243161193,0.7140435376471914
1754,CUST00336,CUST00336,ACC42398,6894.22,withdraw,online,2024-03-20T18:00:00+00:00,Transaction 1754,ZW,6447.362380952381,24958.17,42,1.0693085935991102,0.2762309896919526
1769,CUST00336,CUST00336,ACC15791,9314.03,withdraw,card,2024-03-22T09:00:00+00:00,Transaction 1769,ZW,6457.75441860465,24958.17,43,1.4423016727248845,0.3731856141696287
1756,CUST00336,CUST00336,ACC16865,224.49,deposit,card,2024-03-22T19:00:00+00:00,Transaction 1756,ZW,6522.669772727272,24958.17,44,0.03441688876212045,0.008994649848125886
1768,CUST00336,CUST00336,ACC72285,100.0,transfer,card,2024-03-22T21:00:00+00:00,Transaction 1768,ZW,6382.710222222221,24958.17,45,0.015667325715624254,0.004006704017161515
1759,CUST00336,CUST00336,ACC67328,14125.25,transfer,branch,2024-03-24T21:00:00+00:00,Transaction 1759,ZW,6246.12956521739,24958.17,46,2.261440441238811,0.5659569591841069
1767,CUST00336,CUST00336,ACC63143,7671.34,transfer,online,2024-03-26T08:00:00+00:00,Transaction 1767,ZW,6413.770425531914,24958.17,47,1.1960733688661442,0.30736788795011816
1752,CUST00336,CUST00336,ACC66247,2030.91,withdraw,mobile,2024-03-26T18:00:00+00:00,Transaction 1752,ZW,6439.969791666666,24958.17,48,0.3153601749231808,0.08137255255493493
1773,CUST00336,CUST00336,ACC58984,16141.51,transfer,branch,2024-03-28T08:00:00+00:00,Transaction 1773,ZW,6349.988979591836,24958.17,49,2.541974490330146,0.6467425296005277
1846,CUST00337,CUST00337,ACC30018,4078.51,withdraw,online,2024-01-01T03:00:00+00:00,Transaction 1846,ZW,4078.51,4078.51,0,1.0,1.0
1838,CUST00337,CUST00337,ACC99458,4137.55,transfer,online,2024-01-03T01:00:00+00:00,Transaction 1838,ZW,4078.51,4078.51,1,1.0144758747679912,1.0144758747679912
1836,CUST00337,CUST00337,ACC76943,3285.57,deposit,mobile,2024-01-04T08:00:00+00:00,Transaction 1836,ZW,4108.030000000001,4137.55,2,0.7997921144684921,0.7940858720740535
1840,CUST00337,CUST00337,ACC93755,3123.43,withdraw,mobile,2024-01-04T22:00:00+00:00,Transaction 1840,ZW,3833.876666666667,4137.55,3,0.8146923523013694,0.7548984302304503
1847,CUST00337,CUST00337,ACC53602,1547.93,transfer,online,2024-01-09T16:00:00+00:00,Transaction 1847,ZW,3656.2650000000003,4137.55,4,0.42336373320861587,0.37411753332286013
1815,CUST00337,CUST00337,ACC24424,1933.63,transfer,mobile,2024-01-12T11:00:00+00:00,Transaction 1815,ZW,3234.5980000000004,4137.55,5,0.5977960785235136,0.4673369506108688
1818,CUST00337,CUST00337,ACC60875,3428.47,withdraw,branch,2024-01-15T03:00:00+00:00,Transaction 1818,ZW,3017.7700000000004,4137.55,6,1.136093870639578,0.8286232190547546
1841,CUST00337,CUST00337,ACC91156,3394.87,transfer,mobile,2024-01-16T02:00:00+00:00,Transaction 1841,ZW,3076.4414285714292,4137.55,7,1.1035054880197852,0.8205024712692293
1824,CUST00337,CUST00337,ACC50967,3831.69,deposit,branch,2024-01-21T07:00:00+00:00,Transaction 1824,ZW,3116.2450000000003,4137.55,8,1.2295856070366737,0.9260770262595014
1814,CUST00337,CUST00337,ACC37484,3703.87,deposit,online,2024-01-24T09:00:00+00:00,Transaction 1814,ZW,3195.738888888889,4137.55,9,1.1590026997755691,0.895184348225399
1837,CUST00337,CUST00337,ACC15190,4185.09,withdraw,mobile,2024-01-27T20:00:00+00:00,Transaction 1837,ZW,3246.552,4137.55,10,1.2890876228072121,1.0114898913608295
1844,CUST00337,CUST00337,ACC41801,1327.45,withdraw,atm,2024-01-28T19:00:00+00:00,Transaction 1844,ZW,3331.8736363636363,4185.09,11,0.3984094671275594,0.3171855324497203
1807,CUST00337,CUST00337,ACC81474,2214.13,deposit,mobile,2024-01-31T11:00:00+00:00,Transaction 1807,ZW,3164.838333333333,4185.09,12,0.6996028759762875,0.5290519439247424
1819,CUST00337,CUST00337,ACC12445,3908.41,withdraw,atm,2024-02-02T01:00:00+00:00,Transaction 1819,ZW,3091.7069230769225,4185.09,13,1.2641592806960757,0.933889115885202
1822,CUST00337,CUST00337,ACC96515,3326.28,transfer,atm,2024-02-06T11:00:00+00:00,Transaction 1822,ZW,3150.0428571428565,4185.09,14,1.0559475381287333,0.7947929435209279
1801,CUST00337,CUST00337,ACC24214,2169.54,transfer,branch,2024-02-07T10:00:00+00:00,Transaction 1801,ZW,3161.7919999999995,4185.09,15,0.6861741695848431,0.5183974538181975
1828,CUST00337,CUST00337,ACC66676,972.42,transfer,online,2024-02-09T00:00:00+00:00,Transaction 1828,ZW,3099.7762500000003,4185.09,16,0.3137065134943207,0.23235342609119516
1808,CUST00337,CUST00337,ACC54996,2333.39,transfer,card,2024-02-09T08:00:00+00:00,Transaction 1808,ZW,2974.637647058824,4185.09,17,0.7844283159352675,0.5575483442411034
1831,CUST00337,CUST00337,ACC35892,1680.19,withdraw,mobile,2024-02-09T08:00:00+00:00,Transaction 1831,ZW,2939.012777777778,4185.09,18,0.5716851633664592,0.40147045822192595
1832,CUST00337,CUST00337,ACC75588,1559.43,deposit,mobile,2024-02-10T04:00:00+00:00,Transaction 1832,ZW,2872.7589473684216,4185.09,19,0.5428335716884667,0.3726156426743511
1843,CUST00337,CUST00337,ACC77907,3419.05,withdraw,branch,2024-02-10T16:00:00+00:00,Transaction 1843,ZW,2807.0925,4185.09,20,1.2180040379859232,0.8169597308540557
1817,CUST00337,CUST00337,ACC50465,1371.61,withdraw,mobile,2024-02-11T11:00:00+00:00,Transaction 1817,ZW,2836.2333333333336,4185.09,21,0.48360266550706915,0.3277372768566506
1820,CUST00337,CUST00337,ACC18402,2582.4,deposit,mobile,2024-02-12T18:00:00+00:00,Transaction 1820,ZW,2769.659545454546,4185.09,22,0.9323889660872331,0.6170476620574468
1806,CUST00337,CUST00337,ACC57101,1170.13,transfer,mobile,2024-02-13T10:00:00+00:00,Transaction 1806,ZW,2761.517826086957,4185.09,23,0.42372712171047705,0.27959494300003107
1816,CUST00337,CUST00337,ACC18061,1910.96,deposit,online,2024-02-14T16:00:00+00:00,Transaction 1816,ZW,2695.2099999999996,4185.09,24,0.7090208184148917,0.456611446826711
1813,CUST00337,CUST00337,ACC41356,3030.78,deposit,mobile,2024-02-19T08:00:00+00:00,Transaction 1813,ZW,2663.84,4185.09,25,1.1377485134242298,0.7241851429718358
1823,CUST00337,CUST00337,ACC23913,1639.24,deposit,online,2024-02-19T21:00:00+00:00,Transaction 1823,ZW,2677.953076923077,4185.09,26,0.6121242429996044,0.3916857224097928
1848,CUST00337,CUST00337,ACC46104,2834.02,deposit,mobile,2024-02-22T00:00:00+00:00,Transaction 1848,ZW,2639.4822222222224,4185.09,27,1.0737030074080185,0.6771706223761018
1810,CUST00337,CUST00337,ACC77888,2218.74,withdraw,mobile,2024-02-26T10:00:00+00:00,Transaction 1810,ZW,2646.4300000000003,4185.09,28,0.8383898308287011,0.5301534734020056
1809,CUST00337,CUST00337,ACC59749,2436.74,transfer,mobile,2024-02-27T09:00:00+00:00,Transaction 1809,ZW,2631.682068965518,4185.09,29,0.9259249165146505,0.5822431536717251
1826,CUST00337,CUST00337,ACC27539,2940.15,transfer,mobile,2024-02-28T02:00:00+00:00,Transaction 1826,ZW,2625.1840000000007,4185.09,30,1.1199786376878722,0.7025296947019061
1812,CUST00337,CUST00337,ACC21549,3746.52,withdraw,online,2024-02-29T11:00:00+00:00,Transaction 1812,ZW,2635.3441935483875,4185.09,31,1.421643521621158,0.8952065546977483
1839,CUST00337,CUST00337,ACC32654,2709.07,withdraw,atm,2024-03-03T11:00:00+00:00,Transaction 1839,ZW,2670.0684375,4185.09,32,1.0146069523732948,0.6473146336160035
1811,CUST00337,CUST00337,ACC50872,1312.24,transfer,online,2024-03-05T09:00:00+00:00,Transaction 1811,ZW,2671.2503030303033,4185.09,33,0.4912456157745221,0.31355120200521375
1825,CUST00337,CUST00337,ACC77399,4199.25,deposit,atm,2024-03-05T13:00:00+00:00,Transaction 1825,ZW,2631.2794117647063,4185.09,34,1.5958966505893462,1.0033834397826569
1830,CUST00337,CUST00337,ACC90043,3672.67,transfer,branch,2024-03-05T17:00:00+00:00,Transaction 1830,ZW,2676.0785714285716,4199.25,35,1.3724073871416331,0.8746014169196881
1845,CUST00337,CUST00337,ACC20558,2972.56,deposit,atm,2024-03-07T17:00:00+00:00,Transaction 1845,ZW,2703.761666666667,4199.25,36,1.0994164303189935,0.7078787878787879
1833,CUST00337,CUST00337,ACC15409,3693.88,withdraw,branch,2024-03-09T05:00:00+00:00,Transaction 1833,ZW,2711.0264864864866,4199.25,37,1.3625392516128827,0.8796523188664642
1821,CUST00337,CUST00337,ACC23714,2012.96,transfer,mobile,2024-03-09T10:00:00+00:00,Transaction 1821,ZW,2736.8910526315794,4199.25,38,0.7354914614027094,0.47936179079597546
1835,CUST00337,CUST00337,ACC70145,3216.87,deposit,mobile,2024-03-09T16:00:00+00:00,Transaction 1835,ZW,2718.3287179487183,4199.25,39,1.1833999246520437,0.7660582246829791
1849,CUST00337,CUST00337,ACC66922,2485.79,withdraw,mobile,2024-03-10T09:00:00+00:00,Transaction 1849,ZW,2730.79225,4199.25,40,0.9102816224851964,0.5919604691313926
1827,CUST00337,CUST00337,ACC99602,3223.05,deposit,online,2024-03-15T21:00:00+00:00,Transaction 1827,ZW,2724.8165853658534,4199.25,41,1.18285025763202,0.7675299160564387
1842,CUST00337,CUST00337,ACC98048,3081.71,withdraw,branch,2024-03-16T16:00:00+00:00,Transaction 1842,ZW,2736.6792857142855,4199.25,42,1.1260764153427865,0.7338715246770257
1805,CUST00337,CUST00337,ACC97695,4019.16,deposit,online,2024-03-17T10:00:00+00:00,Transaction 1805,ZW,2744.7032558139535,4199.25,43,1.464333162969962,0.9571137703161279
1804,CUST00337,CUST00337,ACC45045,3839.23,transfer,mobile,2024-03-17T11:00:00+00:00,Transaction 1804,ZW,2773.668181818182,4199.25,44,1.3841706175117623,0.9142656426742871
1803,CUST00337,CUST00337,ACC57841,3193.45,transfer,atm,2024-03-21T11:00:00+00:00,Transaction 1803,ZW,2797.3473333333336,4199.25,45,1.1415993866570255,0.7604810382806453
1802,CUST00337,CUST00337,ACC91356,3154.5,deposit,branch,2024-03-23T09:00:00+00:00,Transaction 1802,ZW,2805.958260869565,4199.25,46,1.1242148694765053,0.751205572423647
1850,CUST00337,CUST00337,ACC12838,1919.85,transfer,branch,2024-03-23T22:00:00+00:00,Transaction 1850,ZW,2813.374042553192,4199.25,47,0.6824012630249828,0.457188783711377
1834,CUST00337,CUST00337,ACC78677,2296.47,withdraw,branch,2024-03-28T06:00:00+00:00,Transaction 1834,ZW,2794.7589583333333,4199.25,48,0.8217059267857253,0.5468762278978389
1829,CUST00337,CUST00337,ACC14752,3161.72,transfer,mobile,2024-03-29T01:00:00+00:00,Transaction 1829,ZW,2784.589795918367,4199.25,49,1.135434743255336,0.7529249270703101
1886,CUST00338,CUST00338,ACC47476,4952.36,transfer,card,2024-01-01T09:00:00+00:00,Transaction 1886,ZW,4952.36,4952.36,0,1.0,1.0
1876,CUST00338,CUST00338,ACC92775,4163.52,deposit,mobile,2024-01-02T17:00:00+00:00,Transaction 1876,ZW,4952.36,4952.36,1,0.8407143260990722,0.8407143260990722
1881,CUST00338,CUST00338,ACC83926,2680.66,deposit,branch,2024-01-03T17:00:00+00:00,Transaction 1881,ZW,4557.9400000000005,4952.36,2,0.5881297252706266,0.5412894054551769
1895,CUST00338,CUST00338,ACC26568,7453.22,withdraw,online,2024-01-10T22:00:00+00:00,Transaction 1895,ZW,3932.1800000000003,4952.36,3,1.8954422228890844,1.5049834826224266
1863,CUST00338,CUST00338,ACC61159,3132.73,deposit,online,2024-01-11T14:00:00+00:00,Transaction 1863,ZW,4812.4400000000005,7453.22,4,0.6509649990441438,0.4203190030617639
1885,CUST00338,CUST00338,ACC84631,6473.16,deposit,online,2024-01-14T00:00:00+00:00,Transaction 1885,ZW,4476.4980000000005,7453.22,5,1.4460321438767534,0.8685051561606929
1879,CUST00338,CUST00338,ACC37330,7853.91,transfer,mobile,2024-01-15T12:00:00+00:00,Transaction 1879,ZW,4809.275000000001,7453.22,6,1.6330756714889456,1.0537606564679427
1858,CUST00338,CUST00338,ACC82074,3255.78,deposit,branch,2024-01-15T15:00:00+00:00,Transaction 1858,ZW,5244.222857142857,7853.91,7,0.6208317397429989,0.41454256542282764
1871,CUST00338,CUST00338,ACC85051,7955.72,deposit,card,2024-01-17T00:00:00+00:00,Transaction 1871,ZW,4995.6675000000005,7853.91,8,1.5925239219783942,1.0129629700365805
1897,CUST00338,CUST00338,ACC91911,100.0,transfer,card,2024-01-18T17:00:00+00:00,Transaction 1897,ZW,5324.562222222223,7955.72,9,0.018780886733306815,0.012569572584253844
1891,CUST00338,CUST00338,ACC49412,3641.31,deposit,online,2024-01-25T22:00:00+00:00,Transaction 1891,ZW,4802.106000000001,7955.72,10,0.758273557476657,0.45769710346769366
1894,CUST00338,CUST00338,ACC29745,11731.03,deposit,branch,2024-01-27T01:00:00+00:00,Transaction 1894,ZW,4696.579090909091,7955.72,11,2.497781847793665,1.4745403307305938
1892,CUST00338,CUST00338,ACC96672,3487.57,transfer,mobile,2024-01-30T12:00:00+00:00,Transaction 1892,ZW,5282.783333333334,11731.03,12,0.6601766114453554,0.2972944404711266
1887,CUST00338,CUST00338,ACC29342,4918.08,deposit,card,2024-02-06T16:00:00+00:00,Transaction 1887,ZW,5144.6900000000005,11731.03,13,0.955952642433266,0.4192368445055549
1877,CUST00338,CUST00338,ACC45218,8984.3,transfer,card,2024-02-09T03:00:00+00:00,Transaction 1877,ZW,5128.503571428571,11731.03,14,1.7518365493693857,0.765857729457686
1864,CUST00338,CUST00338,ACC46737,100.0,withdraw,online,2024-02-10T16:00:00+00:00,Transaction 1864,ZW,5385.556666666667,11731.03,15,0.018568182676256925,0.008524400670699844
1851,CUST00338,CUST00338,ACC73320,2412.06,transfer,mobile,2024-02-11T13:00:00+00:00,Transaction 1851,ZW,5055.209375,11731.03,16,0.477143441759027,0.20561365881768265
1900,CUST00338,CUST00338,ACC24820,4241.31,transfer,online,2024-02-16T07:00:00+00:00,Transaction 1900,ZW,4899.7300000000005,11731.03,17,0.8656211668806241,0.3615462580864596
1889,CUST00338,CUST00338,ACC22115,12675.39,transfer,online,2024-02-16T09:00:00+00:00,Transaction 1889,ZW,4863.151111111111,11731.03,18,2.6064149993282815,1.080501030173821
1893,CUST00338,CUST00338,ACC93025,7559.89,deposit,card,2024-02-17T09:00:00+00:00,Transaction 1893,ZW,5274.321578947369,12675.39,19,1.4333388449759215,0.596422674174128
1866,CUST00338,CUST00338,ACC39887,6146.87,deposit,mobile,2024-02-17T11:00:00+00:00,Transaction 1866,ZW,5388.6,12675.39,20,1.1407174405225846,0.48494523639903786
1878,CUST00338,CUST00338,ACC63909,1854.91,deposit,mobile,2024-02-20T02:00:00+00:00,Transaction 1878,ZW,5424.708095238095,12675.39,21,0.34193729274175566,0.14633948146763137
1874,CUST00338,CUST00338,ACC23015,3433.23,withdraw,online,2024-02-22T11:00:00+00:00,Transaction 1874,ZW,5262.444545454546,12675.39,22,0.6524021242115442,0.2708579380989461
1898,CUST00338,CUST00338,ACC60062,5713.86,transfer,branch,2024-02-26T07:00:00+00:00,Transaction 1898,ZW,5182.913478260869,12675.39,23,1.1024417104329687,0.450783762866468
1880,CUST00338,CUST00338,ACC62646,5890.37,withdraw,mobile,2024-02-26T18:00:00+00:00,Transaction 1880,ZW,5205.03625,12675.39,24,1.1316674307503622,0.46470917265662043
1861,CUST00338,CUST00338,ACC45787,2869.79,transfer,mobile,2024-02-27T13:00:00+00:00,Transaction 1861,ZW,5232.4496,12675.39,25,0.5484601323250204,0.22640644587661604
1896,CUST00338,CUST00338,ACC14223,7330.73,deposit,card,2024-02-28T05:00:00+00:00,Transaction 1896,ZW,5141.578076923077,12675.39,26,1.425774322654456,0.5783435460368478
1860,CUST00338,CUST00338,ACC20108,5567.87,transfer,online,2024-02-28T13:00:00+00:00,Transaction 1860,ZW,5222.657777777778,12675.39,27,1.0660989551509745,0.43926616853603717
1882,CUST00338,CUST00338,ACC18011,5586.12,transfer,mobile,2024-03-09T12:00:00+00:00,Transaction 1882,ZW,5234.986785714286,12675.39,28,1.0670743267669591,0.4407059664436361
1853,CUST00338,CUST00338,ACC16773,100.0,deposit,mobile,2024-03-09T15:00:00+00:00,Transaction 1853,ZW,5247.0948275862065,12675.39,29,0.019058165191575636,0.007889303603281635
1870,CUST00338,CUST00338,ACC66474,100.0,deposit,card,2024-03-10T21:00:00+00:00,Transaction 1870,ZW,5075.525,12675.39,30,0.019702395318710875,0.007889303603281635
1883,CUST00338,CUST00338,ACC90962,9099.14,transfer,card,2024-03-10T22:00:00+00:00,Transaction 1883,ZW,4915.024193548387,12675.39,31,1.8512909889525695,0.7178587798876406
1872,CUST00338,CUST00338,ACC10426,10101.82,deposit,mobile,2024-03-11T11:00:00+00:00,Transaction 1872,ZW,5045.7778125,12675.39,32,2.00203425029429,0.7969632492570249
1855,CUST00338,CUST00338,ACC63844,3137.05,transfer,card,2024-03-12T14:00:00+00:00,Transaction 1855,ZW,5198.991212121213,12675.39,33,0.6033959035526181,0.24749139868674655
1899,CUST00338,CUST00338,ACC93108,11684.26,transfer,branch,2024-03-12T17:00:00+00:00,Transaction 1899,ZW,5138.345882352942,12675.39,34,2.2739341156710076,0.9218067451967948
1867,CUST00338,CUST00338,ACC46099,9183.54,transfer,online,2024-03-14T17:00:00+00:00,Transaction 1867,ZW,5325.372,12675.39,35,1.7244879794312962,0.7245173521288103
1856,CUST00338,CUST00338,ACC14983,100.0,transfer,mobile,2024-03-15T16:00:00+00:00,Transaction 1856,ZW,5432.543333333334,12675.39,36,0.018407584415648163,0.007889303603281635
1868,CUST00338,CUST00338,ACC43201,2944.03,deposit,mobile,2024-03-17T14:00:00+00:00,Transaction 1868,ZW,5288.420540540541,12675.39,37,0.5566936247659088,0.23226346487169233
1862,CUST00338,CUST00338,ACC34536,8739.92,transfer,mobile,2024-03-18T16:00:00+00:00,Transaction 1862,ZW,5226.7260526315795,12675.39,38,1.672159572166515,0.6895188234839323
1869,CUST00338,CUST00338,ACC76589,2225.6,deposit,mobile,2024-03-21T01:00:00+00:00,Transaction 1869,ZW,5316.807948717949,12675.39,39,0.4185970269128608,0.17558434099463607
1852,CUST00338,CUST00338,ACC82493,4832.13,transfer,online,2024-03-22T13:00:00+00:00,Transaction 1852,ZW,5239.527749999999,12675.39,40,0.9222453302208392,0.38122140620525286
1859,CUST00338,CUST00338,ACC31164,8382.23,deposit,atm,2024-03-22T14:00:00+00:00,Transaction 1859,ZW,5229.591219512195,12675.39,41,1.6028461208832068,0.6612995734253542
1873,CUST00338,CUST00338,ACC54294,789.21,deposit,atm,2024-03-23T17:00:00+00:00,Transaction 1873,ZW,5304.654047619048,12675.39,42,0.14877690286970377,0.06226317296745899
1890,CUST00338,CUST00338,ACC54676,7454.95,transfer,card,2024-03-24T22:00:00+00:00,Transaction 1890,ZW,5199.643720930232,12675.39,43,1.433742463929103,0.5881436389728443
1888,CUST00338,CUST00338,ACC67946,1844.37,deposit,online,2024-03-26T11:00:00+00:00,Transaction 1888,ZW,5250.9006818181815,12675.39,44,0.3512483118155963,0.1455079488678455
1875,CUST00338,CUST00338,ACC24760,4584.55,transfer,branch,2024-03-26T15:00:00+00:00,Transaction 1875,ZW,5175.2,12675.39,45,0.8858691451538105,0.36168906834424824
1854,CUST00338,CUST00338,ACC30160,228.23,transfer,branch,2024-03-27T16:00:00+00:00,Transaction 1854,ZW,5162.359782608695,12675.39,46,0.044210401756358896,0.018005757613769675
1865,CUST00338,CUST00338,ACC18300,5705.75,deposit,mobile,2024-03-28T16:00:00+00:00,Transaction 1865,ZW,5057.37829787234,12675.39,47,1.1282031250065736,0.4501439403442419
1857,CUST00338,CUST00338,ACC42817,9287.54,transfer,branch,2024-03-30T16:00:00+00:00,Transaction 1857,ZW,5070.886041666666,12675.39,48,1.8315418496266251,0.7327222278762232
1884,CUST00338,CUST00338,ACC23366,100.0,transfer,branch,2024-03-30T19:00:00+00:00,Transaction 1884,ZW,5156.940204081632,12675.39,49,0.019391343712081763,0.007889303603281635
1937,CUST00339,CUST00339,ACC43799,154.96,deposit,online,2024-01-02T20:00:00+00:00,Transaction 1937,ZW,154.96,154.96,0,1.0,1.0
1950,CUST00339,CUST00339,ACC28785,182.32,transfer,mobile,2024-01-06T18:00:00+00:00,Transaction 1950,ZW,154.96,154.96,1,1.1765616933402168,1.1765616933402168
1924,CUST00339,CUST00339,ACC40969,3375.29,transfer,mobile,2024-01-07T17:00:00+00:00,Transaction 1924,ZW,168.64,182.32,2,20.014765180265655,18.512999122422116
1910,CUST00339,CUST00339,ACC35698,3377.5,withdraw,online,2024-01-10T16:00:00+00:00,Transaction 1910,ZW,1237.5233333333333,3375.29,3,2.7292414688477256,1.0006547585540797
1930,CUST00339,CUST00339,ACC29904,2492.89,deposit,card,2024-01-11T03:00:00+00:00,Transaction 1930,ZW,1772.5175,3377.5,4,1.4064120664535047,0.7380873427091044
1914,CUST00339,CUST00339,ACC50022,818.31,transfer,online,2024-01-13T13:00:00+00:00,Transaction 1914,ZW,1916.5919999999999,3377.5,5,0.42696098074081495,0.24228275351591413
1927,CUST00339,CUST00339,ACC76034,1996.44,transfer,card,2024-01-13T13:00:00+00:00,Transaction 1927,ZW,1733.5449999999998,3377.5,6,1.1516516733052793,0.591099925980755
1946,CUST00339,CUST00339,ACC23187,100.0,transfer,card,2024-01-14T05:00:00+00:00,Transaction 1946,ZW,1771.1014285714284,3377.5,7,0.05646204016709538,0.029607698001480384
1916,CUST00339,CUST00339,ACC32430,1879.95,transfer,mobile,2024-01-18T03:00:00+00:00,Transaction 1916,ZW,1562.21375,3377.5,8,1.2033884607660124,0.5566099185788305
1912,CUST00339,CUST00339,ACC98660,1440.9,withdraw,atm,2024-01-20T15:00:00+00:00,Transaction 1912,ZW,1597.5177777777778,3377.5,9,0.9019617935046454,0.4266173205033309
1941,CUST00339,CUST00339,ACC12239,2172.73,transfer,branch,2024-01-22T21:00:00+00:00,Transaction 1941,ZW,1581.856,3377.5,10,1.3735321040600408,0.6432953367875648
1906,CUST00339,CUST00339,ACC92032,2495.98,deposit,card,2024-01-23T14:00:00+00:00,Transaction 1906,ZW,1635.5718181818183,3377.5,11,1.526059554373255,0.7390022205773501
1909,CUST00339,CUST00339,ACC60002,3736.33,transfer,atm,2024-01-25T13:00:00+00:00,Transaction 1909,ZW,1707.2725,3377.5,12,2.188478992076543,1.1062413027387121
1933,CUST00339,CUST00339,ACC84631,100.0,transfer,card,2024-01-26T03:00:00+00:00,Transaction 1933,ZW,1863.353846153846,3736.33,13,0.05366667217094074,0.026764231210840584
1936,CUST00339,CUST00339,ACC87511,1703.33,transfer,mobile,2024-01-26T11:00:00+00:00,Transaction 1936,ZW,1737.3999999999999,3736.33,14,0.9803902382870957,0.4558831794836109
1920,CUST00339,CUST00339,ACC64389,100.0,transfer,mobile,2024-01-26T19:00:00+00:00,Transaction 1920,ZW,1735.1286666666667,3736.33,15,0.057632613604447394,0.026764231210840584
1908,CUST00339,CUST00339,ACC50989,1127.84,transfer,online,2024-01-29T13:00:00+00:00,Transaction 1908,ZW,1632.933125,3736.33,16,0.6906835207963583,0.30185770528834444
1902,CUST00339,CUST00339,ACC86794,2760.24,transfer,branch,2024-02-01T15:00:00+00:00,Transaction 1902,ZW,1603.2217647058824,3736.33,17,1.721683213617286,0.7387570155741061
1923,CUST00339,CUST00339,ACC76476,1862.15,deposit,online,2024-02-02T16:00:00+00:00,Transaction 1923,ZW,1667.5005555555556,3736.33,18,1.1167312621251835,0.498390131492668
1942,CUST00339,CUST00339,ACC39802,180.28,transfer,mobile,2024-02-03T17:00:00+00:00,Transaction 1942,ZW,1677.745263157895,3736.33,19,0.1074537380368891,0.0482505560269034
1932,CUST00339,CUST00339,ACC78189,1095.73,transfer,mobile,2024-02-03T21:00:00+00:00,Transaction 1932,ZW,1602.872,3736.33,20,0.6836041804960097,0.29326371064654355
1926,CUST00339,CUST00339,ACC92055,3389.38,transfer,branch,2024-02-03T22:00:00+00:00,Transaction 1926,ZW,1578.7223809523812,3736.33,21,2.146913251432668,0.9071414998139886
1929,CUST00339,CUST00339,ACC20319,3206.27,transfer,online,2024-02-06T17:00:00+00:00,Transaction 1929,ZW,1661.025,3736.33,22,1.9302960521364818,0.8581335160438184
1948,CUST00339,CUST00339,ACC54932,1280.65,deposit,online,2024-02-08T13:00:00+00:00,Transaction 1948,ZW,1728.2095652173914,3736.33,23,0.7410270292300501,0.34275612700163
1925,CUST00339,CUST00339,ACC51797,3398.62,transfer,branch,2024-02-08T16:00:00+00:00,Transaction 1925,ZW,1709.56125,3736.33,24,1.9880071568070463,0.9096145147778703
1907,CUST00339,CUST00339,ACC18251,2177.59,transfer,mobile,2024-02-10T16:00:00+00:00,Transaction 1907,ZW,1777.1236000000001,3736.33,25,1.2253452714262532,0.5828152224241435
1903,CUST00339,CUST00339,ACC91374,3334.82,transfer,online,2024-02-13T16:00:00+00:00,Transaction 1903,ZW,1792.526153846154,3736.33,26,1.8604024230522973,0.892538935265354
1917,CUST00339,CUST00339,ACC16829,556.49,transfer,branch,2024-02-13T17:00:00+00:00,Transaction 1917,ZW,1849.6481481481485,3736.33,27,0.3008626265255654,0.14894027026520676
1919,CUST00339,CUST00339,ACC72659,865.09,transfer,card,2024-02-14T06:00:00+00:00,Transaction 1919,ZW,1803.4639285714288,3736.33,28,0.4796824523600317,0.23153468778186082
1904,CUST00339,CUST00339,ACC87283,1415.13,transfer,branch,2024-02-14T16:00:00+00:00,Transaction 1904,ZW,1771.1062068965518,3736.33,29,0.7990091133380891,0.3787486651339684
1939,CUST00339,CUST00339,ACC90612,100.0,transfer,mobile,2024-02-18T18:00:00+00:00,Transaction 1939,ZW,1759.2403333333334,3736.33,30,0.056842716771121474,0.026764231210840584
1934,CUST00339,CUST00339,ACC58871,100.0,deposit,mobile,2024-02-21T13:00:00+00:00,Transaction 1934,ZW,1705.7164516129033,3736.33,31,0.05862639121844742,0.026764231210840584
1928,CUST00339,CUST00339,ACC61090,227.67,deposit,online,2024-02-21T21:00:00+00:00,Transaction 1928,ZW,1655.5378125,3736.33,32,0.1375202657897613,0.060934125197720755
1901,CUST00339,CUST00339,ACC77624,2022.98,transfer,mobile,2024-02-22T16:00:00+00:00,Transaction 1901,ZW,1612.269090909091,3736.33,33,1.2547409185022127,0.5414350445490629
1935,CUST00339,CUST00339,ACC95501,1006.92,transfer,card,2024-02-25T02:00:00+00:00,Transaction 1935,ZW,1624.3488235294117,3736.33,34,0.6198914823062128,0.269494396908196
1938,CUST00339,CUST00339,ACC57638,100.0,deposit,branch,2024-02-28T14:00:00+00:00,Transaction 1938,ZW,1606.7079999999999,3736.33,35,0.06223906272950655,0.026764231210840584
1918,CUST00339,CUST00339,ACC74589,1774.7,withdraw,branch,2024-02-29T13:00:00+00:00,Transaction 1918,ZW,1564.855,3736.33,36,1.1340986864597677,0.4749848112987879
1947,CUST00339,CUST00339,ACC11268,531.08,transfer,online,2024-03-01T13:00:00+00:00,Transaction 1947,ZW,1570.5264864864864,3736.33,37,0.3381541187427594,0.14213947911453217
1944,CUST00339,CUST00339,ACC81196,2286.63,transfer,branch,2024-03-03T17:00:00+00:00,Transaction 1944,ZW,1543.1726315789474,3736.33,38,1.4817720021773326,0.6119989401364441
1905,CUST00339,CUST00339,ACC10711,1474.98,deposit,card,2024-03-08T15:00:00+00:00,Transaction 1905,ZW,1562.235641025641,3736.33,39,0.9441469399786862,0.3947670575136565
1915,CUST00339,CUST00339,ACC70295,2347.45,withdraw,mobile,2024-03-11T14:00:00+00:00,Transaction 1915,ZW,1560.05425,3736.33,40,1.5047233133078546,0.6282769455588773
1911,CUST00339,CUST00339,ACC54507,4106.47,transfer,online,2024-03-12T14:00:00+00:00,Transaction 1911,ZW,1579.259024390244,3736.33,41,2.600251090276669,1.0990651254038055
1940,CUST00339,CUST00339,ACC89873,2337.4,transfer,mobile,2024-03-15T02:00:00+00:00,Transaction 1940,ZW,1639.4307142857142,4106.47,42,1.4257388126453303,0.5691993366565444
1945,CUST00339,CUST00339,ACC32172,100.0,transfer,atm,2024-03-15T06:00:00+00:00,Transaction 1945,ZW,1655.6625581395347,4106.47,43,0.06039878084358557,0.0243518155496083
1931,CUST00339,CUST00339,ACC96585,689.28,transfer,mobile,2024-03-21T07:00:00+00:00,Transaction 1931,ZW,1620.3065909090908,4106.47,44,0.42540097279569283,0.1678521942203401
1921,CUST00339,CUST00339,ACC90555,2240.12,transfer,online,2024-03-22T00:00:00+00:00,Transaction 1921,ZW,1599.617111111111,4106.47,45,1.4004101259231898,0.5455098904898854
1922,CUST00339,CUST00339,ACC50320,2913.28,withdraw,mobile,2024-03-24T20:00:00+00:00,Transaction 1922,ZW,1613.5410869565214,4106.47,46,1.8055195641129043,0.7094365720436288
1943,CUST00339,CUST00339,ACC21657,926.89,transfer,card,2024-03-25T15:00:00+00:00,Transaction 1943,ZW,1641.1951063829783,4106.47,47,0.5647652715969694,0.22571454314776437
1949,CUST00339,CUST00339,ACC56357,600.36,transfer,branch,2024-03-26T08:00:00+00:00,Transaction 1949,ZW,1626.31375,4106.47,48,0.36915386099391956,0.1461985598336284
1913,CUST00339,CUST00339,ACC44786,978.8,deposit,mobile,2024-03-26T15:00:00+00:00,Transaction 1913,ZW,1605.375918367347,4106.47,49,0.6097014342880083,0.23835557059956602
1997,CUST00340,CUST00340,ACC36292,785.23,deposit,atm,2024-01-04T02:00:00+00:00,Transaction 1997,ZW,785.23,785.23,0,1.0,1.0
1979,CUST00340,CUST00340,ACC79034,2169.85,transfer,branch,2024-01-06T05:00:00+00:00,Transaction 1979,ZW,785.23,785.23,1,2.763330489156043,2.763330489156043
1969,CUST00340,CUST00340,ACC95721,1993.8,deposit,card,2024-01-06T13:00:00+00:00,Transaction 1969,ZW,1477.54,2169.85,2,1.3494050922479257,0.9188653593566376
1973,CUST00340,CUST00340,ACC98781,1772.2,deposit,branch,2024-01-06T22:00:00+00:00,Transaction 1973,ZW,1649.6266666666668,2169.85,3,1.0743036808328348,0.8167384842270203
1963,CUST00340,CUST00340,ACC11907,2445.64,withdraw,branch,2024-01-07T08:00:00+00:00,Transaction 1963,ZW,1680.27,2169.85,4,1.455504174924268,1.1271009516786874
1995,CUST00340,CUST00340,ACC59663,1498.99,transfer,card,2024-01-08T06:00:00+00:00,Transaction 1995,ZW,1833.3439999999998,2445.64,5,0.8176261519932976,0.6129234065520682
1992,CUST00340,CUST00340,ACC38700,932.25,transfer,atm,2024-01-12T15:00:00+00:00,Transaction 1992,ZW,1777.618333333333,2445.64,6,0.5244376605026764,0.3811885641386304
1994,CUST00340,CUST00340,ACC21053,100.0,transfer,card,2024-01-18T02:00:00+00:00,Transaction 1994,ZW,1656.8514285714284,2445.64,7,0.06035544181907853,0.04088909242570452
1987,CUST00340,CUST00340,ACC32459,2577.96,transfer,online,2024-01-19T01:00:00+00:00,Transaction 1987,ZW,1462.245,2445.64,8,1.7630150898105312,1.0541044470976924
1971,CUST00340,CUST00340,ACC87520,1144.23,transfer,online,2024-01-22T16:00:00+00:00,Transaction 1971,ZW,1586.2133333333331,2577.96,9,0.7213594640485518,0.44385095191546803
1967,CUST00340,CUST00340,ACC75264,2174.9,deposit,atm,2024-01-23T01:00:00+00:00,Transaction 1967,ZW,1542.0149999999999,2577.96,10,1.4104272656232268,0.8436515694580211
2000,CUST00340,CUST00340,ACC99760,2440.95,transfer,mobile,2024-01-27T10:00:00+00:00,Transaction 2000,ZW,1599.55,2577.96,11,1.5260229439529867,0.9468533258855839
1951,CUST00340,CUST00340,ACC82507,954.68,transfer,atm,2024-01-31T08:00:00+00:00,Transaction 1951,ZW,1669.6666666666667,2577.96,12,0.571778798163306,0.37032382193672514
1959,CUST00340,CUST00340,ACC42294,2690.54,deposit,online,2024-02-01T08:00:00+00:00,Transaction 1959,ZW,1614.6676923076923,2577.96,13,1.6663119060459213,1.0436701888314792
1993,CUST00340,CUST00340,ACC59804,1539.54,withdraw,mobile,2024-02-01T13:00:00+00:00,Transaction 1993,ZW,1691.5157142857145,2690.54,14,0.9101541221271539,0.5722048362038847
1990,CUST00340,CUST00340,ACC71052,1220.02,transfer,card,2024-02-02T08:00:00+00:00,Transaction 1990,ZW,1681.3840000000002,2690.54,15,0.7256046209551178,0.45344800671984065
1989,CUST00340,CUST00340,ACC87197,1143.05,deposit,online,2024-02-03T21:00:00+00:00,Transaction 1989,ZW,1652.54875,2690.54,16,0.6916891256611946,0.4248403666178536
1970,CUST00340,CUST00340,ACC68084,682.8,withdraw,online,2024-02-04T00:00:00+00:00,Transaction 1970,ZW,1622.5782352941176,2690.54,17,0.4208117581931153,0.25377805198956344
1976,CUST00340,CUST00340,ACC27505,1057.77,transfer,mobile,2024-02-04T17:00:00+00:00,Transaction 1976,ZW,1570.368333333333,2690.54,18,0.6735808265789025,0.393144127201231
1985,CUST00340,CUST00340,ACC33648,3704.06,withdraw,atm,2024-02-05T02:00:00+00:00,Transaction 1985,ZW,1543.3894736842103,2690.54,19,2.3999515761618313,1.3766976146052465
1999,CUST00340,CUST00340,ACC93183,1914.28,transfer,atm,2024-02-10T08:00:00+00:00,Transaction 1999,ZW,1651.423,3704.06,20,1.1591700006600367,0.516805883274029
1956,CUST00340,CUST00340,ACC67797,1713.87,deposit,card,2024-02-11T11:00:00+00:00,Transaction 1956,ZW,1663.9399999999998,3704.06,21,1.0300070916018607,0.46270038822265297
1965,CUST00340,CUST00340,ACC57598,1474.4,deposit,branch,2024-02-13T08:00:00+00:00,Transaction 1965,ZW,1666.2095454545454,3704.06,22,0.8848826991912238,0.3980497076181272
1996,CUST00340,CUST00340,ACC72239,3404.57,transfer,mobile,2024-02-13T16:00:00+00:00,Transaction 1996,ZW,1657.8700000000001,3704.06,23,2.0535807994595476,0.9191454782049967
1964,CUST00340,CUST00340,ACC79958,365.25,transfer,online,2024-02-17T10:00:00+00:00,Transaction 1964,ZW,1730.6491666666664,3704.06,24,0.21104797380944246,0.09860801390906195
1981,CUST00340,CUST00340,ACC38399,2808.97,transfer,atm,2024-02-17T11:00:00+00:00,Transaction 1981,ZW,1676.0331999999999,3704.06,25,1.675963220776295,0.7583489468313148
1983,CUST00340,CUST00340,ACC25343,1573.6,transfer,atm,2024-02-18T11:00:00+00:00,Transaction 1983,ZW,1719.607692307692,3704.06,26,0.9150924405834963,0.4248311312451742
1998,CUST00340,CUST00340,ACC15272,2090.45,transfer,online,2024-02-19T09:00:00+00:00,Transaction 1998,ZW,1714.1999999999998,3704.06,27,1.2194901411737253,0.5643672078746024
1953,CUST00340,CUST00340,ACC85536,3425.42,transfer,online,2024-02-21T08:00:00+00:00,Transaction 1953,ZW,1727.6374999999996,3704.06,28,1.9827191757530158,0.9247744366991896
1991,CUST00340,CUST00340,ACC62722,535.06,transfer,card,2024-02-24T03:00:00+00:00,Transaction 1991,ZW,1786.1817241379306,3704.06,29,0.2995551867815898,0.14445230368838516
1975,CUST00340,CUST00340,ACC17905,1840.4,withdraw,online,2024-02-28T03:00:00+00:00,Transaction 1975,ZW,1744.4776666666662,3704.06,30,1.0549862776498717,0.49686020204856296
1960,CUST00340,CUST00340,ACC79760,1404.49,transfer,online,2024-03-01T08:00:00+00:00,Transaction 1960,ZW,1747.5719354838707,3704.06,31,0.8036807936098621,0.3791758232857999
1955,CUST00340,CUST00340,ACC99580,2289.31,transfer,online,2024-03-03T10:00:00+00:00,Transaction 1955,ZW,1736.850625,3704.06,32,1.3180811101703118,0.6180542431818059
1980,CUST00340,CUST00340,ACC27378,667.22,deposit,branch,2024-03-03T15:00:00+00:00,Transaction 1980,ZW,1753.591818181818,3704.06,33,0.38048763291550697,0.18013207129474146
1966,CUST00340,CUST00340,ACC56637,1758.13,transfer,atm,2024-03-04T09:00:00+00:00,Transaction 1966,ZW,1721.639705882353,3704.06,34,1.0211950816381443,0.4746494387239948
1972,CUST00340,CUST00340,ACC13545,100.0,withdraw,branch,2024-03-04T10:00:00+00:00,Transaction 1972,ZW,1722.6822857142856,3704.06,35,0.05804900928585124,0.026997402849845847
1962,CUST00340,CUST00340,ACC62667,100.0,deposit,atm,2024-03-04T11:00:00+00:00,Transaction 1962,ZW,1677.6077777777778,3704.06,36,0.05960868882741099,0.026997402849845847
1957,CUST00340,CUST00340,ACC88148,1674.85,deposit,mobile,2024-03-05T10:00:00+00:00,Transaction 1957,ZW,1634.9697297297296,3704.06,37,1.0243920542044915,0.45216600163064313
1986,CUST00340,CUST00340,ACC83249,562.39,transfer,online,2024-03-12T12:00:00+00:00,Transaction 1986,ZW,1636.0192105263156,3704.06,38,0.3437551322023146,0.15183069388724804
1984,CUST00340,CUST00340,ACC24910,1224.14,transfer,online,2024-03-13T09:00:00+00:00,Transaction 1984,ZW,1608.4902564102563,3704.06,39,0.7610490614546657,0.33048600724610294
1961,CUST00340,CUST00340,ACC85940,100.0,transfer,online,2024-03-14T11:00:00+00:00,Transaction 1961,ZW,1598.8815,3704.06,40,0.0625437219706401,0.026997402849845847
1978,CUST00340,CUST00340,ACC75140,1374.71,transfer,online,2024-03-16T13:00:00+00:00,Transaction 1978,ZW,1562.3234146341463,3704.06,41,0.8799138431410629,0.37113599671711583
1968,CUST00340,CUST00340,ACC32614,100.0,transfer,atm,2024-03-17T12:00:00+00:00,Transaction 1968,ZW,1557.8564285714285,3704.06,42,0.06419076762529465,0.026997402849845847
1952,CUST00340,CUST00340,ACC63747,1442.92,transfer,card,2024-03-18T11:00:00+00:00,Transaction 1952,ZW,1523.9527906976743,3704.06,43,0.9468272303497164,0.3895509252009957
1982,CUST00340,CUST00340,ACC34049,2014.97,transfer,card,2024-03-23T05:00:00+00:00,Transaction 1982,ZW,1522.1111363636364,3704.06,44,1.3237995254497752,0.5439895682035388
1974,CUST00340,CUST00340,ACC18754,1607.55,withdraw,online,2024-03-23T14:00:00+00:00,Transaction 1974,ZW,1533.0635555555555,3704.06,45,1.0485866643783415,0.4339967495126969
1988,CUST00340,CUST00340,ACC77343,1695.86,transfer,atm,2024-03-28T05:00:00+00:00,Transaction 1988,ZW,1534.6828260869565,3704.06,46,1.1050231169420222,0.4578381559693957
1954,CUST00340,CUST00340,ACC73032,1080.24,deposit,online,2024-03-29T09:00:00+00:00,Transaction 1954,ZW,1538.1121276595745,3704.06,47,0.7023155078061293,0.29163674454517474
1958,CUST00340,CUST00340,ACC96349,3043.22,transfer,online,2024-03-30T08:00:00+00:00,Transaction 1958,ZW,1528.5731250000001,3704.06,48,1.9908893792699642,0.8215903630070787
1977,CUST00340,CUST00340,ACC32043,1917.57,transfer,online,2024-03-30T08:00:00+00:00,Transaction 1977,ZW,1559.484285714286,3704.06,49,1.229618033067708,0.517694097827789
2034,CUST00341,CUST00341,ACC64519,2624.9,deposit,online,2024-01-02T04:00:00+00:00,Transaction 2034,ZW,2624.9,2624.9,0,1.0,1.0
2025,CUST00341,CUST00341,ACC34877,172.37,withdraw,online,2024-01-02T13:00:00+00:00,Transaction 2025,ZW,2624.9,2624.9,1,0.06566726351480057,0.06566726351480057
2046,CUST00341,CUST00341,ACC20540,375.83,transfer,mobile,2024-01-05T06:00:00+00:00,Transaction 2046,ZW,1398.635,2624.9,2,0.2687119941943395,0.14317878776334336
2048,CUST00341,CUST00341,ACC76395,270.06,deposit,mobile,2024-01-05T22:00:00+00:00,Transaction 2048,ZW,1057.7,2624.9,3,0.25532759761747187,0.10288391938740524
2026,CUST00341,CUST00341,ACC39075,1887.26,transfer,mobile,2024-01-08T14:00:00+00:00,Transaction 2026,ZW,860.79,2624.9,4,2.1924743549530086,0.7189835803268696
2023,CUST00341,CUST00341,ACC65778,100.0,transfer,online,2024-01-11T04:00:00+00:00,Transaction 2023,CH,1066.084,2624.9,5,0.09380123892676374,0.03809668939769134
2031,CUST00341,CUST00341,ACC74481,608.4,transfer,card,2024-01-11T15:00:00+00:00,Transaction 2031,ZW,905.07,2624.9,6,0.6722131989790844,0.2317802582955541
2014,CUST00341,CUST00341,ACC94487,100.0,transfer,online,2024-01-12T11:00:00+00:00,Transaction 2014,ZW,862.6885714285714,2624.9,7,0.11591668571012217,0.03809668939769134
2029,CUST00341,CUST00341,ACC86784,576.67,transfer,online,2024-01-14T00:00:00+00:00,Transaction 2029,ZW,767.3525,2624.9,8,0.7515059897504732,0.21969217874966662
2007,CUST00341,CUST00341,ACC28513,1311.05,transfer,online,2024-01-14T08:00:00+00:00,Transaction 2007,ZW,746.1655555555556,2624.9,9,1.7570497461838228,0.4994666463484323
2043,CUST00341,CUST00341,ACC93309,580.16,withdraw,online,2024-01-14T19:00:00+00:00,Transaction 2043,ZW,802.654,2624.9,10,0.7228021040199138,0.22102175320964607
2010,CUST00341,CUST00341,ACC51745,333.04,withdraw,online,2024-01-22T10:00:00+00:00,Transaction 2010,ZW,782.4272727272728,2624.9,11,0.42564978447023827,0.12687721437007124
2020,CUST00341,CUST00341,ACC85519,1013.91,withdraw,online,2024-01-22T13:00:00+00:00,Transaction 2020,ZW,744.9783333333335,2624.9,12,1.3609926015745422,0.38626614347213223
2024,CUST00341,CUST00341,ACC57750,1529.33,deposit,online,2024-01-23T15:00:00+00:00,Transaction 2024,CA,765.6653846153847,2624.9,13,1.9973868882269314,0.582624099965713
2033,CUST00341,CUST00341,ACC56274,947.59,withdraw,card,2024-01-25T20:00:00+00:00,Transaction 2033,ZW,820.2128571428573,2624.9,14,1.1552976666335741,0.3610004190635834
2028,CUST00341,CUST00341,ACC30425,1242.4,deposit,online,2024-01-26T13:00:00+00:00,Transaction 2028,CA,828.7046666666668,2624.9,15,1.4992071964519729,0.47331326907691723
2003,CUST00341,CUST00341,ACC88411,1325.3,transfer,atm,2024-01-27T11:00:00+00:00,Transaction 2003,ZW,854.5606250000001,2624.9,16,1.5508554469146059,0.5048954245876033
2002,CUST00341,CUST00341,ACC86355,998.24,transfer,online,2024-01-28T10:00:00+00:00,Transaction 2002,KE,882.2511764705882,2624.9,17,1.1314691627767737,0.380296392243514
2015,CUST00341,CUST00341,ACC48906,232.7,transfer,card,2024-01-28T11:00:00+00:00,Transaction 2015,ZW,888.695,2624.9,18,0.2618446148566156,0.08865099622842774
2044,CUST00341,CUST00341,ACC87914,100.0,withdraw,atm,2024-01-31T12:00:00+00:00,Transaction 2044,AU,854.1689473684211,2624.9,19,0.11707285813665606,0.03809668939769134
2035,CUST00341,CUST00341,ACC89829,480.97,transfer,mobile,2024-01-31T18:00:00+00:00,Transaction 2035,ZW,816.4605,2624.9,20,0.5890915727092738,0.18323364699607605
2036,CUST00341,CUST00341,ACC41541,267.28,transfer,online,2024-02-01T01:00:00+00:00,Transaction 2036,NG,800.484761904762,2624.9,21,0.33389767390950004,0.1018248314221494
2022,CUST00341,CUST00341,ACC22877,100.0,deposit,card,2024-02-05T17:00:00+00:00,Transaction 2022,ZW,776.2481818181818,2624.9,22,0.1288247783921028,0.03809668939769134
2004,CUST00341,CUST00341,ACC24657,969.49,withdraw,card,2024-02-08T09:00:00+00:00,Transaction 2004,ZW,746.8460869565217,2624.9,23,1.298112177236914,0.36934359404167777
2009,CUST00341,CUST00341,ACC16112,100.0,transfer,online,2024-02-14T10:00:00+00:00,Transaction 2009,ZW,756.1229166666667,2624.9,24,0.13225362939777757,0.03809668939769134
2030,CUST00341,CUST00341,ACC96647,1057.72,deposit,atm,2024-02-19T01:00:00+00:00,Transaction 2030,US,729.878,2624.9,25,1.4491736975220515,0.4029563030972608
2017,CUST00341,CUST00341,ACC57044,1272.71,transfer,mobile,2024-02-19T02:00:00+00:00,Transaction 2017,ZW,742.4873076923078,2624.9,26,1.7141168432301612,0.48486037563335743
2001,CUST00341,CUST00341,ACC64087,841.16,deposit,branch,2024-02-20T10:00:00+00:00,Transaction 2001,ZW,762.1251851851853,2624.9,27,1.1037031925347152,0.32045411253762046
2011,CUST00341,CUST00341,ACC97854,1318.28,transfer,online,2024-02-22T11:00:00+00:00,Transaction 2011,ZW,764.9478571428572,2624.9,28,1.7233592952647565,0.5022210369918854
2049,CUST00341,CUST00341,ACC85791,1980.34,deposit,online,2024-02-22T20:00:00+00:00,Transaction 2049,ZW,784.028275862069,2624.9,29,2.5258527797642762,0.7544439788182407
2019,CUST00341,CUST00341,ACC27929,550.1,deposit,card,2024-02-23T02:00:00+00:00,Transaction 2019,ZW,823.9053333333334,2624.9,30,0.6676737942384966,0.20956988837670007
2037,CUST00341,CUST00341,ACC49975,635.58,transfer,atm,2024-02-24T14:00:00+00:00,Transaction 2037,JP,815.0729032258064,2624.9,31,0.7797830077341192,0.24213493847384662
2045,CUST00341,CUST00341,ACC45255,100.0,transfer,card,2024-02-27T05:00:00+00:00,Transaction 2045,JP,809.46375,2624.9,32,0.12353857723709061,0.03809668939769134
2013,CUST00341,CUST00341,ACC26208,120.11,transfer,mobile,2024-02-28T08:00:00+00:00,Transaction 2013,ZW,787.9648484848485,2624.9,33,0.1524306575743265,0.045757933635567065
2021,CUST00341,CUST00341,ACC48383,578.08,transfer,atm,2024-02-28T17:00:00+00:00,Transaction 2021,ZW,768.3220588235295,2624.9,34,0.7523928193408478,0.2202293420701741
2016,CUST00341,CUST00341,ACC91155,2175.14,transfer,mobile,2024-02-29T19:00:00+00:00,Transaction 2016,ZW,762.8865714285715,2624.9,35,2.8511971261033744,0.8286563297649433
2018,CUST00341,CUST00341,ACC25986,636.22,withdraw,mobile,2024-03-02T00:00:00+00:00,Transaction 2018,FR,802.1158333333334,2624.9,36,0.7931772115207799,0.24237875728599184
2050,CUST00341,CUST00341,ACC73658,1474.94,transfer,mobile,2024-03-04T11:00:00+00:00,Transaction 2050,ZW,797.6321621621622,2624.9,37,1.849148103559217,0.5619033106023087
2027,CUST00341,CUST00341,ACC34825,100.0,transfer,online,2024-03-07T10:00:00+00:00,Transaction 2027,ZW,815.456052631579,2624.9,38,0.12263076554191664,0.03809668939769134
2012,CUST00341,CUST00341,ACC15442,2102.67,withdraw,atm,2024-03-10T08:00:00+00:00,Transaction 2012,ZW,797.1110256410257,2624.9,39,2.637863399655101,0.8010476589584365
2005,CUST00341,CUST00341,ACC28673,864.98,transfer,online,2024-03-10T11:00:00+00:00,Transaction 2005,ZW,829.75,2624.9,40,1.0424585718589936,0.32952874395215054
2042,CUST00341,CUST00341,ACC77612,2359.26,transfer,atm,2024-03-12T05:00:00+00:00,Transaction 2042,ZW,830.609268292683,2624.9,41,2.8403969111125598,0.8987999542839727
2041,CUST00341,CUST00341,ACC26949,2132.06,deposit,mobile,2024-03-14T21:00:00+00:00,Transaction 2041,IQ,867.0057142857144,2624.9,42,2.4591072064115576,0.812244275972418
2006,CUST00341,CUST00341,ACC86375,1028.49,transfer,branch,2024-03-18T08:00:00+00:00,Transaction 2006,ZW,896.4255813953489,2624.9,43,1.1473233488039059,0.3918206407863157
2032,CUST00341,CUST00341,ACC87992,581.84,transfer,branch,2024-03-20T18:00:00+00:00,Transaction 2032,ZW,899.4270454545455,2624.9,44,0.646900716339872,0.2216617775915273
2008,CUST00341,CUST00341,ACC89061,869.3,transfer,branch,2024-03-24T11:00:00+00:00,Transaction 2008,US,892.3695555555555,2624.9,45,0.9741479800471304,0.3311745209341308
2039,CUST00341,CUST00341,ACC54093,431.78,deposit,online,2024-03-24T17:00:00+00:00,Transaction 2039,ZW,891.8680434782609,2624.9,46,0.4841299149099118,0.16449388548135166
2047,CUST00341,CUST00341,ACC36839,1026.06,transfer,mobile,2024-03-26T11:00:00+00:00,Transaction 2047,ZW,882.0789361702127,2624.9,47,1.1632292280494991,0.3908948912339517
2038,CUST00341,CUST00341,ACC97369,930.63,withdraw,mobile,2024-03-28T06:00:00+00:00,Transaction 2038,ZW,885.0785416666666,2624.9,48,1.0514660069009882,0.3545392205417349
2040,CUST00341,CUST00341,ACC49486,100.0,transfer,card,2024-03-29T21:00:00+00:00,Transaction 2040,ZW,886.008163265306,2624.9,49,0.11286577725363015,0.03809668939769134
2059,CUST00342,CUST00342,ACC48658,271.05,transfer,atm,2024-01-02T01:00:00+00:00,Transaction 2059,ZW,271.05,271.05,0,1.0,1.0
2067,CUST00342,CUST00342,ACC80360,445.39,transfer,branch,2024-01-04T13:00:00+00:00,Transaction 2067,ZW,271.05,271.05,1,1.6432023611879725,1.6432023611879725
2057,CUST00342,CUST00342,ACC60762,761.33,transfer,card,2024-01-05T10:00:00+00:00,Transaction 2057,ZW,358.22,445.39,2,2.1253140528167047,1.7093558454388291
2062,CUST00342,CUST00342,ACC28798,662.39,transfer,online,2024-01-08T22:00:00+00:00,Transaction 2062,ZW,492.59,761.33,3,1.3447085811729838,0.8700432138494476
2093,CUST00342,CUST00342,ACC43825,373.02,transfer,atm,2024-01-10T21:00:00+00:00,Transaction 2093,ZW,535.04,761.33,4,0.697181519138756,0.4899583623395899
2053,CUST00342,CUST00342,ACC58809,476.12,transfer,mobile,2024-01-11T06:00:00+00:00,Transaction 2053,ZW,502.63599999999997,761.33,5,0.9472461184634607,0.6253792704871738
2081,CUST00342,CUST00342,ACC78765,747.01,transfer,mobile,2024-01-11T11:00:00+00:00,Transaction 2081,ZW,498.21666666666664,761.33,6,1.4993677449570133,0.9811908108179107
2089,CUST00342,CUST00342,ACC37900,129.65,transfer,mobile,2024-01-14T03:00:00+00:00,Transaction 2089,ZW,533.7585714285714,761.33,7,0.2429000805607672,0.17029409060459985
2055,CUST00342,CUST00342,ACC77127,571.78,transfer,atm,2024-01-14T17:00:00+00:00,Transaction 2055,ZW,483.245,761.33,8,1.1832093451561836,0.7510278066016051
2056,CUST00342,CUST00342,ACC83085,190.52,transfer,mobile,2024-01-17T02:00:00+00:00,Transaction 2056,ZW,493.0822222222222,761.33,9,0.38638586307444783,0.2502462795371258
2092,CUST00342,CUST00342,ACC28910,293.8,transfer,online,2024-01-18T10:00:00+00:00,Transaction 2092,ZW,462.826,761.33,10,0.634795797988877,0.38590361604035045
2079,CUST00342,CUST00342,ACC18555,812.83,transfer,card,2024-01-24T03:00:00+00:00,Transaction 2079,ZW,447.46000000000004,761.33,11,1.8165422607607384,1.0676447795305584
2087,CUST00342,CUST00342,ACC55041,227.75,withdraw,mobile,2024-01-24T19:00:00+00:00,Transaction 2087,ZW,477.9075,812.83,12,0.47655665583821133,0.2801938904814045
2065,CUST00342,CUST00342,ACC71343,306.38,transfer,card,2024-01-25T04:00:00+00:00,Transaction 2065,ZW,458.6646153846154,812.83,13,0.6679826385627843,0.37692998535979233
2083,CUST00342,CUST00342,ACC91983,135.83,transfer,mobile,2024-01-26T14:00:00+00:00,Transaction 2083,ZW,447.7871428571429,812.83,14,0.3033360876181604,0.16710751325615444
2068,CUST00342,CUST00342,ACC56572,457.27,transfer,mobile,2024-01-27T17:00:00+00:00,Transaction 2068,ZW,426.99,812.83,15,1.070915009719197,0.5625653580699531
2099,CUST00342,CUST00342,ACC82931,215.72,transfer,mobile,2024-01-28T14:00:00+00:00,Transaction 2099,ZW,428.8825,812.83,16,0.5029815858655926,0.2653937477701364
2063,CUST00342,CUST00342,ACC68354,294.92,transfer,branch,2024-02-02T07:00:00+00:00,Transaction 2063,ZW,416.34352941176473,812.83,17,0.7083573519604851,0.3628310962931978
2058,CUST00342,CUST00342,ACC36027,332.28,transfer,mobile,2024-02-03T05:00:00+00:00,Transaction 2058,ZW,409.59777777777776,812.83,18,0.8112348699808484,0.40879396675811663
2082,CUST00342,CUST00342,ACC97530,508.42,transfer,atm,2024-02-12T07:00:00+00:00,Transaction 2082,ZW,405.5284210526316,812.83,19,1.2537222389500897,0.6254936456577636
2074,CUST00342,CUST00342,ACC59314,315.16,withdraw,atm,2024-02-12T08:00:00+00:00,Transaction 2074,ZW,410.67299999999994,812.83,20,0.7674232296742178,0.3877317520268691
2084,CUST00342,CUST00342,ACC52718,272.07,transfer,online,2024-02-13T12:00:00+00:00,Transaction 2084,ZW,406.12476190476184,812.83,21,0.6699172902532884,0.334719437028653
2077,CUST00342,CUST00342,ACC72634,127.5,transfer,mobile,2024-02-13T14:00:00+00:00,Transaction 2077,ZW,400.03136363636355,812.83,22,0.3187250090617895,0.15685936788750415
2085,CUST00342,CUST00342,ACC82483,302.04,transfer,online,2024-02-13T14:00:00+00:00,Transaction 2085,ZW,388.1821739130434,812.83,23,0.7780882799313188,0.3715906155038569
2073,CUST00342,CUST00342,ACC26875,100.0,transfer,mobile,2024-02-14T13:00:00+00:00,Transaction 2073,ZW,384.59291666666667,812.83,24,0.260015189220637,0.12302695520588561
2090,CUST00342,CUST00342,ACC12253,311.9,deposit,atm,2024-02-15T20:00:00+00:00,Transaction 2090,ZW,373.2092,812.83,25,0.8357243069034739,0.38372107328715716
2069,CUST00342,CUST00342,ACC40715,299.41,transfer,online,2024-02-16T20:00:00+00:00,Transaction 2069,ZW,370.8511538461538,812.83,26,0.8073589549197119,0.3683550065819421
2064,CUST00342,CUST00342,ACC19849,402.93,withdraw,mobile,2024-02-17T10:00:00+00:00,Transaction 2064,ZW,368.20518518518514,812.83,27,1.0943083264765823,0.49571251061107485
2070,CUST00342,CUST00342,ACC89261,355.43,deposit,online,2024-02-18T14:00:00+00:00,Transaction 2070,ZW,369.4453571428571,812.83,28,0.9620637886716285,0.4372747068882792
2061,CUST00342,CUST00342,ACC97539,697.66,transfer,atm,2024-02-19T12:00:00+00:00,Transaction 2061,ZW,368.96206896551723,812.83,29,1.8908718773072646,0.8583098556893815
2098,CUST00342,CUST00342,ACC53258,376.6,deposit,online,2024-02-20T19:00:00+00:00,Transaction 2098,ZW,379.91866666666664,812.83,30,0.9912647970267322,0.4633195133053652
2088,CUST00342,CUST00342,ACC26161,100.0,transfer,online,2024-02-21T10:00:00+00:00,Transaction 2088,ZW,379.8116129032258,812.83,31,0.26328842142454323,0.12302695520588561
2072,CUST00342,CUST00342,ACC76619,331.11,transfer,mobile,2024-02-22T03:00:00+00:00,Transaction 2072,ZW,371.0675,812.83,32,0.8923174355070169,0.40735455138220783
2080,CUST00342,CUST00342,ACC90142,547.62,transfer,atm,2024-02-22T18:00:00+00:00,Transaction 2080,ZW,369.8566666666667,812.83,33,1.4806276305235362,0.6737202120984708
2100,CUST00342,CUST00342,ACC40670,146.97,transfer,mobile,2024-02-24T04:00:00+00:00,Transaction 2100,ZW,375.08500000000004,812.83,34,0.3918311849314155,0.18081271606609006
2095,CUST00342,CUST00342,ACC24827,408.69,transfer,online,2024-02-25T03:00:00+00:00,Transaction 2095,ZW,368.5674285714286,812.83,35,1.1088608713582937,0.5027988632309339
2086,CUST00342,CUST00342,ACC56638,100.0,deposit,online,2024-02-27T11:00:00+00:00,Transaction 2086,ZW,369.68194444444447,812.83,36,0.2705027970740614,0.12302695520588561
2060,CUST00342,CUST00342,ACC76336,507.08,transfer,mobile,2024-02-29T22:00:00+00:00,Transaction 2060,ZW,362.39324324324326,812.83,37,1.399253461410816,0.6238450844580047
2054,CUST00342,CUST00342,ACC10643,363.26,withdraw,mobile,2024-03-01T22:00:00+00:00,Transaction 2054,ZW,366.2007894736842,812.83,38,0.9919694616772651,0.4469077174809
2094,CUST00342,CUST00342,ACC43158,100.0,transfer,branch,2024-03-02T03:00:00+00:00,Transaction 2094,ZW,366.12538461538463,812.83,39,0.27313047442763405,0.12302695520588561
2076,CUST00342,CUST00342,ACC17007,100.0,transfer,atm,2024-03-02T13:00:00+00:00,Transaction 2076,ZW,359.47225,812.83,40,0.2781855901255243,0.12302695520588561
2071,CUST00342,CUST00342,ACC26295,170.24,transfer,online,2024-03-02T20:00:00+00:00,Transaction 2071,ZW,353.14365853658535,812.83,41,0.48207010344025,0.20944108854249965
2051,CUST00342,CUST00342,ACC12588,374.64,transfer,mobile,2024-03-04T05:00:00+00:00,Transaction 2051,ZW,348.7888095238095,812.83,42,1.0741170294754705,0.4609081849833298
2097,CUST00342,CUST00342,ACC83506,100.0,transfer,mobile,2024-03-11T12:00:00+00:00,Transaction 2097,ZW,349.39,812.83,43,0.28621311428489654,0.12302695520588561
2091,CUST00342,CUST00342,ACC49694,678.27,transfer,mobile,2024-03-14T02:00:00+00:00,Transaction 2091,ZW,343.7220454545454,812.83,44,1.9733095650092538,0.8344549290749602
2096,CUST00342,CUST00342,ACC15734,153.47,transfer,card,2024-03-25T03:00:00+00:00,Transaction 2096,ZW,351.15644444444445,812.83,45,0.4370416731004351,0.18880946815447264
2052,CUST00342,CUST00342,ACC97837,250.34,withdraw,atm,2024-03-27T06:00:00+00:00,Transaction 2052,ZW,346.85891304347825,812.83,46,0.7217343726399219,0.307985679662414
2066,CUST00342,CUST00342,ACC84134,175.42,deposit,online,2024-03-27T22:00:00+00:00,Transaction 2066,ZW,344.8053191489361,812.83,47,0.5087508523156762,0.21581388482216451
2078,CUST00342,CUST00342,ACC25102,391.88,transfer,mobile,2024-03-28T08:00:00+00:00,Transaction 2078,ZW,341.2764583333333,812.83,48,1.1482772703215318,0.4821180320608245
2075,CUST00342,CUST00342,ACC89405,289.41,transfer,online,2024-03-30T08:00:00+00:00,Transaction 2075,ZW,342.3091836734694,812.83,49,0.8454637322148791,0.35605231106135354
2104,CUST00343,CUST00343,ACC34911,5567.5,withdraw,mobile,2024-01-04T08:00:00+00:00,Transaction 2104,FR,5567.5,5567.5,0,1.0,1.0
2130,CUST00343,CUST00343,ACC79379,6459.5,deposit,online,2024-01-04T10:00:00+00:00,Transaction 2130,ZW,5567.5,5567.5,1,1.1602155365963178,1.1602155365963178
2145,CUST00343,CUST00343,ACC23096,100.0,transfer,online,2024-01-05T09:00:00+00:00,Transaction 2145,ZW,6013.5,6459.5,2,0.016629250852249106,0.015481074386562427
2119,CUST00343,CUST00343,ACC61314,3750.64,deposit,card,2024-01-05T13:00:00+00:00,Transaction 2119,ZW,4042.3333333333335,6459.5,3,0.9278403562299001,0.580639368372165
2136,CUST00343,CUST00343,ACC56108,6388.35,deposit,card,2024-01-06T18:00:00+00:00,Transaction 2136,ZW,3969.41,6459.5,4,1.6093953509463625,0.9889852155739609
2135,CUST00343,CUST00343,ACC91709,2485.02,transfer,online,2024-01-09T01:00:00+00:00,Transaction 2135,ZW,4453.197999999999,6459.5,5,0.5580304311643004,0.3847077947209536
2132,CUST00343,CUST00343,ACC38638,1153.01,deposit,mobile,2024-01-19T20:00:00+00:00,Transaction 2132,DE,4125.168333333333,6459.5,6,0.27950616964721847,0.17849833578450344
2140,CUST00343,CUST00343,ACC84810,2032.29,withdraw,branch,2024-01-20T03:00:00+00:00,Transaction 2140,ZW,3700.5742857142855,6459.5,7,0.5491823276850466,0.3146203266506695
2146,CUST00343,CUST00343,ACC85580,5227.96,transfer,mobile,2024-01-21T13:00:00+00:00,Transaction 2146,ZW,3492.03875,6459.5,8,1.497108243715795,0.8093443764997291
2103,CUST00343,CUST00343,ACC32180,1132.14,transfer,branch,2024-01-26T09:00:00+00:00,Transaction 2103,ZW,3684.9188888888893,6459.5,9,0.3072360706266111,0.17526743556002788
2122,CUST00343,CUST00343,ACC86048,3564.46,withdraw,online,2024-01-26T17:00:00+00:00,Transaction 2122,ZW,3429.6410000000005,6459.5,10,1.0393099452683239,0.5518167040792631
2133,CUST00343,CUST00343,ACC75496,100.0,withdraw,mobile,2024-01-29T20:00:00+00:00,Transaction 2133,ZW,3441.897272727273,6459.5,11,0.029053743350324488,0.015481074386562427
2139,CUST00343,CUST00343,ACC32032,100.0,transfer,online,2024-01-31T04:00:00+00:00,Transaction 2139,ZW,3163.4058333333337,6459.5,12,0.031611498893465824,0.015481074386562427
2112,CUST00343,CUST00343,ACC18105,100.0,transfer,online,2024-02-01T11:00:00+00:00,Transaction 2112,ZW,2927.759230769231,6459.5,13,0.03415581409463314,0.015481074386562427
2116,CUST00343,CUST00343,ACC35358,6300.21,deposit,mobile,2024-02-02T14:00:00+00:00,Transaction 2116,ZW,2725.776428571429,6459.5,14,2.3113451029811425,0.9753401966096447
2121,CUST00343,CUST00343,ACC33930,5231.38,deposit,branch,2024-02-03T05:00:00+00:00,Transaction 2121,ZW,2964.072,6459.5,15,1.764930136649852,0.8098738292437495
2126,CUST00343,CUST00343,ACC73050,468.64,deposit,card,2024-02-03T06:00:00+00:00,Transaction 2126,ZW,3105.77875,6459.5,16,0.15089291212389164,0.07255050700518616
2142,CUST00343,CUST00343,ACC16976,4380.14,withdraw,branch,2024-02-03T08:00:00+00:00,Transaction 2142,ZW,2950.6529411764704,6459.5,17,1.4844646548819704,0.6780927316355756
2110,CUST00343,CUST00343,ACC18994,100.0,withdraw,online,2024-02-03T11:00:00+00:00,Transaction 2110,ZW,3030.068888888889,6459.5,18,0.03300254999702977,0.015481074386562427
2149,CUST00343,CUST00343,ACC89222,6549.7,deposit,card,2024-02-03T14:00:00+00:00,Transaction 2149,CH,2875.854736842105,6459.5,19,2.2774794276264596,1.0139639290966793
2114,CUST00343,CUST00343,ACC73611,100.0,withdraw,branch,2024-02-05T10:00:00+00:00,Transaction 2114,ZW,3059.5469999999996,6549.7,20,0.0326845771612595,0.015267874864497611
2141,CUST00343,CUST00343,ACC81506,4043.34,withdraw,branch,2024-02-14T21:00:00+00:00,Transaction 2141,ZW,2918.6161904761902,6549.7,21,1.3853620127216193,0.6173320915461777
2124,CUST00343,CUST00343,ACC55594,747.59,transfer,mobile,2024-02-17T06:00:00+00:00,Transaction 2124,ZW,2969.74,6549.7,22,0.25173584219493966,0.11414110569949769
2118,CUST00343,CUST00343,ACC12659,11836.37,deposit,branch,2024-02-17T22:00:00+00:00,Transaction 2118,ZW,2873.1247826086956,6549.7,23,4.119685323675012,1.807162160098936
2106,CUST00343,CUST00343,ACC97950,4546.29,deposit,atm,2024-02-21T10:00:00+00:00,Transaction 2106,KE,3246.593333333333,11836.37,24,1.4003262907375733,0.3840949547876587
2148,CUST00343,CUST00343,ACC13954,6034.81,deposit,online,2024-02-21T20:00:00+00:00,Transaction 2148,ZW,3298.581199999999,11836.37,25,1.829516884410789,0.5098531053017099
2109,CUST00343,CUST00343,ACC39103,1560.94,withdraw,card,2024-02-24T11:00:00+00:00,Transaction 2109,ZW,3403.8207692307687,11836.37,26,0.45858466289127137,0.13187658040429626
2120,CUST00343,CUST00343,ACC12742,100.0,deposit,card,2024-02-24T19:00:00+00:00,Transaction 2120,ZW,3335.5659259259255,11836.37,27,0.029979920115726935,0.008448536164381478
2107,CUST00343,CUST00343,ACC87254,2713.43,transfer,online,2024-02-25T10:00:00+00:00,Transaction 2107,AU,3220.0099999999993,11836.37,28,0.8426775072127106,0.22924511484517632
2144,CUST00343,CUST00343,ACC58491,6284.25,transfer,online,2024-02-25T15:00:00+00:00,Transaction 2144,ZW,3202.54172413793,11836.37,29,1.9622695163141437,0.530927133910143
2113,CUST00343,CUST00343,ACC94308,9667.42,withdraw,branch,2024-02-26T11:00:00+00:00,Transaction 2113,ZW,3305.2653333333324,11836.37,30,2.9248544443633175,0.8167554748626479
2102,CUST00343,CUST00343,ACC36884,3152.68,transfer,card,2024-02-27T08:00:00+00:00,Transaction 2102,ZW,3510.496129032257,11836.37,31,0.8980724900753851,0.26635530994722195
2150,CUST00343,CUST00343,ACC34200,100.0,deposit,atm,2024-02-29T03:00:00+00:00,Transaction 2150,ZW,3499.314375,11836.37,32,0.02857702660681923,0.008448536164381478
2129,CUST00343,CUST00343,ACC23175,100.0,transfer,mobile,2024-03-03T04:00:00+00:00,Transaction 2129,ZW,3396.304848484848,11836.37,33,0.029443764462018705,0.008448536164381478
2131,CUST00343,CUST00343,ACC86476,100.0,deposit,mobile,2024-03-05T00:00:00+00:00,Transaction 2131,ZW,3299.354705882353,11836.37,34,0.03030895702778244,0.008448536164381478
2134,CUST00343,CUST00343,ACC20134,1805.94,deposit,branch,2024-03-06T09:00:00+00:00,Transaction 2134,ZW,3207.944571428571,11836.37,35,0.5629586047354221,0.15257549400703085
2108,CUST00343,CUST00343,ACC69552,2208.34,deposit,branch,2024-03-07T11:00:00+00:00,Transaction 2108,ZW,3169.0,11836.37,36,0.696857052698012,0.18657240353250193
2125,CUST00343,CUST00343,ACC82429,5995.78,transfer,branch,2024-03-08T22:00:00+00:00,Transaction 2125,ZW,3143.036216216216,11836.37,37,1.9076394885510086,0.5065556416367517
2105,CUST00343,CUST00343,ACC79453,100.0,transfer,card,2024-03-16T11:00:00+00:00,Transaction 2105,ZW,3218.1084210526315,11836.37,38,0.031074155036482694,0.008448536164381478
2137,CUST00343,CUST00343,ACC64594,6446.27,transfer,card,2024-03-16T21:00:00+00:00,Transaction 2137,ZW,3138.156923076923,11836.37,39,2.0541579525855944,0.5446154522036739
2111,CUST00343,CUST00343,ACC99598,3991.92,deposit,mobile,2024-03-18T09:00:00+00:00,Transaction 2111,ZW,3220.8597500000005,11836.37,40,1.2393957855507367,0.3372588048531771
2147,CUST00343,CUST00343,ACC77587,8157.26,deposit,branch,2024-03-18T09:00:00+00:00,Transaction 2147,ZW,3239.666097560976,11836.37,41,2.517932328316581,0.6891690611226245
2101,CUST00343,CUST00343,ACC68099,2989.42,transfer,mobile,2024-03-20T09:00:00+00:00,Transaction 2101,ZW,3356.7516666666675,11836.37,42,0.8905693053452964,0.2525622298052528
2115,CUST00343,CUST00343,ACC55017,3644.77,transfer,branch,2024-03-21T08:00:00+00:00,Transaction 2115,ZW,3348.209069767443,11836.37,43,1.088573002477756,0.3079297115585268
2117,CUST00343,CUST00343,ACC59676,2380.48,deposit,mobile,2024-03-21T08:00:00+00:00,Transaction 2117,ZW,3354.949090909092,11836.37,44,0.7095428083992059,0.2011157136858682
2143,CUST00343,CUST00343,ACC24558,8360.35,withdraw,online,2024-03-22T11:00:00+00:00,Transaction 2143,ZW,3333.294222222223,11836.37,45,2.508134428777297,0.7063271932188669
2127,CUST00343,CUST00343,ACC39459,304.94,transfer,branch,2024-03-23T01:00:00+00:00,Transaction 2127,ZW,3442.578043478262,11836.37,46,0.08857896499331042,0.02576296617966488
2138,CUST00343,CUST00343,ACC27869,1699.42,transfer,mobile,2024-03-23T13:00:00+00:00,Transaction 2138,ZW,3375.819787234044,11836.37,47,0.5034095737060683,0.14357611328473172
2123,CUST00343,CUST00343,ACC48808,100.0,transfer,branch,2024-03-24T21:00:00+00:00,Transaction 2123,ZW,3340.894791666667,11836.37,48,0.02993210089986496,0.008448536164381478
2128,CUST00343,CUST00343,ACC52573,6462.79,deposit,mobile,2024-03-30T10:00:00+00:00,Transaction 2128,ZW,3274.754081632653,11836.37,49,1.9735191830886818,0.5460111503780297
2155,CUST00344,CUST00344,ACC44238,3845.89,transfer,online,2024-01-04T13:00:00+00:00,Transaction 2155,ZW,3845.89,3845.89,0,1.0,1.0
2184,CUST00344,CUST00344,ACC42388,17850.43,withdraw,card,2024-01-08T11:00:00+00:00,Transaction 2184,ZW,3845.89,3845.89,1,4.641430202111865,4.641430202111865
2156,CUST00344,CUST00344,ACC58385,8766.93,withdraw,mobile,2024-01-18T16:00:00+00:00,Transaction 2156,ZW,10848.16,17850.43,2,0.8081490317251958,0.49113270660706776
2169,CUST00344,CUST00344,ACC88855,1052.55,transfer,mobile,2024-01-20T11:00:00+00:00,Transaction 2169,ZW,10154.416666666666,17850.43,3,0.1036544032563827,0.058964966110060094
2168,CUST00344,CUST00344,ACC15339,4353.95,transfer,online,2024-01-21T19:00:00+00:00,Transaction 2168,SG,7878.95,17850.43,4,0.5526053598512493,0.24391289173426073
2195,CUST00344,CUST00344,ACC54870,100.0,withdraw,online,2024-01-26T01:00:00+00:00,Transaction 2195,ZW,7173.95,17850.43,5,0.013939322130764781,0.005602105943666343
2152,CUST00344,CUST00344,ACC28528,2176.96,transfer,card,2024-01-29T13:00:00+00:00,Transaction 2152,ZW,5994.958333333333,17850.43,6,0.36313179824713826,0.12195560555123883
2200,CUST00344,CUST00344,ACC16379,100.0,transfer,online,2024-01-31T01:00:00+00:00,Transaction 2200,ZW,5449.53,17850.43,7,0.018350206348070386,0.005602105943666343
2199,CUST00344,CUST00344,ACC63482,4986.0,deposit,online,2024-01-31T07:00:00+00:00,Transaction 2199,AU,4780.83875,17850.43,8,1.0429132335827056,0.2793210023512039
2194,CUST00344,CUST00344,ACC68456,7362.94,transfer,mobile,2024-02-02T12:00:00+00:00,Transaction 2194,ZW,4803.634444444444,17850.43,9,1.5327852452460187,0.4124796993685866
2160,CUST00344,CUST00344,ACC85543,3046.72,deposit,card,2024-02-03T16:00:00+00:00,Transaction 2160,ZW,5059.5650000000005,17850.43,10,0.602170344683782,0.17068048220687118
2157,CUST00344,CUST00344,ACC62831,4745.15,deposit,online,2024-02-07T15:00:00+00:00,Transaction 2157,ZW,4876.579090909091,17850.43,11,0.9730489163696532,0.2658283301858835
2198,CUST00344,CUST00344,ACC17781,9576.02,withdraw,online,2024-02-08T07:00:00+00:00,Transaction 2198,KE,4865.626666666667,17850.43,12,1.9680959218682348,0.5364587855866778
2164,CUST00344,CUST00344,ACC71528,11262.65,deposit,mobile,2024-02-09T13:00:00+00:00,Transaction 2164,ZW,5227.964615384616,17850.43,13,2.1543087661413747,0.6309455850643374
2166,CUST00344,CUST00344,ACC50924,5489.83,deposit,mobile,2024-02-13T07:00:00+00:00,Transaction 2166,ZW,5659.013571428572,17850.43,14,0.9701036992943873,0.307546092727178
2190,CUST00344,CUST00344,ACC80151,6912.86,transfer,online,2024-02-14T10:00:00+00:00,Transaction 2190,ZW,5647.734666666667,17850.43,15,1.2240058019722833,0.3872657409373331
2151,CUST00344,CUST00344,ACC97820,7074.83,transfer,mobile,2024-02-15T15:00:00+00:00,Transaction 2151,ZW,5726.805,17850.43,16,1.235388667852319,0.39633947193428953
2196,CUST00344,CUST00344,ACC19445,2123.44,transfer,card,2024-02-18T09:00:00+00:00,Transaction 2196,DE,5806.100588235295,17850.43,17,0.3657256652257549,0.1189573584501886
2179,CUST00344,CUST00344,ACC82467,7529.47,transfer,atm,2024-02-21T22:00:00+00:00,Transaction 2179,ZW,5601.508333333334,17850.43,18,1.3441861641432886,0.4218088863965742
2187,CUST00344,CUST00344,ACC73511,100.0,deposit,mobile,2024-02-24T07:00:00+00:00,Transaction 2187,SG,5702.9800000000005,17850.43,19,0.01753469238889142,0.005602105943666343
2159,CUST00344,CUST00344,ACC12278,3418.9,deposit,atm,2024-02-25T14:00:00+00:00,Transaction 2159,ZW,5422.831,17850.43,20,0.6304640509726377,0.1915304001080086
2178,CUST00344,CUST00344,ACC42631,346.05,deposit,online,2024-02-26T18:00:00+00:00,Transaction 2178,ZW,5327.405714285715,17850.43,21,0.06495656958734136,0.01938608761805738
2192,CUST00344,CUST00344,ACC53519,100.0,transfer,card,2024-02-26T21:00:00+00:00,Transaction 2192,ZW,5100.980454545454,17850.43,22,0.01960407433259043,0.005602105943666343
2193,CUST00344,CUST00344,ACC92861,555.61,transfer,branch,2024-02-27T14:00:00+00:00,Transaction 2193,ZW,4883.546521739131,17850.43,23,0.11377182494867191,0.03112586083360457
2185,CUST00344,CUST00344,ACC52800,8287.89,transfer,online,2024-02-27T20:00:00+00:00,Transaction 2185,ZW,4703.215833333334,17850.43,24,1.7621751358423374,0.4642963782945284
2176,CUST00344,CUST00344,ACC11164,100.0,transfer,branch,2024-02-28T03:00:00+00:00,Transaction 2176,ZW,4846.602800000001,17850.43,25,0.020633009166750777,0.005602105943666343
2173,CUST00344,CUST00344,ACC65596,2914.57,transfer,card,2024-02-29T14:00:00+00:00,Transaction 2173,ZW,4664.041153846154,17850.43,26,0.6249022904946989,0.16327729920231615
2167,CUST00344,CUST00344,ACC63335,6958.23,withdraw,online,2024-03-01T00:00:00+00:00,Transaction 2167,ZW,4599.245925925927,17850.43,27,1.5129067051571414,0.38980741640397454
2174,CUST00344,CUST00344,ACC75547,3592.06,transfer,mobile,2024-03-01T19:00:00+00:00,Transaction 2174,ZW,4683.495357142858,17850.43,28,0.7669613666898814,0.20123100676006123
2188,CUST00344,CUST00344,ACC86817,2509.3,withdraw,card,2024-03-02T13:00:00+00:00,Transaction 2188,ZW,4645.859655172415,17850.43,29,0.5401153255256644,0.14057364444441955
2153,CUST00344,CUST00344,ACC69053,2571.22,deposit,mobile,2024-03-03T15:00:00+00:00,Transaction 2153,ZW,4574.6410000000005,17850.43,30,0.5620594053172696,0.14404246844473773
2163,CUST00344,CUST00344,ACC22313,930.21,transfer,online,2024-03-04T15:00:00+00:00,Transaction 2163,ZW,4510.014516129033,17850.43,31,0.20625432505224034,0.05211134969857869
2191,CUST00344,CUST00344,ACC47855,100.0,deposit,card,2024-03-07T09:00:00+00:00,Transaction 2191,ZW,4398.145625,17850.43,32,0.022736855149037952,0.005602105943666343
2189,CUST00344,CUST00344,ACC93212,6825.16,transfer,online,2024-03-08T06:00:00+00:00,Transaction 2189,ZW,4267.898787878788,17850.43,33,1.5991850648811214,0.38235269402473776
2183,CUST00344,CUST00344,ACC63083,100.0,deposit,mobile,2024-03-10T10:00:00+00:00,Transaction 2183,ZW,4343.112352941177,17850.43,34,0.023024962716490516,0.005602105943666343
2172,CUST00344,CUST00344,ACC68741,13641.08,withdraw,card,2024-03-10T13:00:00+00:00,Transaction 2172,ZW,4221.880571428572,17850.43,35,3.231043552561749,0.7641877534602808
2171,CUST00344,CUST00344,ACC63641,10400.27,withdraw,atm,2024-03-11T19:00:00+00:00,Transaction 2171,ZW,4483.525,17850.43,36,2.319663657501631,0.5826341438273476
2181,CUST00344,CUST00344,ACC34523,2113.72,transfer,card,2024-03-12T11:00:00+00:00,Transaction 2181,ZW,4643.4370270270265,17850.43,37,0.4552059148637394,0.11841283375246421
2165,CUST00344,CUST00344,ACC50498,2034.88,transfer,online,2024-03-13T13:00:00+00:00,Transaction 2165,ZW,4576.865526315789,17850.43,38,0.4446012207044249,0.11399613342647769
2197,CUST00344,CUST00344,ACC70811,9615.99,transfer,online,2024-03-17T12:00:00+00:00,Transaction 2197,ZW,4511.6864102564095,17850.43,39,2.1313515890953734,0.5386979473323612
2161,CUST00344,CUST00344,ACC78285,13577.65,withdraw,branch,2024-03-17T16:00:00+00:00,Transaction 2161,ZW,4639.294,17850.43,40,2.9266629793240093,0.7606343376602132
2177,CUST00344,CUST00344,ACC28738,2454.03,deposit,online,2024-03-19T01:00:00+00:00,Transaction 2177,ZW,4857.302682926829,17850.43,41,0.5052248460088333,0.13747736048935516
2186,CUST00344,CUST00344,ACC19235,6440.29,deposit,card,2024-03-19T07:00:00+00:00,Transaction 2186,ZW,4800.081904761905,17850.43,42,1.3417041891745496,0.3607918688793491
2154,CUST00344,CUST00344,ACC91803,7049.04,deposit,mobile,2024-03-22T14:00:00+00:00,Transaction 2154,ZW,4838.226279069768,17850.43,43,1.4569471524087747,0.394894688811418
2158,CUST00344,CUST00344,ACC99509,6413.26,withdraw,online,2024-03-23T13:00:00+00:00,Transaction 2158,ZW,4888.472045454546,17850.43,44,1.311915040194052,0.3592776196427761
2182,CUST00344,CUST00344,ACC91630,13947.57,deposit,online,2024-03-23T13:00:00+00:00,Transaction 2182,ZW,4922.356222222223,17850.43,45,2.8335149611954127,0.7813576479670238
2180,CUST00344,CUST00344,ACC23361,100.0,transfer,online,2024-03-26T17:00:00+00:00,Transaction 2180,ZW,5118.556521739131,17850.43,46,0.019536757985437466,0.005602105943666343
2170,CUST00344,CUST00344,ACC98421,6449.78,deposit,online,2024-03-28T01:00:00+00:00,Transaction 2170,CA,5011.778723404256,17850.43,47,1.2869243348435342,0.361323508733403
2162,CUST00344,CUST00344,ACC31552,100.0,deposit,branch,2024-03-30T15:00:00+00:00,Transaction 2162,ZW,5041.737083333333,17850.43,48,0.019834433717413367,0.005602105943666343
2175,CUST00344,CUST00344,ACC76093,1364.88,withdraw,card,2024-03-30T21:00:00+00:00,Transaction 2175,ZW,4940.885306122449,17850.43,49,0.276241992160539,0.07646202360391319
2231,CUST00345,CUST00345,ACC99759,1513.86,withdraw,card,2024-01-02T12:00:00+00:00,Transaction 2231,ZW,1513.86,1513.86,0,1.0,1.0
2222,CUST00345,CUST00345,ACC90059,1413.44,transfer,atm,2024-01-02T17:00:00+00:00,Transaction 2222,ZW,1513.86,1513.86,1,0.9336662571175671,0.9336662571175671
2212,CUST00345,CUST00345,ACC11723,2428.02,withdraw,online,2024-01-04T10:00:00+00:00,Transaction 2212,ZW,1463.65,1513.86,2,1.658880196768353,1.6038603305457573
2238,CUST00345,CUST00345,ACC65214,2250.9,deposit,mobile,2024-01-05T20:00:00+00:00,Transaction 2238,ZW,1785.1066666666666,2428.02,3,1.260933053487,0.9270516717325228
2232,CUST00345,CUST00345,ACC25681,1638.69,withdraw,mobile,2024-01-06T09:00:00+00:00,Transaction 2232,ZW,1901.5549999999998,2428.02,4,0.8617631359597804,0.6749079496873996
2235,CUST00345,CUST00345,ACC16145,100.0,withdraw,mobile,2024-01-08T18:00:00+00:00,Transaction 2235,ZW,1848.982,2428.02,5,0.054083814769424476,0.04118582219256843
2224,CUST00345,CUST00345,ACC48070,113.27,withdraw,atm,2024-01-09T14:00:00+00:00,Transaction 2224,ZW,1557.485,2428.02,6,0.07272622208239565,0.04665118079752226
2214,CUST00345,CUST00345,ACC85062,511.81,withdraw,card,2024-01-11T11:00:00+00:00,Transaction 2214,ZW,1351.1685714285716,2428.02,7,0.3787906341389146,0.21079315656378447
2208,CUST00345,CUST00345,ACC77700,2217.83,withdraw,mobile,2024-01-14T09:00:00+00:00,Transaction 2208,ZW,1246.24875,2428.02,8,1.7796045933847475,0.9134315203334404
2202,CUST00345,CUST00345,ACC10138,4667.14,withdraw,atm,2024-01-18T11:00:00+00:00,Transaction 2202,ZW,1354.2022222222222,2428.02,9,3.4464128941845225,1.9221999818782385
2207,CUST00345,CUST00345,ACC85598,2765.04,transfer,atm,2024-01-21T11:00:00+00:00,Transaction 2207,ZW,1685.4959999999999,4667.14,10,1.640490395705478,0.5924484802255771
2215,CUST00345,CUST00345,ACC42689,3248.57,withdraw,mobile,2024-01-24T10:00:00+00:00,Transaction 2215,ZW,1783.6363636363637,4667.14,11,1.8213185524974516,0.6960515433434609
2245,CUST00345,CUST00345,ACC79752,714.06,withdraw,branch,2024-01-25T15:00:00+00:00,Transaction 2245,ZW,1905.7141666666666,4667.14,12,0.3746941763302209,0.15299733884134606
2211,CUST00345,CUST00345,ACC85811,947.41,transfer,online,2024-02-01T08:00:00+00:00,Transaction 2211,ZW,1814.0484615384617,4667.14,13,0.5222627840915114,0.2029958389934735
2216,CUST00345,CUST00345,ACC93311,2008.18,transfer,atm,2024-02-02T05:00:00+00:00,Transaction 2216,ZW,1752.1457142857143,4667.14,14,1.1461261375847736,0.43028064296335655
2203,CUST00345,CUST00345,ACC59900,1336.45,transfer,branch,2024-02-02T08:00:00+00:00,Transaction 2203,ZW,1769.2146666666667,4667.14,15,0.7553916577675518,0.28635309847144075
2241,CUST00345,CUST00345,ACC84200,100.0,withdraw,mobile,2024-02-02T11:00:00+00:00,Transaction 2241,ZW,1742.166875,4667.14,16,0.05739978267007287,0.02142639817961321
2223,CUST00345,CUST00345,ACC74539,1054.05,withdraw,card,2024-02-03T06:00:00+00:00,Transaction 2223,ZW,1645.5688235294117,4667.14,17,0.6405383870479974,0.22584495001221302
2204,CUST00345,CUST00345,ACC66166,1471.99,transfer,mobile,2024-02-03T10:00:00+00:00,Transaction 2204,ZW,1612.7066666666665,4667.14,18,0.9127450331947121,0.3153944385640885
2233,CUST00345,CUST00345,ACC86922,100.0,withdraw,online,2024-02-03T11:00:00+00:00,Transaction 2233,ZW,1605.3005263157895,4667.14,19,0.062293631853160135,0.02142639817961321
2249,CUST00345,CUST00345,ACC18816,1257.82,withdraw,mobile,2024-02-08T05:00:00+00:00,Transaction 2249,ZW,1530.0355,4667.14,20,0.8220855006305409,0.2695055215828109
2221,CUST00345,CUST00345,ACC91829,100.0,deposit,mobile,2024-02-08T10:00:00+00:00,Transaction 2221,ZW,1517.0728571428572,4667.14,21,0.06591641233917572,0.02142639817961321
2213,CUST00345,CUST00345,ACC37560,3815.28,withdraw,online,2024-02-09T11:00:00+00:00,Transaction 2213,ZW,1452.6604545454545,4667.14,22,2.62640866147473,0.8174770844671468
2242,CUST00345,CUST00345,ACC40509,100.0,withdraw,card,2024-02-09T15:00:00+00:00,Transaction 2242,ZW,1555.3830434782608,4667.14,23,0.06429284440209193,0.02142639817961321
2205,CUST00345,CUST00345,ACC65443,3869.87,withdraw,card,2024-02-10T08:00:00+00:00,Transaction 2205,ZW,1494.7420833333333,4667.14,24,2.5889884570387145,0.8291737552333976
2206,CUST00345,CUST00345,ACC20218,500.84,transfer,card,2024-02-10T11:00:00+00:00,Transaction 2206,ZW,1589.7472,4667.14,25,0.3150438006747236,0.1073119726427748
2220,CUST00345,CUST00345,ACC48087,4668.88,withdraw,atm,2024-02-12T05:00:00+00:00,Transaction 2220,ZW,1547.8661538461538,4667.14,26,3.016333155420912,1.0003728193283252
2250,CUST00345,CUST00345,ACC44945,1793.78,transfer,card,2024-02-12T19:00:00+00:00,Transaction 2250,ZW,1663.459259259259,4668.88,27,1.0783432116027736,0.3841992083754562
2201,CUST00345,CUST00345,ACC84601,350.55,deposit,branch,2024-02-15T11:00:00+00:00,Transaction 2201,ZW,1668.1135714285713,4668.88,28,0.21014756189519473,0.07508224670584808
2244,CUST00345,CUST00345,ACC41155,3033.99,withdraw,atm,2024-02-15T13:00:00+00:00,Transaction 2244,ZW,1622.6803448275862,4668.88,29,1.8697397855782674,0.6498325080104864
2229,CUST00345,CUST00345,ACC53872,2222.61,transfer,card,2024-02-19T09:00:00+00:00,Transaction 2229,ZW,1669.7239999999997,4668.88,30,1.3311241857935805,0.4760477887630438
2234,CUST00345,CUST00345,ACC60608,100.0,deposit,card,2024-02-20T18:00:00+00:00,Transaction 2234,ZW,1687.5590322580642,4668.88,31,0.05925718631969482,0.02141841298127174
2210,CUST00345,CUST00345,ACC77294,100.0,withdraw,card,2024-02-21T09:00:00+00:00,Transaction 2210,ZW,1637.9478125,4668.88,32,0.06105200619754178,0.02141841298127174
2227,CUST00345,CUST00345,ACC40795,3229.95,transfer,mobile,2024-02-23T07:00:00+00:00,Transaction 2227,ZW,1591.3433333333335,4668.88,33,2.029700274191825,0.6918040300885865
2247,CUST00345,CUST00345,ACC36695,1556.67,transfer,mobile,2024-02-23T09:00:00+00:00,Transaction 2247,ZW,1639.5376470588235,4668.88,34,0.9494566976199174,0.3334140093555628
2218,CUST00345,CUST00345,ACC91307,1281.2,transfer,card,2024-02-26T18:00:00+00:00,Transaction 2218,ZW,1637.1699999999998,4668.88,35,0.7825699224881962,0.27441270711605353
2237,CUST00345,CUST00345,ACC83047,2497.15,transfer,card,2024-02-27T18:00:00+00:00,Transaction 2237,ZW,1627.2819444444442,4668.88,36,1.5345527605251774,0.5348498997618273
2230,CUST00345,CUST00345,ACC64310,2949.58,transfer,card,2024-02-28T17:00:00+00:00,Transaction 2230,ZW,1650.7918918918917,4668.88,37,1.786766711471808,0.631753225612995
2236,CUST00345,CUST00345,ACC32121,100.0,transfer,online,2024-02-29T02:00:00+00:00,Transaction 2236,ZW,1684.9705263157894,4668.88,38,0.059348219116123854,0.02141841298127174
2239,CUST00345,CUST00345,ACC53453,3774.7,transfer,mobile,2024-03-02T01:00:00+00:00,Transaction 2239,ZW,1644.3302564102564,4668.88,39,2.2955850780490787,0.8084808348040643
2217,CUST00345,CUST00345,ACC50030,1968.09,withdraw,mobile,2024-03-04T18:00:00+00:00,Transaction 2217,ZW,1697.5895,4668.88,40,1.1593438814271648,0.42153364404311094
2209,CUST00345,CUST00345,ACC94520,1804.73,transfer,mobile,2024-03-05T11:00:00+00:00,Transaction 2209,ZW,1704.1870731707318,4668.88,41,1.0589975880066986,0.38654452459690547
2226,CUST00345,CUST00345,ACC65365,3062.26,transfer,atm,2024-03-06T05:00:00+00:00,Transaction 2226,ZW,1706.5809523809523,4668.88,42,1.7943830884363614,0.6558874933602921
2228,CUST00345,CUST00345,ACC69239,644.42,transfer,online,2024-03-12T14:00:00+00:00,Transaction 2228,ZW,1738.108372093023,4668.88,43,0.3707593901201868,0.13802453693391134
2240,CUST00345,CUST00345,ACC32713,100.0,deposit,mobile,2024-03-14T00:00:00+00:00,Transaction 2240,ZW,1713.251818181818,4668.88,44,0.05836853575099347,0.02141841298127174
2225,CUST00345,CUST00345,ACC62535,2612.83,transfer,online,2024-03-15T12:00:00+00:00,Transaction 2225,ZW,1677.4017777777774,4668.88,45,1.557664976044963,0.5596267198985624
2243,CUST00345,CUST00345,ACC77063,1351.84,transfer,card,2024-03-18T22:00:00+00:00,Transaction 2243,ZW,1697.7371739130433,4668.88,46,0.796259880959195,0.28954267404602385
2248,CUST00345,CUST00345,ACC20630,2669.21,transfer,online,2024-03-23T13:00:00+00:00,Transaction 2248,ZW,1690.3776595744678,4668.88,47,1.579061332762728,0.5717024211374034
2246,CUST00345,CUST00345,ACC77287,4929.44,transfer,online,2024-03-23T22:00:00+00:00,Transaction 2246,ZW,1710.7699999999998,4668.88,48,2.8814159705863442,1.0558078168640015
2219,CUST00345,CUST00345,ACC84450,100.0,withdraw,online,2024-03-26T15:00:00+00:00,Transaction 2219,ZW,1776.4571428571428,4929.44,49,0.05629181677817808,0.020286279983121817
2266,CUST00346,CUST00346,ACC34403,887.94,transfer,branch,2024-01-02T19:00:00+00:00,Transaction 2266,ZW,887.94,887.94,0,1.0,1.0
2277,CUST00346,CUST00346,ACC45896,2837.94,transfer,card,2024-01-04T08:00:00+00:00,Transaction 2277,NG,887.94,887.94,1,3.19609433069802,3.19609433069802
2264,CUST00346,CUST00346,ACC35669,100.0,withdraw,card,2024-01-04T11:00:00+00:00,Transaction 2264,ZW,1862.94,2837.94,2,0.053678594050264636,0.035236826712333594
2290,CUST00346,CUST00346,ACC99769,1879.65,withdraw,card,2024-01-04T20:00:00+00:00,Transaction 2290,ZW,1275.2933333333333,2837.94,3,1.4738962016581807,0.6623290132983785
2274,CUST00346,CUST00346,ACC39897,414.99,deposit,mobile,2024-01-05T06:00:00+00:00,Transaction 2274,ZW,1426.3825000000002,2837.94,4,0.2909387909624522,0.14622930717351318
2278,CUST00346,CUST00346,ACC91625,3356.42,deposit,card,2024-01-05T10:00:00+00:00,Transaction 2278,ZW,1224.104,2837.94,5,2.7419402273009483,1.1826958991381071
2261,CUST00346,CUST00346,ACC27669,100.0,withdraw,card,2024-01-06T11:00:00+00:00,Transaction 2261,ZW,1579.49,3356.42,6,0.06331157525530393,0.029793649185739568
2295,CUST00346,CUST00346,ACC41867,2152.87,transfer,card,2024-01-10T11:00:00+00:00,Transaction 2295,ZW,1368.1342857142859,3356.42,7,1.5735809141542076,0.6414185352250313
2293,CUST00346,CUST00346,ACC63350,1291.63,withdraw,online,2024-01-12T06:00:00+00:00,Transaction 2293,ZW,1466.2262500000002,3356.42,8,0.880921344847018,0.384823710977768
2259,CUST00346,CUST00346,ACC55078,1233.16,deposit,mobile,2024-01-12T11:00:00+00:00,Transaction 2259,ZW,1446.8266666666668,3356.42,9,0.8523204806841639,0.36740336429886605
2284,CUST00346,CUST00346,ACC48899,100.0,transfer,branch,2024-01-15T11:00:00+00:00,Transaction 2284,ZW,1425.4600000000003,3356.42,10,0.07015279278268066,0.029793649185739568
2252,CUST00346,CUST00346,ACC19606,886.16,withdraw,card,2024-01-18T08:00:00+00:00,Transaction 2252,ZW,1304.9636363636366,3356.42,11,0.6790687305811376,0.2640194016243497
2255,CUST00346,CUST00346,ACC29377,100.0,transfer,online,2024-01-19T10:00:00+00:00,Transaction 2255,ZW,1270.0633333333335,3356.42,12,0.07873623100160358,0.029793649185739568
2297,CUST00346,CUST00346,ACC48234,100.0,deposit,branch,2024-01-20T02:00:00+00:00,Transaction 2297,ZW,1180.0584615384616,3356.42,13,0.0847415643032027,0.029793649185739568
2260,CUST00346,CUST00346,ACC39257,1230.12,transfer,mobile,2024-01-25T08:00:00+00:00,Transaction 2260,ZW,1102.9114285714288,3356.42,14,1.1153388822829962,0.3664976373636195
2276,CUST00346,CUST00346,ACC41115,223.81,transfer,card,2024-01-29T22:00:00+00:00,Transaction 2276,ZW,1111.392,3356.42,15,0.20137809161843886,0.06668116624260373
2285,CUST00346,CUST00346,ACC31674,2127.33,deposit,online,2024-01-30T02:00:00+00:00,Transaction 2285,ZW,1055.918125,3356.42,16,2.0146732494055826,0.6338092372229935
2286,CUST00346,CUST00346,ACC26556,2256.04,transfer,branch,2024-02-04T19:00:00+00:00,Transaction 2286,ZW,1118.9423529411763,3356.42,17,2.016225406134575,0.6721566430899589
2267,CUST00346,CUST00346,ACC83422,2223.97,deposit,card,2024-02-06T10:00:00+00:00,Transaction 2267,ZW,1182.1144444444444,3356.42,18,1.881349145551803,0.6626018197960922
2300,CUST00346,CUST00346,ACC23290,1436.3,withdraw,branch,2024-02-07T01:00:00+00:00,Transaction 2300,ZW,1236.948947368421,3356.42,19,1.1611635250231576,0.4279261832547774
2256,CUST00346,CUST00346,ACC22549,100.0,transfer,online,2024-02-07T08:00:00+00:00,Transaction 2256,ZW,1246.9164999999998,3356.42,20,0.08019783201200723,0.029793649185739568
2298,CUST00346,CUST00346,ACC98642,100.0,transfer,card,2024-02-08T06:00:00+00:00,Transaction 2298,ZW,1192.3014285714285,3356.42,21,0.0838714083567075,0.029793649185739568
2282,CUST00346,CUST00346,ACC88535,1697.87,deposit,online,2024-02-09T01:00:00+00:00,Transaction 2282,ZW,1142.6513636363636,3356.42,22,1.485903797109832,0.5058574314299163
2263,CUST00346,CUST00346,ACC90017,849.44,withdraw,mobile,2024-02-10T08:00:00+00:00,Transaction 2263,ZW,1166.7913043478259,3356.42,23,0.7280136531997826,0.2530791736433462
2279,CUST00346,CUST00346,ACC27385,2112.29,withdraw,online,2024-02-12T07:00:00+00:00,Transaction 2279,ZW,1153.5683333333334,3356.42,24,1.8310922196488864,0.6293282723854583
2253,CUST00346,CUST00346,ACC19066,716.58,transfer,online,2024-02-12T09:00:00+00:00,Transaction 2253,ZW,1191.9172,3356.42,25,0.6011994792926891,0.2134953313351726
2288,CUST00346,CUST00346,ACC33658,1016.95,deposit,online,2024-02-12T18:00:00+00:00,Transaction 2288,ZA,1173.6350000000002,3356.42,26,0.8664959719163111,0.30298651539437854
2296,CUST00346,CUST00346,ACC15694,100.0,transfer,card,2024-02-13T06:00:00+00:00,Transaction 2296,ZW,1167.831851851852,3356.42,27,0.08562876568354272,0.029793649185739568
2299,CUST00346,CUST00346,ACC17233,100.0,transfer,online,2024-02-16T10:00:00+00:00,Transaction 2299,ZW,1129.6950000000002,3356.42,28,0.08851946764392157,0.029793649185739568
2265,CUST00346,CUST00346,ACC12652,686.98,transfer,card,2024-02-23T11:00:00+00:00,Transaction 2265,ZW,1094.188275862069,3356.42,29,0.6278444168657855,0.20467641117619367
2294,CUST00346,CUST00346,ACC96599,831.91,deposit,mobile,2024-02-27T01:00:00+00:00,Transaction 2294,ZW,1080.6146666666668,3356.42,30,0.7698488884721163,0.24785634694108602
2281,CUST00346,CUST00346,ACC50149,100.0,deposit,online,2024-02-27T02:00:00+00:00,Transaction 2281,ZW,1072.591935483871,3356.42,31,0.09323210131622674,0.029793649185739568
2257,CUST00346,CUST00346,ACC19542,441.46,transfer,card,2024-02-27T11:00:00+00:00,Transaction 2257,ZW,1042.1984375,3356.42,32,0.4235853596738865,0.1315270436953659
2272,CUST00346,CUST00346,ACC69741,100.0,transfer,card,2024-02-28T02:00:00+00:00,Transaction 2272,ZW,1023.9942424242423,3356.42,33,0.09765679908829981,0.029793649185739568
2270,CUST00346,CUST00346,ACC87496,100.0,withdraw,online,2024-02-28T17:00:00+00:00,Transaction 2270,ZW,996.8179411764705,3356.42,34,0.10031922166446702,0.029793649185739568
2268,CUST00346,CUST00346,ACC19990,100.0,transfer,card,2024-03-02T19:00:00+00:00,Transaction 2268,CA,971.1945714285714,3356.42,35,0.10296597915792069,0.029793649185739568
2280,CUST00346,CUST00346,ACC92707,3494.2,transfer,mobile,2024-03-06T01:00:00+00:00,Transaction 2280,ZW,946.9947222222222,3356.42,36,3.6897776914748732,1.0410496898481119
2254,CUST00346,CUST00346,ACC30936,674.87,transfer,atm,2024-03-06T10:00:00+00:00,Transaction 2254,ZW,1015.8381081081079,3494.2,37,0.6643479847954067,0.1931400606719707
2289,CUST00346,CUST00346,ACC26329,100.0,transfer,online,2024-03-07T00:00:00+00:00,Transaction 2289,ZW,1006.8652631578947,3494.2,38,0.09931815473141235,0.028618854101081795
2258,CUST00346,CUST00346,ACC13331,100.0,transfer,mobile,2024-03-07T08:00:00+00:00,Transaction 2258,ZW,983.6123076923076,3494.2,39,0.10166607231116702,0.028618854101081795
2292,CUST00346,CUST00346,ACC73717,100.0,withdraw,online,2024-03-10T18:00:00+00:00,Transaction 2292,ZA,961.5219999999999,3494.2,40,0.10400178051048235,0.028618854101081795
2283,CUST00346,CUST00346,ACC41521,1863.03,transfer,online,2024-03-14T14:00:00+00:00,Transaction 2283,ZW,940.5092682926829,3494.2,41,1.9808736211414262,0.5331778375593842
2287,CUST00346,CUST00346,ACC80752,1834.23,withdraw,online,2024-03-15T03:00:00+00:00,Transaction 2287,ZW,962.4740476190475,3494.2,42,1.9057448920700648,0.5249356075782726
2251,CUST00346,CUST00346,ACC45373,1306.02,withdraw,online,2024-03-15T09:00:00+00:00,Transaction 2251,ZW,982.7474418604651,3494.2,43,1.3289477482918084,0.37376795833094845
2275,CUST00346,CUST00346,ACC97689,1920.59,withdraw,mobile,2024-03-17T22:00:00+00:00,Transaction 2275,ZW,990.0945454545454,3494.2,44,1.9398046467554981,0.5496508499799668
2271,CUST00346,CUST00346,ACC52260,100.0,transfer,card,2024-03-19T19:00:00+00:00,Transaction 2271,ZW,1010.772222222222,3494.2,45,0.0989342581854358,0.028618854101081795
2269,CUST00346,CUST00346,ACC74818,100.0,withdraw,mobile,2024-03-27T02:00:00+00:00,Transaction 2269,ZW,990.9728260869564,3494.2,46,0.10091094061062089,0.028618854101081795
2262,CUST00346,CUST00346,ACC10440,121.08,withdraw,online,2024-03-28T08:00:00+00:00,Transaction 2262,ZW,972.0159574468083,3494.2,47,0.12456585622116792,0.034651708545589834
2273,CUST00346,CUST00346,ACC71481,2255.98,transfer,branch,2024-03-29T06:00:00+00:00,Transaction 2273,ZW,954.288125,3494.2,48,2.3640449261589627,0.645635624749585
2291,CUST00346,CUST00346,ACC73132,100.0,transfer,mobile,2024-03-30T02:00:00+00:00,Transaction 2291,ZW,980.8532653061226,3494.2,49,0.10195204883045393,0.028618854101081795
2337,CUST00347,CUST00347,ACC49691,923.57,withdraw,card,2024-01-01T01:00:00+00:00,Transaction 2337,ZW,923.57,923.57,0,1.0,1.0
2343,CUST00347,CUST00347,ACC24562,1228.02,transfer,card,2024-01-01T10:00:00+00:00,Transaction 2343,AU,923.57,923.57,1,1.3296447480970581,1.3296447480970581
2327,CUST00347,CUST00347,ACC63379,877.44,deposit,card,2024-01-02T03:00:00+00:00,Transaction 2327,ZW,1075.795,1228.02,2,0.8156200763156549,0.714516050227195
2342,CUST00347,CUST00347,ACC89381,100.0,withdraw,card,2024-01-03T15:00:00+00:00,Transaction 2342,ZW,1009.6766666666667,1228.02,3,0.09904160737926002,0.08143189850328171
2307,CUST00347,CUST00347,ACC34235,1853.25,transfer,card,2024-01-04T10:00:00+00:00,Transaction 2307,ZW,782.2575,1228.02,4,2.3691048024467647,1.5091366590120683
2338,CUST00347,CUST00347,ACC87802,1463.49,withdraw,online,2024-01-05T00:00:00+00:00,Transaction 2338,ZW,996.4560000000001,1853.25,5,1.4686950552758975,0.7896883852691218
2333,CUST00347,CUST00347,ACC24949,694.84,withdraw,mobile,2024-01-05T21:00:00+00:00,Transaction 2333,ZW,1074.295,1853.25,6,0.6467869626126902,0.3749305274517739
2321,CUST00347,CUST00347,ACC31081,987.61,transfer,mobile,2024-01-06T18:00:00+00:00,Transaction 2321,ZW,1020.0871428571429,1853.25,7,0.9681623838859705,0.5329070551733441
2332,CUST00347,CUST00347,ACC39409,775.96,withdraw,atm,2024-01-08T02:00:00+00:00,Transaction 2332,ZW,1016.0274999999999,1853.25,8,0.763719485939111,0.41870227977876706
2340,CUST00347,CUST00347,ACC16187,393.83,withdraw,branch,2024-01-08T05:00:00+00:00,Transaction 2340,ZW,989.3533333333334,1853.25,9,0.39806809835380685,0.21250775664373397
2302,CUST00347,CUST00347,ACC30944,1010.15,transfer,atm,2024-01-12T11:00:00+00:00,Transaction 2302,ZW,929.801,1853.25,10,1.0864152652019088,0.5450694725482261
2325,CUST00347,CUST00347,ACC17701,747.72,deposit,mobile,2024-01-16T11:00:00+00:00,Transaction 2325,SG,937.1054545454546,1853.25,11,0.7979037966038556,0.4034641845406718
2318,CUST00347,CUST00347,ACC68795,282.24,transfer,online,2024-01-16T16:00:00+00:00,Transaction 2318,ZW,921.3233333333333,1853.25,12,0.3063419646378217,0.15229461756373938
2348,CUST00347,CUST00347,ACC29263,759.38,deposit,mobile,2024-01-18T07:00:00+00:00,Transaction 2348,ZW,872.1630769230768,1853.25,13,0.8706857927063747,0.40975583434506946
2312,CUST00347,CUST00347,ACC34719,100.0,withdraw,card,2024-01-21T10:00:00+00:00,Transaction 2312,ZW,864.1071428571428,1853.25,14,0.11572638974994835,0.05395926075812761
2313,CUST00347,CUST00347,ACC58331,100.0,transfer,card,2024-01-25T09:00:00+00:00,Transaction 2313,ZW,813.1666666666665,1853.25,15,0.12297601967616317,0.05395926075812761
2310,CUST00347,CUST00347,ACC85981,749.75,transfer,mobile,2024-01-27T09:00:00+00:00,Transaction 2310,ZW,768.59375,1853.25,16,0.9754828217117301,0.4045595575340618
2345,CUST00347,CUST00347,ACC27101,424.11,transfer,card,2024-01-28T16:00:00+00:00,Transaction 2345,ZW,767.4852941176471,1853.25,17,0.5525969073942785,0.22884662080129503
2308,CUST00347,CUST00347,ACC52345,865.38,deposit,online,2024-02-03T11:00:00+00:00,Transaction 2308,ZW,748.4088888888889,1853.25,18,1.156293054301867,0.46695265074868475
2326,CUST00347,CUST00347,ACC59912,958.8,transfer,card,2024-02-05T18:00:00+00:00,Transaction 2326,ZW,754.5652631578947,1853.25,19,1.2706654371914397,0.5173613921489275
2303,CUST00347,CUST00347,ACC49814,406.17,withdraw,mobile,2024-02-08T08:00:00+00:00,Transaction 2303,ZW,764.7769999999999,1853.25,20,0.5310959926880647,0.21916632942128694
2330,CUST00347,CUST00347,ACC52647,1190.37,transfer,mobile,2024-02-08T08:00:00+00:00,Transaction 2330,ZW,747.7004761904761,1853.25,21,1.592041249010458,0.6423148522865236
2323,CUST00347,CUST00347,ACC59593,601.01,transfer,atm,2024-02-08T21:00:00+00:00,Transaction 2323,ZW,767.8218181818181,1853.25,22,0.7827467073326672,0.3243005530824228
2320,CUST00347,CUST00347,ACC37910,814.42,transfer,mobile,2024-02-13T22:00:00+00:00,Transaction 2320,ZW,760.5691304347824,1853.25,23,1.070803385794048,0.4394550114663429
2346,CUST00347,CUST00347,ACC68291,1079.4,withdraw,online,2024-02-14T00:00:00+00:00,Transaction 2346,ZW,762.8129166666666,1853.25,24,1.4150258555095698,0.5824362606232295
2328,CUST00347,CUST00347,ACC97905,568.37,deposit,card,2024-02-15T02:00:00+00:00,Transaction 2328,ZW,775.4764,1853.25,25,0.7329301059323018,0.3066882503709699
2336,CUST00347,CUST00347,ACC72338,496.62,transfer,card,2024-02-15T04:00:00+00:00,Transaction 2336,ZW,767.5107692307691,1853.25,26,0.6470528100833465,0.26797248077701336
2324,CUST00347,CUST00347,ACC93516,692.01,deposit,online,2024-02-18T12:00:00+00:00,Transaction 2324,ZW,757.4777777777776,1853.25,27,0.9135713552286097,0.3734034803723189
2335,CUST00347,CUST00347,ACC96100,456.06,transfer,mobile,2024-02-19T05:00:00+00:00,Transaction 2335,ZW,755.1396428571427,1853.25,28,0.6039412767080451,0.2460866046135168
2349,CUST00347,CUST00347,ACC24514,636.19,withdraw,online,2024-02-23T22:00:00+00:00,Transaction 2349,ZW,744.8265517241379,1853.25,29,0.8541451677942147,0.3432834210171321
2301,CUST00347,CUST00347,ACC97893,776.62,deposit,online,2024-02-24T08:00:00+00:00,Transaction 2301,ZW,741.2053333333332,1853.25,30,1.047779832489063,0.4190584108997707
2317,CUST00347,CUST00347,ACC37033,1100.4,deposit,card,2024-02-26T18:00:00+00:00,Transaction 2317,FR,742.3477419354837,1853.25,31,1.482324169439764,0.5937677053824363
2314,CUST00347,CUST00347,ACC30495,792.84,deposit,mobile,2024-02-28T09:00:00+00:00,Transaction 2314,ZW,753.536875,1853.25,32,1.052158197301227,0.427810602994739
2305,CUST00347,CUST00347,ACC22833,738.84,deposit,card,2024-02-29T10:00:00+00:00,Transaction 2305,FR,754.7278787878788,1853.25,33,0.9789488645716979,0.39867260218535006
2304,CUST00347,CUST00347,ACC25009,1909.68,withdraw,atm,2024-03-01T09:00:00+00:00,Transaction 2304,ZW,754.2605882352941,1853.25,34,2.5318570660943363,1.0304492108458114
2316,CUST00347,CUST00347,ACC32112,764.54,transfer,online,2024-03-02T04:00:00+00:00,Transaction 2316,ZW,787.2725714285715,1909.68,35,0.9711249035549131,0.40034979682459887
2341,CUST00347,CUST00347,ACC67350,1171.52,transfer,atm,2024-03-02T22:00:00+00:00,Transaction 2341,ZW,786.6411111111112,1909.68,36,1.4892687191815552,0.613464035859411
2309,CUST00347,CUST00347,ACC41561,1097.64,deposit,card,2024-03-07T08:00:00+00:00,Transaction 2309,ZW,797.0432432432433,1909.68,37,1.3771398343879067,0.574776925977127
2315,CUST00347,CUST00347,ACC80647,375.23,transfer,card,2024-03-09T09:00:00+00:00,Transaction 2315,ZW,804.9536842105264,1909.68,38,0.4661510436690702,0.19648841690754473
2344,CUST00347,CUST00347,ACC20756,1133.73,transfer,online,2024-03-14T01:00:00+00:00,Transaction 2344,ZW,793.9351282051282,1909.68,39,1.4279882067481455,0.5936753801684052
2334,CUST00347,CUST00347,ACC20246,1995.9,withdraw,card,2024-03-15T07:00:00+00:00,Transaction 2334,ZW,802.43,1909.68,40,2.487319766210137,1.045148925474425
2319,CUST00347,CUST00347,ACC91302,1751.4,transfer,online,2024-03-15T17:00:00+00:00,Transaction 2319,ZW,831.5390243902439,1995.9,41,2.106215040580059,0.8774988726890125
2329,CUST00347,CUST00347,ACC77737,868.22,withdraw,online,2024-03-20T17:00:00+00:00,Transaction 2329,SG,853.4404761904761,1995.9,42,1.0173175801029448,0.4350017535948695
2347,CUST00347,CUST00347,ACC30558,1526.04,deposit,mobile,2024-03-21T02:00:00+00:00,Transaction 2347,ZW,853.7841860465116,1995.9,43,1.7873837732535207,0.764587404178566
2322,CUST00347,CUST00347,ACC11293,882.78,transfer,card,2024-03-22T03:00:00+00:00,Transaction 2322,ZW,869.0627272727273,1995.9,44,1.0157839846271164,0.4422967082519164
2306,CUST00347,CUST00347,ACC36364,912.74,transfer,online,2024-03-24T10:00:00+00:00,Transaction 2306,ZW,869.3675555555556,1995.9,45,1.0498896515832454,0.4573074803346861
2350,CUST00347,CUST00347,ACC61571,726.78,transfer,online,2024-03-25T20:00:00+00:00,Transaction 2350,ZW,870.3104347826087,1995.9,46,0.8350813352956516,0.36413647978355623
2339,CUST00347,CUST00347,ACC38845,832.93,deposit,mobile,2024-03-26T14:00:00+00:00,Transaction 2339,ZW,867.2565957446808,1995.9,47,0.9604193315875494,0.4173205070394308
2331,CUST00347,CUST00347,ACC53929,603.54,withdraw,online,2024-03-27T15:00:00+00:00,Transaction 2331,ZW,866.5414583333333,1995.9,48,0.6964929308296703,0.30238989929355176
2311,CUST00347,CUST00347,ACC74237,104.81,transfer,card,2024-03-29T09:00:00+00:00,Transaction 2311,ZW,861.174081632653,1995.9,49,0.12170593871252654,0.05251265093441555
2386,CUST00348,CUST00348,ACC73181,422.5,deposit,card,2024-01-01T20:00:00+00:00,Transaction 2386,ZW,422.5,422.5,0,1.0,1.0
2383,CUST00348,CUST00348,ACC98745,100.0,transfer,online,2024-01-06T06:00:00+00:00,Transaction 2383,ZW,422.5,422.5,1,0.23668639053254437,0.23668639053254437
2380,CUST00348,CUST00348,ACC20892,248.95,transfer,mobile,2024-01-06T14:00:00+00:00,Transaction 2380,ZW,261.25,422.5,2,0.9529186602870813,0.5892307692307692
2369,CUST00348,CUST00348,ACC10090,100.0,transfer,mobile,2024-01-07T17:00:00+00:00,Transaction 2369,ZW,257.15000000000003,422.5,3,0.3888780867198133,0.23668639053254437
2355,CUST00348,CUST00348,ACC14232,100.0,transfer,branch,2024-01-08T18:00:00+00:00,Transaction 2355,ZW,217.8625,422.5,4,0.45900510643180903,0.23668639053254437
2351,CUST00348,CUST00348,ACC35878,1853.08,transfer,mobile,2024-01-08T21:00:00+00:00,Transaction 2351,ZW,194.29000000000002,422.5,5,9.537701374234391,4.385988165680473
2367,CUST00348,CUST00348,ACC49934,170.88,transfer,online,2024-01-10T15:00:00+00:00,Transaction 2367,ZW,470.75499999999994,1853.08,6,0.3629913649350512,0.09221404364625381
2378,CUST00348,CUST00348,ACC69429,1780.14,withdraw,mobile,2024-01-10T20:00:00+00:00,Transaction 2378,ZW,427.9157142857143,1853.08,7,4.160024838002144,0.9606385045437866
2391,CUST00348,CUST00348,ACC83362,2777.51,transfer,mobile,2024-01-12T16:00:00+00:00,Transaction 2391,ZW,596.94375,1853.08,8,4.652883961009727,1.498861355149265
2370,CUST00348,CUST00348,ACC77502,1596.84,transfer,mobile,2024-01-13T06:00:00+00:00,Transaction 2370,ZW,839.228888888889,2777.51,9,1.9027467013369415,0.5749178220780482
2376,CUST00348,CUST00348,ACC32978,1209.25,transfer,branch,2024-01-13T19:00:00+00:00,Transaction 2376,ZW,914.99,2777.51,10,1.3215991431600345,0.4353719698578943
2390,CUST00348,CUST00348,ACC29174,607.86,transfer,branch,2024-01-17T16:00:00+00:00,Transaction 2390,ZW,941.7409090909091,2777.51,11,0.645464154877572,0.21885069720721076
2363,CUST00348,CUST00348,ACC91446,380.18,transfer,online,2024-01-17T21:00:00+00:00,Transaction 2363,ZW,913.9175,2777.51,12,0.4159894082343319,0.13687799503872172
2393,CUST00348,CUST00348,ACC87304,2140.94,withdraw,card,2024-01-19T20:00:00+00:00,Transaction 2393,ZW,872.8607692307693,2777.51,13,2.4527852270033375,0.7708127063448916
2373,CUST00348,CUST00348,ACC61861,1504.77,withdraw,mobile,2024-01-21T14:00:00+00:00,Transaction 2373,ZW,963.4378571428572,2777.51,14,1.5618755157312392,0.5417694265727215
2358,CUST00348,CUST00348,ACC37536,1712.02,transfer,mobile,2024-01-21T20:00:00+00:00,Transaction 2358,ZW,999.5266666666668,2777.51,15,1.7128307398835447,0.6163866196701362
2385,CUST00348,CUST00348,ACC27562,2803.58,withdraw,card,2024-01-22T15:00:00+00:00,Transaction 2385,US,1044.0575,2777.51,16,2.6852735601248017,1.0093861048205046
2362,CUST00348,CUST00348,ACC96351,1851.04,transfer,mobile,2024-01-22T20:00:00+00:00,Transaction 2362,ZW,1147.5588235294117,2803.58,17,1.6130240664325808,0.6602415483060944
2375,CUST00348,CUST00348,ACC73149,1037.93,deposit,card,2024-01-24T12:00:00+00:00,Transaction 2375,ZW,1186.641111111111,2803.58,18,0.8746789490784915,0.37021593819331
2392,CUST00348,CUST00348,ACC37347,1820.53,deposit,atm,2024-01-24T19:00:00+00:00,Transaction 2392,CH,1178.814210526316,2803.58,19,1.5443739850974236,0.6493590338067756
2379,CUST00348,CUST00348,ACC26665,100.0,transfer,card,2024-01-27T05:00:00+00:00,Transaction 2379,ZW,1210.9,2803.58,20,0.08258320257659592,0.03566868075817348
2399,CUST00348,CUST00348,ACC50423,962.13,withdraw,mobile,2024-01-29T02:00:00+00:00,Transaction 2399,ZW,1158.0,2803.58,21,0.8308549222797927,0.3431790781786145
2394,CUST00348,CUST00348,ACC68405,324.87,deposit,mobile,2024-01-29T10:00:00+00:00,Transaction 2394,ZW,1149.0968181818182,2803.58,22,0.28271769172073086,0.11587684317907819
2387,CUST00348,CUST00348,ACC74042,100.0,withdraw,branch,2024-02-01T03:00:00+00:00,Transaction 2387,ZW,1113.2608695652175,2803.58,23,0.08982620581917593,0.03566868075817348
2371,CUST00348,CUST00348,ACC16226,1109.92,deposit,mobile,2024-02-02T15:00:00+00:00,Transaction 2371,ZW,1071.0416666666667,2803.58,24,1.0362995526162224,0.3958938214711191
2354,CUST00348,CUST00348,ACC92818,1783.65,withdraw,branch,2024-02-04T20:00:00+00:00,Transaction 2354,ZW,1072.5968,2803.58,25,1.662926833270433,0.6362044243431613
2353,CUST00348,CUST00348,ACC12781,2898.41,transfer,mobile,2024-02-09T21:00:00+00:00,Transaction 2353,ZW,1099.945,2803.58,26,2.6350499343148974,1.033824609962976
2377,CUST00348,CUST00348,ACC47462,927.4,deposit,atm,2024-02-11T21:00:00+00:00,Transaction 2377,ZW,1166.5548148148148,2898.41,27,0.7949905038514804,0.31996853447234863
2352,CUST00348,CUST00348,ACC36487,1760.04,withdraw,online,2024-02-15T20:00:00+00:00,Transaction 2352,ZW,1158.0135714285714,2898.41,28,1.5198785605152667,0.6072432816613247
2388,CUST00348,CUST00348,ACC67978,840.4,deposit,card,2024-02-16T15:00:00+00:00,Transaction 2388,ZW,1178.7731034482758,2898.41,29,0.7129446689456775,0.28995207717334676
2396,CUST00348,CUST00348,ACC69753,2688.85,transfer,mobile,2024-02-18T10:00:00+00:00,Transaction 2396,ZW,1167.494,2898.41,30,2.303095347813351,0.9276982897519674
2389,CUST00348,CUST00348,ACC55073,1577.43,withdraw,mobile,2024-02-19T16:00:00+00:00,Transaction 2389,ZW,1216.57,2898.41,31,1.2966208274082052,0.5442397728409715
2372,CUST00348,CUST00348,ACC58719,1701.64,deposit,card,2024-02-22T01:00:00+00:00,Transaction 2372,ZW,1227.8468750000002,2898.41,32,1.3858731366645372,0.5870943034284315
2368,CUST00348,CUST00348,ACC86255,2064.17,transfer,mobile,2024-02-25T08:00:00+00:00,Transaction 2368,ZW,1242.2042424242427,2898.41,33,1.6616993643264633,0.7121732260101229
2398,CUST00348,CUST00348,ACC90668,1891.95,deposit,online,2024-02-26T02:00:00+00:00,Transaction 2398,ZW,1266.379705882353,2898.41,34,1.4939831957286298,0.6527544412281217
2366,CUST00348,CUST00348,ACC83041,1376.63,transfer,mobile,2024-03-08T13:00:00+00:00,Transaction 2366,US,1284.2531428571428,2898.41,35,1.0719304115832973,0.4749604093278729
2359,CUST00348,CUST00348,ACC50803,1991.14,transfer,mobile,2024-03-09T18:00:00+00:00,Transaction 2359,ZW,1286.8191666666667,2898.41,36,1.5473347394706458,0.6869766527164894
2365,CUST00348,CUST00348,ACC74652,669.0,deposit,mobile,2024-03-09T20:00:00+00:00,Transaction 2365,ZW,1305.8548648648648,2898.41,37,0.5123080810892647,0.23081620612680748
2400,CUST00348,CUST00348,ACC10454,2228.83,withdraw,branch,2024-03-10T11:00:00+00:00,Transaction 2400,ZW,1289.0955263157894,2898.41,38,1.7289874602000628,0.7689836841578659
2381,CUST00348,CUST00348,ACC22260,410.48,deposit,mobile,2024-03-14T21:00:00+00:00,Transaction 2381,ZW,1313.191282051282,2898.41,39,0.3125820324962911,0.1416224757711987
2382,CUST00348,CUST00348,ACC71771,2262.38,withdraw,mobile,2024-03-16T04:00:00+00:00,Transaction 2382,ZW,1290.6235000000001,2898.41,40,1.752935693484583,0.7805589961392626
2384,CUST00348,CUST00348,ACC37443,2729.41,withdraw,card,2024-03-19T02:00:00+00:00,Transaction 2384,ZW,1314.3248780487804,2898.41,41,2.076663118522131,0.9416921691548125
2395,CUST00348,CUST00348,ACC80695,2916.36,withdraw,branch,2024-03-19T13:00:00+00:00,Transaction 2395,ZW,1348.0173809523808,2898.41,42,2.1634439148993594,1.0061930506726102
2397,CUST00348,CUST00348,ACC87620,100.0,withdraw,online,2024-03-20T13:00:00+00:00,Transaction 2397,ZW,1384.490465116279,2916.36,43,0.07222873867289603,0.034289319562742594
2364,CUST00348,CUST00348,ACC62540,1497.16,withdraw,card,2024-03-21T18:00:00+00:00,Transaction 2364,ZW,1355.2975,2916.36,44,1.1046725903353325,0.5133659767655571
2360,CUST00348,CUST00348,ACC46712,100.0,deposit,online,2024-03-21T19:00:00+00:00,Transaction 2360,ZW,1358.45,2916.36,45,0.07361330928631897,0.034289319562742594
2374,CUST00348,CUST00348,ACC49500,919.62,withdraw,online,2024-03-24T15:00:00+00:00,Transaction 2374,ZW,1331.0923913043478,2916.36,46,0.6908761600679403,0.3153314405628935
2356,CUST00348,CUST00348,ACC52038,495.56,transfer,atm,2024-03-24T20:00:00+00:00,Transaction 2356,ZW,1322.337659574468,2916.36,47,0.3747605586302916,0.1699241520251272
2357,CUST00348,CUST00348,ACC12824,100.0,transfer,mobile,2024-03-25T19:00:00+00:00,Transaction 2357,ZW,1305.113125,2916.36,48,0.07662171047433149,0.034289319562742594
2361,CUST00348,CUST00348,ACC37972,1603.12,withdraw,mobile,2024-03-28T20:00:00+00:00,Transaction 2361,ZW,1280.5189795918368,2916.36,49,1.2519299015083647,0.549698939774239
2405,CUST00349,CUST00349,ACC97331,100.0,withdraw,online,2024-01-02T15:00:00+00:00,Transaction 2405,ZW,100.0,100.0,0,1.0,1.0
2432,CUST00349,CUST00349,ACC44398,148.18,withdraw,online,2024-01-03T08:00:00+00:00,Transaction 2432,ZW,100.0,100.0,1,1.4818,1.4818
2445,CUST00349,CUST00349,ACC14669,124.31,transfer,branch,2024-01-04T05:00:00+00:00,Transaction 2445,ZW,124.09,148.18,2,1.0017729067612218,0.8389121338912133
2446,CUST00349,CUST00349,ACC11692,172.74,transfer,online,2024-01-07T03:00:00+00:00,Transaction 2446,ZW,124.16333333333334,148.18,3,1.3912319793819967,1.1657443649615333
2431,CUST00349,CUST00349,ACC66728,103.59,transfer,atm,2024-01-08T06:00:00+00:00,Transaction 2431,ZW,136.3075,172.74,4,0.7599728554921776,0.5996873914553664
2414,CUST00349,CUST00349,ACC93970,154.62,transfer,mobile,2024-01-12T14:00:00+00:00,Transaction 2414,ZW,129.764,172.74,5,1.1915477328072501,0.8951024661340743
2422,CUST00349,CUST00349,ACC39229,100.0,transfer,online,2024-01-13T00:00:00+00:00,Transaction 2422,ZW,133.90666666666667,172.74,6,0.7467888081250622,0.5789047122843579
2450,CUST00349,CUST00349,ACC73488,100.0,deposit,branch,2024-01-13T14:00:00+00:00,Transaction 2450,CA,129.06285714285715,172.74,7,0.7748162578588506,0.5789047122843579
2419,CUST00349,CUST00349,ACC58488,205.88,withdraw,online,2024-01-16T19:00:00+00:00,Transaction 2419,ZW,125.43,172.74,8,1.6413936059953758,1.1918490216510362
2401,CUST00349,CUST00349,ACC27884,100.0,deposit,atm,2024-01-26T13:00:00+00:00,Transaction 2401,SG,134.3688888888889,205.88,9,0.7442198921708066,0.48571983679813485
2415,CUST00349,CUST00349,ACC53799,100.0,withdraw,branch,2024-01-26T16:00:00+00:00,Transaction 2415,ZW,130.93200000000002,205.88,10,0.7637552317233373,0.48571983679813485
2430,CUST00349,CUST00349,ACC97919,164.98,deposit,online,2024-01-27T10:00:00+00:00,Transaction 2430,KE,128.12,205.88,11,1.2876990321573523,0.8013405867495628
2411,CUST00349,CUST00349,ACC52769,155.8,transfer,atm,2024-01-28T16:00:00+00:00,Transaction 2411,ZW,131.1916666666667,205.88,12,1.1875754303499968,0.7567515057314942
2435,CUST00349,CUST00349,ACC49878,100.0,transfer,atm,2024-01-28T19:00:00+00:00,Transaction 2435,US,133.0846153846154,205.88,13,0.7514016530836367,0.48571983679813485
2441,CUST00349,CUST00349,ACC53730,150.74,deposit,online,2024-01-30T18:00:00+00:00,Transaction 2441,ZW,130.7214285714286,205.88,14,1.153139172722802,0.7321740819895085
2417,CUST00349,CUST00349,ACC22210,102.72,transfer,online,2024-01-31T11:00:00+00:00,Transaction 2417,ZW,132.056,205.88,15,0.7778518204398134,0.4989314163590441
2447,CUST00349,CUST00349,ACC84501,198.99,transfer,branch,2024-01-31T13:00:00+00:00,Transaction 2447,ZW,130.2225,205.88,16,1.5280769452283594,0.9665339032446085
2425,CUST00349,CUST00349,ACC85797,100.0,transfer,online,2024-01-31T21:00:00+00:00,Transaction 2425,ZW,134.26764705882354,205.88,17,0.7447810562747803,0.48571983679813485
2409,CUST00349,CUST00349,ACC59492,196.57,withdraw,branch,2024-02-05T16:00:00+00:00,Transaction 2409,ZW,132.3638888888889,205.88,18,1.4850727162074246,0.9547794831940937
2413,CUST00349,CUST00349,ACC64018,176.79,deposit,mobile,2024-02-05T16:00:00+00:00,Transaction 2413,ZW,135.74315789473687,205.88,19,1.302386085176339,0.8587040994754226
2429,CUST00349,CUST00349,ACC40441,126.63,transfer,online,2024-02-06T02:00:00+00:00,Transaction 2429,ZW,137.7955,205.88,20,0.9189705033908944,0.6150670293374781
2448,CUST00349,CUST00349,ACC89688,127.08,transfer,atm,2024-02-06T06:00:00+00:00,Transaction 2448,ZW,137.26380952380956,205.88,21,0.9258084883470825,0.6172527686030698
2444,CUST00349,CUST00349,ACC20262,129.37,deposit,online,2024-02-06T14:00:00+00:00,Transaction 2444,ZW,136.8009090909091,205.88,22,0.9456808500740957,0.6283757528657471
2433,CUST00349,CUST00349,ACC79130,163.95,deposit,branch,2024-02-07T00:00:00+00:00,Transaction 2433,ZW,136.47782608695653,205.88,23,1.2012940468112354,0.796337672430542
2440,CUST00349,CUST00349,ACC48424,105.5,withdraw,mobile,2024-02-07T21:00:00+00:00,Transaction 2440,ZW,137.6225,205.88,24,0.7665897654816618,0.5124344278220323
2418,CUST00349,CUST00349,ACC14496,100.0,withdraw,mobile,2024-02-11T19:00:00+00:00,Transaction 2418,ZW,136.3376,205.88,25,0.7334733778502776,0.48571983679813485
2402,CUST00349,CUST00349,ACC51874,165.13,deposit,mobile,2024-02-12T16:00:00+00:00,Transaction 2402,ZW,134.94,205.88,26,1.2237290647695271,0.80206916650476
2443,CUST00349,CUST00349,ACC94886,100.0,deposit,atm,2024-02-14T09:00:00+00:00,Transaction 2443,ZW,136.05814814814815,205.88,27,0.7349798697180128,0.48571983679813485
2426,CUST00349,CUST00349,ACC22957,137.45,transfer,online,2024-02-14T14:00:00+00:00,Transaction 2426,ZW,134.77035714285714,205.88,28,1.0198830285379628,0.6676219156790363
2421,CUST00349,CUST00349,ACC47627,100.0,transfer,atm,2024-02-14T20:00:00+00:00,Transaction 2421,ZW,134.86275862068965,205.88,29,0.741494546179769,0.48571983679813485
2437,CUST00349,CUST00349,ACC71537,215.85,deposit,atm,2024-02-15T12:00:00+00:00,Transaction 2437,ZW,133.70066666666668,205.88,30,1.6144272529182102,1.0484262677287741
2428,CUST00349,CUST00349,ACC25854,100.0,transfer,atm,2024-02-17T05:00:00+00:00,Transaction 2428,ZW,136.35064516129032,215.85,31,0.7334032037890922,0.46328468844104703
2407,CUST00349,CUST00349,ACC66097,100.0,transfer,online,2024-02-18T16:00:00+00:00,Transaction 2407,ZW,135.2146875,215.85,32,0.7395646275483202,0.46328468844104703
2423,CUST00349,CUST00349,ACC67498,100.0,transfer,branch,2024-02-20T08:00:00+00:00,Transaction 2423,NG,134.14757575757577,215.85,33,0.7454476865143995,0.46328468844104703
2412,CUST00349,CUST00349,ACC85852,210.86,deposit,atm,2024-02-20T16:00:00+00:00,Transaction 2412,ZW,133.14323529411763,215.85,34,1.5837079483174912,0.9768820940467918
2420,CUST00349,CUST00349,ACC67197,203.24,deposit,online,2024-02-28T06:00:00+00:00,Transaction 2420,ZW,135.36371428571428,215.85,35,1.5014363418768062,0.9415798007875841
2434,CUST00349,CUST00349,ACC48710,235.41,withdraw,mobile,2024-03-02T14:00:00+00:00,Transaction 2434,ZW,137.24916666666664,215.85,36,1.715201670926964,1.0906184850590688
2442,CUST00349,CUST00349,ACC72441,138.69,transfer,online,2024-03-03T02:00:00+00:00,Transaction 2442,ZW,139.90216216216214,235.41,37,0.9913356438283126,0.5891423473939085
2427,CUST00349,CUST00349,ACC54100,100.0,transfer,online,2024-03-05T00:00:00+00:00,Transaction 2427,ZW,139.8702631578947,235.41,38,0.7149482509167332,0.4247907905356612
2439,CUST00349,CUST00349,ACC42804,102.91,deposit,atm,2024-03-05T03:00:00+00:00,Transaction 2439,ZW,138.8479487179487,235.41,39,0.7411704742505638,0.43715220254024895
2408,CUST00349,CUST00349,ACC18963,183.26,deposit,atm,2024-03-07T14:00:00+00:00,Transaction 2408,ZW,137.9495,235.41,40,1.328457152798669,0.7784716027356526
2449,CUST00349,CUST00349,ACC87779,166.28,deposit,atm,2024-03-07T19:00:00+00:00,Transaction 2449,ZW,139.05463414634147,235.41,41,1.1957889862556215,0.7063421265026975
2404,CUST00349,CUST00349,ACC62781,124.07,deposit,branch,2024-03-11T13:00:00+00:00,Transaction 2404,JP,139.70285714285714,235.41,42,0.8880992310209423,0.5270379338175948
2410,CUST00349,CUST00349,ACC52868,157.85,withdraw,online,2024-03-14T14:00:00+00:00,Transaction 2410,ZW,139.33930232558137,235.41,43,1.132846206098882,0.6705322628605411
2406,CUST00349,CUST00349,ACC63418,109.88,deposit,atm,2024-03-15T16:00:00+00:00,Transaction 2406,ZW,139.76,235.41,44,0.7862049227246709,0.4667601206405845
2424,CUST00349,CUST00349,ACC13439,168.74,deposit,online,2024-03-18T13:00:00+00:00,Transaction 2424,ZW,139.096,235.41,45,1.2131189969517455,0.7167919799498748
2436,CUST00349,CUST00349,ACC45585,100.0,transfer,atm,2024-03-19T05:00:00+00:00,Transaction 2436,ZW,139.74043478260867,235.41,46,0.7156124865044821,0.4247907905356612
2403,CUST00349,CUST00349,ACC56402,100.0,deposit,online,2024-03-19T15:00:00+00:00,Transaction 2403,NL,138.89489361702127,235.41,47,0.7199688728351149,0.4247907905356612
2438,CUST00349,CUST00349,ACC87373,100.0,withdraw,online,2024-03-27T18:00:00+00:00,Transaction 2438,ZW,138.0845833333333,235.41,48,0.7241938063324714,0.4247907905356612
2416,CUST00349,CUST00349,ACC58162,203.48,withdraw,online,2024-03-30T14:00:00+00:00,Transaction 2416,ZW,137.3073469387755,235.41,49,1.48193089835703,0.8643643005819633
2479,CUST00350,CUST00350,ACC47362,1135.11,transfer,atm,2024-01-02T22:00:00+00:00,Transaction 2479,ZW,1135.11,1135.11,0,1.0,1.0
2453,CUST00350,CUST00350,ACC58280,1024.48,transfer,online,2024-01-04T10:00:00+00:00,Transaction 2453,ZW,1135.11,1135.11,1,0.902538080009867,0.902538080009867
2480,CUST00350,CUST00350,ACC20610,1026.13,transfer,card,2024-01-07T02:00:00+00:00,Transaction 2480,ZW,1079.795,1135.11,2,0.9503007515315407,0.9039916836253757
2474,CUST00350,CUST00350,ACC65050,2441.55,deposit,mobile,2024-01-07T21:00:00+00:00,Transaction 2474,ZW,1061.9066666666668,1135.11,3,2.2992133646397046,2.150936913603087
2464,CUST00350,CUST00350,ACC19638,1832.77,transfer,online,2024-01-13T11:00:00+00:00,Transaction 2464,ZW,1406.8175,2441.55,4,1.3027773680665757,0.7506583932338063
2481,CUST00350,CUST00350,ACC40114,428.79,deposit,mobile,2024-01-17T01:00:00+00:00,Transaction 2481,ZW,1492.0080000000003,2441.55,5,0.28739122042241055,0.17562204337408613
2476,CUST00350,CUST00350,ACC84086,1757.67,transfer,atm,2024-01-18T16:00:00+00:00,Transaction 2476,ZW,1314.805,2441.55,6,1.3368294157688783,0.7198992443324936
2468,CUST00350,CUST00350,ACC42480,1649.58,withdraw,mobile,2024-01-19T14:00:00+00:00,Transaction 2468,ZW,1378.0714285714287,2441.55,7,1.1970206810760378,0.6756281870123486
2455,CUST00350,CUST00350,ACC98715,1942.42,deposit,atm,2024-01-20T10:00:00+00:00,Transaction 2455,ZW,1412.01,2441.55,8,1.3756418155678785,0.7955683889332595
2473,CUST00350,CUST00350,ACC64169,2007.89,transfer,online,2024-01-20T22:00:00+00:00,Transaction 2473,ZW,1470.9444444444443,2441.55,9,1.3650345582958796,0.8223833220699965
2467,CUST00350,CUST00350,ACC96471,1157.05,deposit,mobile,2024-01-25T05:00:00+00:00,Transaction 2467,ZW,1524.639,2441.55,10,0.758900959505824,0.4738997767811431
2484,CUST00350,CUST00350,ACC53145,959.59,transfer,atm,2024-01-26T03:00:00+00:00,Transaction 2484,ZW,1491.221818181818,2441.55,11,0.6434924625566346,0.39302492269255185
2460,CUST00350,CUST00350,ACC73836,3021.64,transfer,atm,2024-01-29T10:00:00+00:00,Transaction 2460,ZW,1446.9191666666666,2441.55,12,2.0883267494210402,1.2375908746493005
2478,CUST00350,CUST00350,ACC68683,493.72,withdraw,mobile,2024-01-29T11:00:00+00:00,Transaction 2478,ZW,1568.0515384615383,3021.64,13,0.3148620998034308,0.16339471280496687
2498,CUST00350,CUST00350,ACC54909,1123.16,transfer,atm,2024-02-02T01:00:00+00:00,Transaction 2498,ZW,1491.3135714285713,3021.64,14,0.7531347005204905,0.3717054314875366
2488,CUST00350,CUST00350,ACC10074,918.93,withdraw,mobile,2024-02-02T14:00:00+00:00,Transaction 2488,ZW,1466.77,3021.64,15,0.626499042112942,0.30411630770045406
2456,CUST00350,CUST00350,ACC19828,481.48,withdraw,online,2024-02-05T10:00:00+00:00,Transaction 2456,ZW,1432.5300000000002,3021.64,16,0.33610465400375555,0.15934393243404246
2491,CUST00350,CUST00350,ACC22044,1456.29,withdraw,online,2024-02-05T12:00:00+00:00,Transaction 2491,ZW,1376.5858823529413,3021.64,17,1.0578998511235809,0.48195350869064485
2487,CUST00350,CUST00350,ACC54380,1413.07,withdraw,branch,2024-02-09T18:00:00+00:00,Transaction 2487,ZW,1381.0138888888891,3021.64,18,1.0232120121086559,0.4676500178710899
2496,CUST00350,CUST00350,ACC36474,3242.03,transfer,mobile,2024-02-12T19:00:00+00:00,Transaction 2496,ZW,1382.7010526315792,3021.64,19,2.344707841098201,1.0729372129042507
2489,CUST00350,CUST00350,ACC97086,2458.78,transfer,mobile,2024-02-14T09:00:00+00:00,Transaction 2489,ZW,1475.6675,3242.03,20,1.6662154584281352,0.7584075409542786
2477,CUST00350,CUST00350,ACC85270,410.67,withdraw,card,2024-02-18T10:00:00+00:00,Transaction 2477,ZW,1522.482380952381,3242.03,21,0.26973711166569136,0.12667063537351597
2462,CUST00350,CUST00350,ACC71846,1805.58,transfer,online,2024-02-22T10:00:00+00:00,Transaction 2462,ZW,1471.9454545454546,3242.03,22,1.226662302209815,0.5569288377960722
2471,CUST00350,CUST00350,ACC79988,3188.53,deposit,atm,2024-02-22T11:00:00+00:00,Transaction 2471,ZW,1486.451304347826,3242.03,23,2.1450618601992844,0.9834979935410838
2494,CUST00350,CUST00350,ACC32576,1407.31,transfer,online,2024-02-26T20:00:00+00:00,Transaction 2494,ZW,1557.3712500000001,3242.03,24,0.9036445227815781,0.43408296653639844
2452,CUST00350,CUST00350,ACC24513,2522.42,deposit,online,2024-02-27T10:00:00+00:00,Transaction 2452,ZW,1551.3688,3242.03,25,1.625931886731253,0.7780372174224174
2486,CUST00350,CUST00350,ACC29906,2046.74,deposit,mobile,2024-02-28T00:00:00+00:00,Transaction 2486,ZW,1588.716923076923,3242.03,26,1.2882974746917204,0.6313143308359268
2497,CUST00350,CUST00350,ACC49728,2777.73,deposit,atm,2024-03-01T15:00:00+00:00,Transaction 2497,ZW,1605.6807407407407,3242.03,27,1.7299391650662532,0.8567872598341162
2459,CUST00350,CUST00350,ACC52254,2318.64,transfer,mobile,2024-03-03T08:00:00+00:00,Transaction 2459,KE,1647.5396428571428,3242.03,28,1.4073348766158023,0.7151815374934839
2454,CUST00350,CUST00350,ACC16350,1022.31,transfer,mobile,2024-03-03T09:00:00+00:00,Transaction 2454,ZW,1670.6810344827586,3242.03,29,0.6119121357695344,0.31533020977597365
2457,CUST00350,CUST00350,ACC36602,1551.68,deposit,mobile,2024-03-03T10:00:00+00:00,Transaction 2457,ZW,1649.0686666666666,3242.03,30,0.940943231391618,0.4786137080779635
2475,CUST00350,CUST00350,ACC37256,1048.5,transfer,online,2024-03-05T17:00:00+00:00,Transaction 2475,ZW,1645.9270967741934,3242.03,31,0.6370269995888189,0.3234084817228711
2500,CUST00350,CUST00350,ACC36586,429.42,transfer,atm,2024-03-10T10:00:00+00:00,Transaction 2500,ZW,1627.2575000000002,3242.03,32,0.26389185485394906,0.1324540488521081
2482,CUST00350,CUST00350,ACC92215,794.69,deposit,online,2024-03-12T12:00:00+00:00,Transaction 2482,ZW,1590.959393939394,3242.03,33,0.4995036347422158,0.2451211123894597
2485,CUST00350,CUST00350,ACC11341,1503.79,deposit,online,2024-03-12T13:00:00+00:00,Transaction 2485,ZW,1567.539705882353,3242.03,34,0.9593313613408797,0.46384209893184203
2451,CUST00350,CUST00350,ACC44278,4058.47,withdraw,atm,2024-03-13T08:00:00+00:00,Transaction 2451,ZW,1565.718285714286,3242.03,35,2.592081881542638,1.2518298720246264
2461,CUST00350,CUST00350,ACC78624,720.92,transfer,mobile,2024-03-16T08:00:00+00:00,Transaction 2461,ZW,1634.9613888888891,4058.47,36,0.44094007656653794,0.17763344314483043
2465,CUST00350,CUST00350,ACC89594,1706.89,withdraw,atm,2024-03-17T11:00:00+00:00,Transaction 2465,ZW,1610.2575675675678,4058.47,37,1.0600105438898224,0.42057474861216176
2470,CUST00350,CUST00350,ACC17296,991.63,transfer,online,2024-03-17T15:00:00+00:00,Transaction 2470,ZW,1612.8005263157895,4058.47,38,0.6148497497488024,0.2443359196938748
2490,CUST00350,CUST00350,ACC84569,1599.26,withdraw,online,2024-03-21T17:00:00+00:00,Transaction 2490,ZW,1596.873076923077,4058.47,39,1.001494748149629,0.39405490246324354
2499,CUST00350,CUST00350,ACC81973,4098.4,deposit,mobile,2024-03-22T01:00:00+00:00,Transaction 2499,ZW,1596.93275,4058.47,40,2.566419907162653,1.009838683050509
2483,CUST00350,CUST00350,ACC28125,3086.29,deposit,mobile,2024-03-22T15:00:00+00:00,Transaction 2483,ZW,1657.9441463414632,4098.4,41,1.8615162680904696,0.7530475307437049
2492,CUST00350,CUST00350,ACC55944,1437.15,withdraw,mobile,2024-03-25T20:00:00+00:00,Transaction 2492,ZW,1691.9523809523805,4098.4,42,0.8494033379302584,0.350661233652157
2463,CUST00350,CUST00350,ACC40288,1298.34,deposit,online,2024-03-27T09:00:00+00:00,Transaction 2463,ZW,1686.026744186046,4098.4,43,0.7700589593119369,0.31679191879757956
2495,CUST00350,CUST00350,ACC88679,1868.32,transfer,online,2024-03-29T00:00:00+00:00,Transaction 2495,ZW,1677.2156818181813,4098.4,44,1.1139414091183863,0.4558657036892446
2469,CUST00350,CUST00350,ACC34254,1464.56,deposit,online,2024-03-30T06:00:00+00:00,Transaction 2469,ZW,1681.4624444444441,4098.4,45,0.8710036937422597,0.3573492094475893
2458,CUST00350,CUST00350,ACC87375,2050.24,transfer,online,2024-03-30T09:00:00+00:00,Transaction 2458,ZW,1676.747173913043,4098.4,46,1.222748445262223,0.5002537575639274
2466,CUST00350,CUST00350,ACC60897,1587.03,transfer,online,2024-03-30T09:00:00+00:00,Transaction 2466,ZW,1684.6938297872337,4098.4,47,0.9420287365808373,0.3872316025766153
2493,CUST00350,CUST00350,ACC48628,1644.79,transfer,online,2024-03-30T13:00:00+00:00,Transaction 2493,ZW,1682.6591666666666,4098.4,48,0.9774944519859686,0.40132490728089015
2472,CUST00350,CUST00350,ACC67500,1658.25,transfer,online,2024-03-30T22:00:00+00:00,Transaction 2472,ZW,1681.886326530612,4098.4,49,0.9859465374337344,0.4046091157524888
2523,CUST00351,CUST00351,ACC79990,2299.29,deposit,mobile,2024-01-03T05:00:00+00:00,Transaction 2523,ZW,2299.29,2299.29,0,1.0,1.0
2503,CUST00351,CUST00351,ACC70474,1244.13,transfer,atm,2024-01-05T08:00:00+00:00,Transaction 2503,ZW,2299.29,2299.29,1,0.5410931200501025,0.5410931200501025
2540,CUST00351,CUST00351,ACC79285,1043.29,transfer,mobile,2024-01-09T00:00:00+00:00,Transaction 2540,ZW,1771.71,2299.29,2,0.5888604794238335,0.4537444167547373
2547,CUST00351,CUST00351,ACC28073,1310.02,deposit,branch,2024-01-11T20:00:00+00:00,Transaction 2547,ZW,1528.9033333333334,2299.29,3,0.8568363816330223,0.5697497923271967
2509,CUST00351,CUST00351,ACC61654,807.09,deposit,online,2024-01-15T09:00:00+00:00,Transaction 2509,ZW,1474.1825,2299.29,4,0.5474830965636888,0.3510170530903018
2504,CUST00351,CUST00351,ACC54051,789.19,withdraw,mobile,2024-01-16T08:00:00+00:00,Transaction 2504,ZW,1340.764,2299.29,5,0.5886121644077557,0.3432320411953255
2518,CUST00351,CUST00351,ACC78404,2911.65,withdraw,atm,2024-01-17T04:00:00+00:00,Transaction 2518,ZW,1248.835,2299.29,6,2.3314929514307337,1.266325691844004
2520,CUST00351,CUST00351,ACC22169,2899.83,withdraw,online,2024-01-17T14:00:00+00:00,Transaction 2520,ZW,1486.3799999999999,2911.65,7,1.9509344851249346,0.9959404461387872
2505,CUST00351,CUST00351,ACC82349,2011.66,withdraw,card,2024-01-18T09:00:00+00:00,Transaction 2505,ZW,1663.06125,2911.65,8,1.209612694661727,0.6909003485995913
2530,CUST00351,CUST00351,ACC61174,1506.39,withdraw,card,2024-01-18T22:00:00+00:00,Transaction 2530,ZW,1701.7944444444445,2911.65,9,0.8851774107722894,0.5173664417083097
2514,CUST00351,CUST00351,ACC23264,1492.89,deposit,atm,2024-01-19T11:00:00+00:00,Transaction 2514,ZW,1682.2540000000001,2911.65,10,0.8874343589018068,0.5127298954201226
2502,CUST00351,CUST00351,ACC35629,5206.19,deposit,branch,2024-01-23T09:00:00+00:00,Transaction 2502,ZW,1665.0390909090909,2911.65,11,3.1267674305216966,1.788054882970137
2527,CUST00351,CUST00351,ACC96835,1881.24,transfer,atm,2024-01-24T07:00:00+00:00,Transaction 2527,ZW,1960.135,5206.19,12,0.9597502212857788,0.36134678142749305
2538,CUST00351,CUST00351,ACC95414,100.0,deposit,mobile,2024-01-25T13:00:00+00:00,Transaction 2538,ZW,1954.0661538461538,5206.19,13,0.05117534009950061,0.019207904436833848
2524,CUST00351,CUST00351,ACC97283,532.11,withdraw,branch,2024-01-25T17:00:00+00:00,Transaction 2524,ZW,1821.6328571428571,5206.19,14,0.2921060618299281,0.10220718029883659
2531,CUST00351,CUST00351,ACC34426,1308.23,transfer,atm,2024-01-27T04:00:00+00:00,Transaction 2531,ZW,1735.6646666666668,5206.19,15,0.7537343042838152,0.25128356821399145
2506,CUST00351,CUST00351,ACC45523,505.28,transfer,mobile,2024-01-27T09:00:00+00:00,Transaction 2506,ZW,1708.95,5206.19,16,0.2956669299862488,0.09705369953843405
2539,CUST00351,CUST00351,ACC58784,3950.72,transfer,branch,2024-01-27T19:00:00+00:00,Transaction 2539,ZW,1638.145882352941,5206.19,17,2.4117021826684977,0.7588505221668821
2545,CUST00351,CUST00351,ACC73875,1575.87,transfer,online,2024-01-28T07:00:00+00:00,Transaction 2545,ZW,1766.6222222222223,5206.19,18,0.8920243276560416,0.30269160364873354
2549,CUST00351,CUST00351,ACC67121,774.32,withdraw,mobile,2024-01-28T21:00:00+00:00,Transaction 2549,ZW,1756.5826315789473,5206.19,19,0.44081046122150463,0.14873064563529187
2536,CUST00351,CUST00351,ACC52389,4333.47,transfer,atm,2024-01-30T00:00:00+00:00,Transaction 2536,ZW,1707.4695,5206.19,20,2.537948701279877,0.8323687763988638
2522,CUST00351,CUST00351,ACC87166,316.64,deposit,mobile,2024-02-01T12:00:00+00:00,Transaction 2522,ZW,1832.517142857143,5206.19,21,0.17278965232833524,0.06081990860879069
2541,CUST00351,CUST00351,ACC97627,2032.97,deposit,atm,2024-02-01T13:00:00+00:00,Transaction 2541,ZW,1763.6136363636363,5206.19,22,1.1527298032191138,0.3904909348295011
2517,CUST00351,CUST00351,ACC60004,2032.51,withdraw,online,2024-02-02T05:00:00+00:00,Transaction 2517,ZW,1775.3247826086956,5206.19,23,1.1448665730973415,0.39040257846909165
2512,CUST00351,CUST00351,ACC80852,2302.39,transfer,online,2024-02-02T11:00:00+00:00,Transaction 2512,ZW,1786.0408333333332,5206.19,24,1.2891026660924605,0.4422408709632188
2501,CUST00351,CUST00351,ACC50499,100.0,withdraw,mobile,2024-02-06T08:00:00+00:00,Transaction 2501,ZW,1806.6947999999998,5206.19,25,0.05534969160258833,0.019207904436833848
2529,CUST00351,CUST00351,ACC97168,2297.18,transfer,online,2024-02-09T09:00:00+00:00,Transaction 2529,ZW,1741.052692307692,5206.19,26,1.3194201474483718,0.44124013914205973
2519,CUST00351,CUST00351,ACC18401,1787.51,withdraw,mobile,2024-02-09T11:00:00+00:00,Transaction 2519,ZW,1761.6499999999999,5206.19,27,1.0146794198620612,0.3433432125988487
2508,CUST00351,CUST00351,ACC80291,1767.28,deposit,mobile,2024-02-14T09:00:00+00:00,Transaction 2508,ZW,1762.5735714285713,5206.19,28,1.0026702026217347,0.3394574535312772
2535,CUST00351,CUST00351,ACC86554,100.0,withdraw,mobile,2024-02-15T11:00:00+00:00,Transaction 2535,ZW,1762.7358620689654,5206.19,29,0.05672999690528086,0.019207904436833848
2534,CUST00351,CUST00351,ACC91025,2115.66,withdraw,mobile,2024-02-18T08:00:00+00:00,Transaction 2534,ZW,1707.3113333333333,5206.19,30,1.2391764517074995,0.40637395100831897
2548,CUST00351,CUST00351,ACC87237,3649.91,transfer,branch,2024-02-19T00:00:00+00:00,Transaction 2548,ZW,1720.483870967742,5206.19,31,2.121443892378363,0.7010712248304423
2526,CUST00351,CUST00351,ACC64500,1748.72,deposit,mobile,2024-02-20T15:00:00+00:00,Transaction 2526,ZW,1780.7784374999999,5206.19,32,0.9819975147806674,0.33589246646780085
2550,CUST00351,CUST00351,ACC76522,2319.51,transfer,branch,2024-02-21T01:00:00+00:00,Transaction 2550,ZW,1779.8069696969696,5206.19,33,1.30323683382076,0.4455292642028048
2543,CUST00351,CUST00351,ACC15219,2192.08,deposit,mobile,2024-02-24T09:00:00+00:00,Transaction 2543,ZW,1795.6805882352942,5206.19,34,1.2207516271890355,0.4210526315789474
2544,CUST00351,CUST00351,ACC81664,1729.99,deposit,card,2024-02-24T19:00:00+00:00,Transaction 2544,ZW,1807.0062857142857,5206.19,35,0.9573790714934662,0.3322948259667819
2515,CUST00351,CUST00351,ACC90843,2807.18,transfer,branch,2024-02-27T08:00:00+00:00,Transaction 2515,ZW,1804.8669444444445,5206.19,36,1.5553390285310351,0.5392004517699124
2513,CUST00351,CUST00351,ACC25271,1968.69,withdraw,atm,2024-03-01T09:00:00+00:00,Transaction 2513,ZW,1831.9564864864865,5206.19,37,1.0746379701276394,0.3781440938575043
2533,CUST00351,CUST00351,ACC13562,565.68,withdraw,atm,2024-03-08T00:00:00+00:00,Transaction 2533,ZW,1835.5547368421053,5206.19,38,0.3081793142127692,0.1086552738182817
2546,CUST00351,CUST00351,ACC58193,3047.98,transfer,mobile,2024-03-09T01:00:00+00:00,Transaction 2546,ZW,1802.993846153846,5206.19,39,1.6905104842714596,0.5854530856538083
2510,CUST00351,CUST00351,ACC89283,2848.01,withdraw,atm,2024-03-10T10:00:00+00:00,Transaction 2510,ZW,1834.1184999999998,5206.19,40,1.5527949802589094,0.5470430391514717
2511,CUST00351,CUST00351,ACC65787,2470.45,withdraw,online,2024-03-13T08:00:00+00:00,Transaction 2511,ZW,1858.8475609756094,5206.19,41,1.3290223748650982,0.47452167515976174
2537,CUST00351,CUST00351,ACC34852,2239.48,transfer,mobile,2024-03-16T01:00:00+00:00,Transaction 2537,ZW,1873.4095238095233,5206.19,42,1.19540333895927,0.43015717828200667
2525,CUST00351,CUST00351,ACC50118,2540.84,transfer,atm,2024-03-18T17:00:00+00:00,Transaction 2525,ZW,1881.922790697674,5206.19,43,1.350129778203095,0.48804211909284917
2521,CUST00351,CUST00351,ACC70295,2860.94,transfer,mobile,2024-03-22T18:00:00+00:00,Transaction 2521,ZW,1896.8981818181812,5206.19,44,1.5082201182025399,0.5495266211951543
2528,CUST00351,CUST00351,ACC50405,2573.32,deposit,branch,2024-03-23T22:00:00+00:00,Transaction 2528,ZW,1918.3213333333329,5206.19,45,1.3414436649820924,0.4942808464539328
2532,CUST00351,CUST00351,ACC76926,700.51,transfer,mobile,2024-03-27T03:00:00+00:00,Transaction 2532,ZW,1932.5604347826084,5206.19,46,0.3624776681712412,0.1345532913704648
2542,CUST00351,CUST00351,ACC34723,850.45,deposit,mobile,2024-03-28T06:00:00+00:00,Transaction 2542,ZW,1906.3465957446804,5206.19,47,0.4461150988484268,0.16335362328305347
2516,CUST00351,CUST00351,ACC79384,2062.96,withdraw,card,2024-03-30T07:00:00+00:00,Transaction 2516,ZW,1884.3487499999999,5206.19,48,1.0947867267139377,0.39625138537010757
2507,CUST00351,CUST00351,ACC58760,2467.19,withdraw,online,2024-03-30T11:00:00+00:00,Transaction 2507,ZW,1887.9938775510204,5206.19,49,1.306778602057902,0.473895497475121
2592,CUST00352,CUST00352,ACC83376,4759.88,transfer,mobile,2024-01-03T09:00:00+00:00,Transaction 2592,ZW,4759.88,4759.88,0,1.0,1.0
2599,CUST00352,CUST00352,ACC40923,2623.51,withdraw,card,2024-01-04T21:00:00+00:00,Transaction 2599,ZA,4759.88,4759.88,1,0.5511714581039858,0.5511714581039858
2558,CUST00352,CUST00352,ACC39015,5444.89,deposit,atm,2024-01-08T13:00:00+00:00,Transaction 2558,ZW,3691.695,4759.88,2,1.4749024499586234,1.1439132919317294
2554,CUST00352,CUST00352,ACC65194,2914.07,deposit,card,2024-01-11T14:00:00+00:00,Transaction 2554,ZW,4276.093333333333,5444.89,3,0.681479512452176,0.5351935484463415
2588,CUST00352,CUST00352,ACC84283,4546.16,withdraw,atm,2024-01-13T04:00:00+00:00,Transaction 2588,ZW,3935.5875,5444.89,4,1.1551413861335822,0.834940650775314
2598,CUST00352,CUST00352,ACC15343,3675.55,transfer,card,2024-01-13T11:00:00+00:00,Transaction 2598,ZA,4057.702,5444.89,5,0.905820585148934,0.6750457768660156
2590,CUST00352,CUST00352,ACC79729,5314.0,withdraw,atm,2024-01-13T16:00:00+00:00,Transaction 2590,ZW,3994.01,5444.89,6,1.3304924123875503,0.97596094686945
2551,CUST00352,CUST00352,ACC38506,3192.92,transfer,mobile,2024-01-15T13:00:00+00:00,Transaction 2551,ZW,4182.58,5444.89,7,0.7633852789426622,0.5864067042676712
2600,CUST00352,CUST00352,ACC17486,2871.5,withdraw,card,2024-01-18T09:00:00+00:00,Transaction 2600,ZW,4058.8725,5444.89,8,0.7074624788041507,0.5273752086819017
2594,CUST00352,CUST00352,ACC77654,3502.38,deposit,mobile,2024-01-20T22:00:00+00:00,Transaction 2594,ZW,3926.942222222222,5444.89,9,0.8918847800154376,0.6432416449184465
2577,CUST00352,CUST00352,ACC66847,3176.85,transfer,branch,2024-01-21T18:00:00+00:00,Transaction 2577,ZW,3884.4859999999994,5444.89,10,0.8178302097111434,0.583455313146822
2557,CUST00352,CUST00352,ACC39143,3071.57,withdraw,mobile,2024-01-25T14:00:00+00:00,Transaction 2557,ZW,3820.1554545454537,5444.89,11,0.8040431957671406,0.5641197526488139
2573,CUST00352,CUST00352,ACC23529,3957.06,withdraw,mobile,2024-01-25T20:00:00+00:00,Transaction 2573,JP,3757.7733333333326,5444.89,12,1.053033179223157,0.7267474641360981
2559,CUST00352,CUST00352,ACC68798,3096.53,transfer,card,2024-01-27T13:00:00+00:00,Transaction 2559,ZW,3773.103076923076,5444.89,13,0.8206852388790783,0.5687038672957581
2587,CUST00352,CUST00352,ACC16508,2100.92,deposit,atm,2024-01-28T11:00:00+00:00,Transaction 2587,ZW,3724.776428571428,5444.89,14,0.5640392222965637,0.3858516884638624
2562,CUST00352,CUST00352,ACC42944,3128.77,transfer,card,2024-01-28T13:00:00+00:00,Transaction 2562,ZW,3616.5193333333323,5444.89,15,0.8651329390561351,0.5746250153813942
2583,CUST00352,CUST00352,ACC83666,4467.85,transfer,online,2024-02-01T05:00:00+00:00,Transaction 2583,ZW,3586.035,5444.89,16,1.2459025079230963,0.8205583583874054
2596,CUST00352,CUST00352,ACC80183,4071.42,transfer,mobile,2024-02-02T05:00:00+00:00,Transaction 2596,ZW,3637.906470588235,5444.89,17,1.1191656610516618,0.7477506432636839
2567,CUST00352,CUST00352,ACC17274,3398.16,transfer,mobile,2024-02-07T00:00:00+00:00,Transaction 2567,ZW,3661.9905555555556,5444.89,18,0.9279543320625713,0.6241007623661818
2589,CUST00352,CUST00352,ACC42918,3945.89,transfer,branch,2024-02-09T01:00:00+00:00,Transaction 2589,ZW,3648.1047368421055,5444.89,19,1.0816273886411674,0.7246959993682149
2553,CUST00352,CUST00352,ACC77026,3330.58,transfer,atm,2024-02-09T16:00:00+00:00,Transaction 2553,ZW,3662.994,5444.89,20,0.9092507386034484,0.6116891250328289
2555,CUST00352,CUST00352,ACC18430,4043.83,withdraw,mobile,2024-02-16T13:00:00+00:00,Transaction 2555,ZW,3647.164761904762,5444.89,21,1.1087598899392952,0.7426835069211682
2570,CUST00352,CUST00352,ACC28349,4028.41,transfer,mobile,2024-02-17T17:00:00+00:00,Transaction 2570,ZW,3665.195,5444.89,22,1.0990984108621777,0.7398514937859166
2569,CUST00352,CUST00352,ACC95787,2507.24,transfer,mobile,2024-02-19T09:00:00+00:00,Transaction 2569,AU,3680.9869565217396,5444.89,23,0.6811325412489796,0.4604757855530598
2552,CUST00352,CUST00352,ACC33878,3635.44,transfer,mobile,2024-02-24T14:00:00+00:00,Transaction 2552,ZW,3632.0808333333334,5444.89,24,1.0009248601065919,0.6676792368624527
2565,CUST00352,CUST00352,ACC51424,2885.37,transfer,mobile,2024-02-27T16:00:00+00:00,Transaction 2565,ZW,3632.2152,5444.89,25,0.7943829980117918,0.5299225512361131
2571,CUST00352,CUST00352,ACC95758,2728.78,withdraw,online,2024-02-28T01:00:00+00:00,Transaction 2571,ZW,3603.4903846153848,5444.89,26,0.7572602418061548,0.5011634762134772
2561,CUST00352,CUST00352,ACC55271,2901.22,transfer,mobile,2024-03-01T13:00:00+00:00,Transaction 2561,NG,3571.093703703704,5444.89,27,0.8124177746977194,0.5328335375002984
2560,CUST00352,CUST00352,ACC84755,2481.75,transfer,atm,2024-03-02T14:00:00+00:00,Transaction 2560,ZW,3547.1696428571427,5444.89,28,0.6996423204617364,0.4557943319332438
2585,CUST00352,CUST00352,ACC99005,3806.07,withdraw,mobile,2024-03-02T19:00:00+00:00,Transaction 2585,ZW,3510.4310344827586,5444.89,29,1.0842172834655337,0.6990168763739947
2566,CUST00352,CUST00352,ACC89547,3457.89,transfer,online,2024-03-04T14:00:00+00:00,Transaction 2566,ZW,3520.285666666667,5444.89,30,0.9822753967788787,0.6350706809503956
2580,CUST00352,CUST00352,ACC43714,3848.16,transfer,mobile,2024-03-05T07:00:00+00:00,Transaction 2580,ZW,3518.2729032258067,5444.89,31,1.0937639307262745,0.7067470600875315
2575,CUST00352,CUST00352,ACC86026,4060.86,transfer,mobile,2024-03-07T16:00:00+00:00,Transaction 2575,ZW,3528.581875,5444.89,32,1.150847605031129,0.7458112101438229
2556,CUST00352,CUST00352,ACC35051,3368.55,transfer,mobile,2024-03-09T14:00:00+00:00,Transaction 2556,ZW,3544.711515151515,5444.89,33,0.9503030036722226,0.618662635976117
2564,CUST00352,CUST00352,ACC28142,3365.8,deposit,mobile,2024-03-09T15:00:00+00:00,Transaction 2564,ZW,3539.530294117647,5444.89,34,0.9509171331556705,0.6181575752678199
2581,CUST00352,CUST00352,ACC79242,3638.2,deposit,online,2024-03-10T09:00:00+00:00,Transaction 2581,ZW,3534.5665714285715,5444.89,35,1.029319982090348,0.6681861341551436
2582,CUST00352,CUST00352,ACC29897,4079.8,transfer,online,2024-03-12T20:00:00+00:00,Transaction 2582,ZW,3537.445277777778,5444.89,36,1.1533181942429733,0.7492897009856948
2568,CUST00352,CUST00352,ACC79598,3415.88,withdraw,card,2024-03-14T10:00:00+00:00,Transaction 2568,ZW,3552.103513513513,5444.89,37,0.9616499032206498,0.6273551899120092
2572,CUST00352,CUST00352,ACC62126,3356.58,transfer,card,2024-03-17T21:00:00+00:00,Transaction 2572,ZW,3548.5186842105263,5444.89,38,0.9459101948470566,0.6164642444567291
2593,CUST00352,CUST00352,ACC62226,3206.51,transfer,mobile,2024-03-19T01:00:00+00:00,Transaction 2593,ZW,3543.597179487179,5444.89,39,0.9048742951262985,0.5889026224588559
2586,CUST00352,CUST00352,ACC56469,4067.76,withdraw,online,2024-03-20T19:00:00+00:00,Transaction 2586,ZW,3535.1699999999996,5444.89,40,1.1506547068457813,0.7470784533755502
2574,CUST00352,CUST00352,ACC67338,2840.22,deposit,atm,2024-03-22T02:00:00+00:00,Transaction 2574,ZW,3548.16,5444.89,41,0.8004768668831168,0.521630372698071
2576,CUST00352,CUST00352,ACC13557,3412.28,transfer,mobile,2024-03-22T03:00:00+00:00,Transaction 2576,ZW,3531.3042857142855,5444.89,42,0.9662945257377586,0.6266940195302384
2597,CUST00352,CUST00352,ACC58466,3594.3,deposit,mobile,2024-03-23T12:00:00+00:00,Transaction 2597,ZW,3528.5362790697673,5444.89,43,1.0186376774189128,0.6601235286663275
2591,CUST00352,CUST00352,ACC73684,2794.29,transfer,mobile,2024-03-23T15:00:00+00:00,Transaction 2591,ZW,3530.0309090909086,5444.89,44,0.7915766382679112,0.5131949405773119
2595,CUST00352,CUST00352,ACC89670,3085.71,withdraw,online,2024-03-23T21:00:00+00:00,Transaction 2595,ZW,3513.681111111111,5444.89,45,0.8781986476354492,0.566716682981658
2563,CUST00352,CUST00352,ACC62219,4801.53,transfer,atm,2024-03-24T15:00:00+00:00,Transaction 2563,ZW,3504.3773913043474,5444.89,46,1.3701520880469,0.881841506439983
2584,CUST00352,CUST00352,ACC68101,3271.01,withdraw,card,2024-03-26T11:00:00+00:00,Transaction 2584,ZW,3531.976382978723,5444.89,47,0.9261132140530808,0.600748591798916
2578,CUST00352,CUST00352,ACC51496,2851.2,withdraw,mobile,2024-03-26T22:00:00+00:00,Transaction 2578,ZW,3526.539583333333,5444.89,48,0.8084979432741846,0.5236469423624719
2579,CUST00352,CUST00352,ACC46721,4539.92,transfer,atm,2024-03-30T16:00:00+00:00,Transaction 2579,ZW,3512.7571428571428,5444.89,49,1.2924092999800727,0.833794622113578
2645,CUST00353,CUST00353,ACC89477,1908.07,deposit,atm,2024-01-02T04:00:00+00:00,Transaction 2645,ZW,1908.07,1908.07,0,1.0,1.0
2605,CUST00353,CUST00353,ACC68081,2123.37,withdraw,card,2024-01-02T13:00:00+00:00,Transaction 2605,ZW,1908.07,1908.07,1,1.1128365311545174,1.1128365311545174
2607,CUST00353,CUST00353,ACC72434,1380.48,transfer,branch,2024-01-06T15:00:00+00:00,Transaction 2607,ZW,2015.7199999999998,2123.37,2,0.6848570237929872,0.6501363398748217
2608,CUST00353,CUST00353,ACC29691,294.87,deposit,atm,2024-01-08T13:00:00+00:00,Transaction 2608,ZW,1803.9733333333334,2123.37,3,0.16345585300595722,0.1388688735359358
2638,CUST00353,CUST00353,ACC89778,2089.24,withdraw,branch,2024-01-10T13:00:00+00:00,Transaction 2638,ZW,1426.6975,2123.37,4,1.4643889121555198,0.9839264942049666
2629,CUST00353,CUST00353,ACC15916,322.88,deposit,online,2024-01-11T05:00:00+00:00,Transaction 2629,ZW,1559.206,2123.37,5,0.2070797572610675,0.1520601685057244
2628,CUST00353,CUST00353,ACC59077,558.16,transfer,atm,2024-01-14T19:00:00+00:00,Transaction 2628,ZW,1353.1516666666666,2123.37,6,0.4124888685796492,0.2628651624540236
2643,CUST00353,CUST00353,ACC94827,100.0,transfer,branch,2024-01-19T18:00:00+00:00,Transaction 2643,ZW,1239.5814285714284,2123.37,7,0.08067239286994343,0.047094948124914646
2627,CUST00353,CUST00353,ACC19872,100.0,deposit,online,2024-01-19T21:00:00+00:00,Transaction 2627,ZW,1097.13375,2123.37,8,0.09114658992123796,0.047094948124914646
2637,CUST00353,CUST00353,ACC11023,780.96,withdraw,online,2024-01-23T04:00:00+00:00,Transaction 2637,ZW,986.3411111111111,2123.37,9,0.7917747635199452,0.3677927068763334
2646,CUST00353,CUST00353,ACC28652,2685.18,transfer,online,2024-01-23T04:00:00+00:00,Transaction 2646,ZW,965.8029999999999,2123.37,10,2.780256429106143,1.264584128060583
2636,CUST00353,CUST00353,ACC97126,100.0,transfer,branch,2024-01-24T15:00:00+00:00,Transaction 2636,ZW,1122.11,2685.18,11,0.08911782267335645,0.03724145122487133
2613,CUST00353,CUST00353,ACC17110,100.0,withdraw,branch,2024-01-24T16:00:00+00:00,Transaction 2613,ZW,1036.9341666666667,2685.18,12,0.09643813774741405,0.03724145122487133
2620,CUST00353,CUST00353,ACC15310,1302.38,deposit,branch,2024-01-25T10:00:00+00:00,Transaction 2620,ZW,964.8623076923076,2685.18,13,1.3498091796278626,0.4850252124624793
2615,CUST00353,CUST00353,ACC63715,100.0,deposit,online,2024-01-25T15:00:00+00:00,Transaction 2615,ZW,988.9707142857143,2685.18,14,0.10111522874792624,0.03724145122487133
2611,CUST00353,CUST00353,ACC39498,1507.76,transfer,branch,2024-01-25T16:00:00+00:00,Transaction 2611,ZW,929.706,2685.18,15,1.6217599972464414,0.56151170498812
2649,CUST00353,CUST00353,ACC78846,2483.43,transfer,online,2024-01-29T09:00:00+00:00,Transaction 2649,ZW,965.834375,2685.18,16,2.571279366609829,0.9248653721538221
2623,CUST00353,CUST00353,ACC56392,1348.65,transfer,online,2024-01-29T21:00:00+00:00,Transaction 2623,ZW,1055.1047058823528,2685.18,17,1.2782143729253526,0.5022568319442273
2626,CUST00353,CUST00353,ACC76137,2041.27,deposit,branch,2024-01-31T04:00:00+00:00,Transaction 2626,ZW,1071.4127777777778,2685.18,18,1.9052134175903777,0.760198571417931
2614,CUST00353,CUST00353,ACC19355,3053.26,transfer,branch,2024-01-31T16:00:00+00:00,Transaction 2614,ZW,1122.457894736842,2685.18,19,2.7201554858463806,1.1370783336685066
2604,CUST00353,CUST00353,ACC12897,291.91,transfer,online,2024-02-07T14:00:00+00:00,Transaction 2604,ZW,1218.998,3053.26,20,0.23946716893711065,0.09560600800455907
2612,CUST00353,CUST00353,ACC88236,119.34,transfer,online,2024-02-12T14:00:00+00:00,Transaction 2612,ZW,1174.8509523809523,3053.26,21,0.10157884262522461,0.03908609158735253
2644,CUST00353,CUST00353,ACC76665,2740.09,transfer,card,2024-02-17T14:00:00+00:00,Transaction 2644,ZW,1126.8731818181818,3053.26,22,2.431586840658443,0.8974309426645618
2625,CUST00353,CUST00353,ACC14780,1466.89,deposit,atm,2024-02-17T18:00:00+00:00,Transaction 2625,ZW,1197.013043478261,3053.26,23,1.2254586597799595,0.4804340278914996
2624,CUST00353,CUST00353,ACC18504,1084.1,transfer,branch,2024-02-21T02:00:00+00:00,Transaction 2624,ZW,1208.2579166666667,3053.26,24,0.8972422071860346,0.355063112869523
2647,CUST00353,CUST00353,ACC55347,100.0,withdraw,mobile,2024-02-23T07:00:00+00:00,Transaction 2647,ZW,1203.2916,3053.26,25,0.08310537528891583,0.03275187832022166
2635,CUST00353,CUST00353,ACC34446,450.41,deposit,card,2024-02-24T01:00:00+00:00,Transaction 2635,ZW,1160.8573076923078,3053.26,26,0.3879977297945252,0.1475177351421104
2639,CUST00353,CUST00353,ACC80023,2186.99,transfer,card,2024-02-24T15:00:00+00:00,Transaction 2639,ZW,1134.5444444444445,3053.26,27,1.9276371328678175,0.7162803036754156
2621,CUST00353,CUST00353,ACC84432,1398.15,deposit,online,2024-02-25T05:00:00+00:00,Transaction 2621,ZW,1172.1317857142858,3053.26,28,1.1928266232862041,0.4579203867341792
2641,CUST00353,CUST00353,ACC74451,1918.84,deposit,atm,2024-02-27T01:00:00+00:00,Transaction 2641,ZW,1179.9255172413793,3053.26,29,1.6262382429750095,0.6284561419597413
2609,CUST00353,CUST00353,ACC43393,1099.46,transfer,online,2024-02-27T14:00:00+00:00,Transaction 2609,ZW,1204.556,3053.26,30,0.9127512544041124,0.3600938013795091
2630,CUST00353,CUST00353,ACC87843,722.54,deposit,online,2024-02-28T14:00:00+00:00,Transaction 2630,AU,1201.165806451613,3053.26,31,0.6015322748276271,0.23664542161492957
2632,CUST00353,CUST00353,ACC79384,1898.79,transfer,mobile,2024-02-29T14:00:00+00:00,Transaction 2632,ZW,1186.20875,3053.26,32,1.6007216267794349,0.6218893903565369
2606,CUST00353,CUST00353,ACC71368,100.0,transfer,branch,2024-03-01T14:00:00+00:00,Transaction 2606,ZW,1207.8021212121212,3053.26,33,0.08279501935270854,0.03275187832022166
2602,CUST00353,CUST00353,ACC42190,3353.04,deposit,online,2024-03-02T15:00:00+00:00,Transaction 2602,ZW,1175.219705882353,3053.26,34,2.8531175772640256,1.0981835808283604
2610,CUST00353,CUST00353,ACC49646,1002.89,deposit,mobile,2024-03-02T16:00:00+00:00,Transaction 2610,ZW,1237.443142857143,3353.04,35,0.810453398032025,0.2990987283181829
2648,CUST00353,CUST00353,ACC34702,100.0,deposit,card,2024-03-03T04:00:00+00:00,Transaction 2648,ZW,1230.927777777778,3353.04,36,0.08123953476826422,0.029823682389712024
2618,CUST00353,CUST00353,ACC18892,1503.7,transfer,branch,2024-03-04T04:00:00+00:00,Transaction 2618,ZW,1200.3621621621621,3353.04,37,1.2527052646273422,0.4484587120940997
2642,CUST00353,CUST00353,ACC61216,186.51,deposit,mobile,2024-03-07T01:00:00+00:00,Transaction 2642,ZW,1208.3447368421052,3353.04,38,0.15435164677211757,0.05562415002505189
2631,CUST00353,CUST00353,ACC55758,131.53,transfer,online,2024-03-08T17:00:00+00:00,Transaction 2631,NG,1182.1438461538462,3353.04,39,0.11126395525209413,0.039227089447188224
2633,CUST00353,CUST00353,ACC18177,1488.5,withdraw,branch,2024-03-12T02:00:00+00:00,Transaction 2633,ZW,1155.8785,3353.04,40,1.2877651067997198,0.4439255123708635
2640,CUST00353,CUST00353,ACC61530,262.7,transfer,atm,2024-03-16T22:00:00+00:00,Transaction 2640,ZW,1163.9912195121951,3353.04,41,0.22568898767990034,0.07834681363777347
2622,CUST00353,CUST00353,ACC89350,447.6,deposit,card,2024-03-18T18:00:00+00:00,Transaction 2622,ZW,1142.5319047619046,3353.04,42,0.39176148879035166,0.13349080237635103
2617,CUST00353,CUST00353,ACC85492,2920.14,withdraw,branch,2024-03-21T20:00:00+00:00,Transaction 2617,ZW,1126.3706976744186,3353.04,43,2.5925212774347903,0.8708932789349366
2616,CUST00353,CUST00353,ACC13612,1864.59,transfer,card,2024-03-23T02:00:00+00:00,Transaction 2616,ZW,1167.1381818181817,3353.04,44,1.597574330997654,0.5560893994703314
2634,CUST00353,CUST00353,ACC95950,100.0,transfer,branch,2024-03-23T03:00:00+00:00,Transaction 2634,ZW,1182.637111111111,3353.04,45,0.08455679181760838,0.029823682389712024
2603,CUST00353,CUST00353,ACC95880,1795.19,transfer,mobile,2024-03-23T14:00:00+00:00,Transaction 2603,ZW,1159.1015217391302,3353.04,46,1.5487771919292064,0.5353917638918713
2650,CUST00353,CUST00353,ACC35789,1600.41,withdraw,online,2024-03-24T22:00:00+00:00,Transaction 2650,ZW,1172.635319148936,3353.04,47,1.364797711501245,0.4773011953331902
2619,CUST00353,CUST00353,ACC30206,4388.26,transfer,online,2024-03-25T18:00:00+00:00,Transaction 2619,ZW,1181.5472916666665,3353.04,48,3.713994379192398,1.3087407248347769
2601,CUST00353,CUST00353,ACC81931,267.32,deposit,atm,2024-03-26T15:00:00+00:00,Transaction 2601,ZW,1246.9904081632653,4388.26,49,0.21437213810950217,0.060917083308646244
2667,CUST00354,CUST00354,ACC50040,4576.45,transfer,branch,2024-01-02T00:00:00+00:00,Transaction 2667,ZW,4576.45,4576.45,0,1.0,1.0
2698,CUST00354,CUST00354,ACC19333,14680.96,transfer,online,2024-01-04T14:00:00+00:00,Transaction 2698,ZA,4576.45,4576.45,1,3.207936282489703,3.207936282489703
2695,CUST00354,CUST00354,ACC11139,100.0,transfer,mobile,2024-01-06T13:00:00+00:00,Transaction 2695,ZW,9628.705,14680.96,2,0.010385612603148606,0.006811543659270239
2659,CUST00354,CUST00354,ACC33947,7155.92,deposit,online,2024-01-06T14:00:00+00:00,Transaction 2659,ZW,6452.47,14680.96,3,1.1090202666575746,0.4874286150224509
2697,CUST00354,CUST00354,ACC38662,9862.34,transfer,mobile,2024-01-09T04:00:00+00:00,Transaction 2697,ZW,6628.3325,14680.96,4,1.487906649221354,0.6717775949256725
2684,CUST00354,CUST00354,ACC66997,875.4,transfer,online,2024-01-11T04:00:00+00:00,Transaction 2684,ZW,7275.134,14680.96,5,0.12032768056230991,0.05962825319325167
2675,CUST00354,CUST00354,ACC73975,6622.47,withdraw,branch,2024-01-15T08:00:00+00:00,Transaction 2675,ZW,6208.511666666666,14680.96,6,1.0666759370938876,0.45109243537207383
2672,CUST00354,CUST00354,ACC77003,100.0,deposit,online,2024-01-15T17:00:00+00:00,Transaction 2672,ZW,6267.648571428572,14680.96,7,0.015954946876864735,0.006811543659270239
2683,CUST00354,CUST00354,ACC57754,16060.17,deposit,online,2024-01-15T18:00:00+00:00,Transaction 2683,ZW,5496.6925,14680.96,8,2.9217879661269026,1.093945491303021
2661,CUST00354,CUST00354,ACC45454,4729.51,transfer,online,2024-01-17T14:00:00+00:00,Transaction 2661,ZW,6670.412222222222,16060.17,9,0.7090281443542303,0.2944869201260012
2687,CUST00354,CUST00354,ACC93558,100.0,transfer,branch,2024-01-17T16:00:00+00:00,Transaction 2687,ZW,6476.322,16060.17,10,0.015440862884828765,0.006226584151973484
2658,CUST00354,CUST00354,ACC44397,100.0,withdraw,mobile,2024-01-21T15:00:00+00:00,Transaction 2658,ZW,5896.6563636363635,16060.17,11,0.016958763379308028,0.006226584151973484
2673,CUST00354,CUST00354,ACC75028,100.0,transfer,card,2024-01-22T02:00:00+00:00,Transaction 2673,ZW,5413.6016666666665,16060.17,12,0.01847199076646755,0.006226584151973484
2662,CUST00354,CUST00354,ACC77458,14795.93,deposit,mobile,2024-01-23T13:00:00+00:00,Transaction 2662,ZW,5004.863076923077,16060.17,13,2.9563106467832365,0.9212810325170905
2677,CUST00354,CUST00354,ACC16206,100.0,withdraw,mobile,2024-01-24T01:00:00+00:00,Transaction 2677,ZW,5704.224999999999,16060.17,14,0.017530865279683044,0.006226584151973484
2700,CUST00354,CUST00354,ACC44119,100.0,transfer,mobile,2024-01-29T18:00:00+00:00,Transaction 2700,ZW,5330.61,16060.17,15,0.018759579110083087,0.006226584151973484
2696,CUST00354,CUST00354,ACC48238,100.0,deposit,mobile,2024-01-31T09:00:00+00:00,Transaction 2696,ZW,5003.696875,16060.17,16,0.019985223425429823,0.006226584151973484
2656,CUST00354,CUST00354,ACC29101,14986.56,transfer,online,2024-01-31T16:00:00+00:00,Transaction 2656,ZW,4715.244117647058,16060.17,17,3.1783211274071648,0.9331507698859974
2678,CUST00354,CUST00354,ACC24389,6834.75,transfer,online,2024-01-31T21:00:00+00:00,Transaction 2678,ZW,5285.872777777778,16060.17,18,1.2930220395643692,0.42557146032700777
2670,CUST00354,CUST00354,ACC28673,100.0,deposit,mobile,2024-02-03T06:00:00+00:00,Transaction 2670,ZW,5367.392631578947,16060.17,19,0.0186310200993406,0.006226584151973484
2664,CUST00354,CUST00354,ACC97255,12508.72,transfer,mobile,2024-02-03T13:00:00+00:00,Transaction 2664,ZW,5104.022999999999,16060.17,20,2.4507569813067067,0.7788659771347376
2685,CUST00354,CUST00354,ACC89335,12903.3,transfer,atm,2024-02-03T18:00:00+00:00,Transaction 2685,ZW,5456.627619047618,16060.17,21,2.3647023218073473,0.8034348328815946
2654,CUST00354,CUST00354,ACC38381,100.0,deposit,card,2024-02-05T15:00:00+00:00,Transaction 2654,ZW,5795.112727272727,16060.17,22,0.017255919721696527,0.006226584151973484
2671,CUST00354,CUST00354,ACC77581,6483.73,withdraw,card,2024-02-07T10:00:00+00:00,Transaction 2671,ZW,5547.499130434782,16060.17,23,1.1687662940637253,0.4037149046367504
2679,CUST00354,CUST00354,ACC43403,4857.25,transfer,branch,2024-02-07T13:00:00+00:00,Transaction 2679,ZW,5586.50875,16060.17,24,0.869460734309241,0.3024407587217321
2655,CUST00354,CUST00354,ACC73699,12670.4,withdraw,mobile,2024-02-07T15:00:00+00:00,Transaction 2655,ZW,5557.3384,16060.17,25,2.2799403397856786,0.7889331183916484
2689,CUST00354,CUST00354,ACC43905,12836.15,transfer,mobile,2024-02-07T16:00:00+00:00,Transaction 2689,ZW,5830.917692307692,16060.17,26,2.2013944763675544,0.7992536816235444
2665,CUST00354,CUST00354,ACC59311,8572.85,transfer,mobile,2024-02-08T15:00:00+00:00,Transaction 2665,ZW,6090.37074074074,16060.17,27,1.4076072483819482,0.5337957194724589
2660,CUST00354,CUST00354,ACC43812,8733.88,transfer,mobile,2024-02-08T16:00:00+00:00,Transaction 2660,ZW,6179.030714285714,16060.17,28,1.4134708830314695,0.5438223879323817
2676,CUST00354,CUST00354,ACC75460,2697.81,withdraw,mobile,2024-02-10T16:00:00+00:00,Transaction 2676,ZW,6267.128965517241,16060.17,29,0.4304698395140402,0.16798140991035587
2669,CUST00354,CUST00354,ACC23940,17087.49,transfer,online,2024-02-11T05:00:00+00:00,Transaction 2669,ZW,6148.151666666667,16060.17,30,2.7792889516117447,1.0639669443100541
2666,CUST00354,CUST00354,ACC63605,26864.24,withdraw,card,2024-02-15T03:00:00+00:00,Transaction 2666,ZW,6501.033548387096,17087.49,31,4.132302933072082,1.5721583450816943
2688,CUST00354,CUST00354,ACC81566,10966.8,withdraw,branch,2024-02-21T12:00:00+00:00,Transaction 2688,ZW,7137.38375,26864.24,32,1.5365294040691029,0.40823042081220234
2651,CUST00354,CUST00354,ACC42246,100.0,withdraw,online,2024-02-21T15:00:00+00:00,Transaction 2651,ZW,7253.426666666666,26864.24,33,0.013786587304942768,0.0037224205858792207
2674,CUST00354,CUST00354,ACC29317,10621.56,transfer,online,2024-02-26T04:00:00+00:00,Transaction 2674,ZW,7043.031764705882,26864.24,34,1.5080948595499566,0.3953791359815129
2681,CUST00354,CUST00354,ACC41452,7844.61,transfer,card,2024-02-26T08:00:00+00:00,Transaction 2681,ZW,7145.275428571428,26864.24,35,1.0978737038788149,0.2920093775219399
2663,CUST00354,CUST00354,ACC14516,7602.26,transfer,branch,2024-02-28T13:00:00+00:00,Transaction 2663,ZW,7164.701388888888,26864.24,36,1.0610714372255183,0.28298809123206164
2686,CUST00354,CUST00354,ACC57799,768.41,transfer,online,2024-03-04T16:00:00+00:00,Transaction 2686,ZW,7176.527297297296,26864.24,37,0.1070726784930346,0.028603452023954517
2699,CUST00354,CUST00354,ACC15495,2567.41,deposit,mobile,2024-03-06T13:00:00+00:00,Transaction 2699,ZW,7007.892631578946,26864.24,38,0.3663597796048907,0.0955697983639217
2690,CUST00354,CUST00354,ACC75887,100.0,withdraw,online,2024-03-10T09:00:00+00:00,Transaction 2690,ZW,6894.0341025641,26864.24,39,0.014505295232410726,0.0037224205858792207
2693,CUST00354,CUST00354,ACC34062,7710.87,transfer,branch,2024-03-12T22:00:00+00:00,Transaction 2693,ZW,6724.183249999999,26864.24,40,1.1467370405171513,0.2870310122303851
2657,CUST00354,CUST00354,ACC39320,7740.63,transfer,online,2024-03-13T15:00:00+00:00,Transaction 2657,ZW,6748.248780487804,26864.24,41,1.1470575925389137,0.28813880459674274
2692,CUST00354,CUST00354,ACC47118,100.0,deposit,mobile,2024-03-16T04:00:00+00:00,Transaction 2692,ZW,6771.8769047619035,26864.24,42,0.014766954775814248,0.0037224205858792207
2682,CUST00354,CUST00354,ACC81601,6723.7,deposit,mobile,2024-03-19T10:00:00+00:00,Transaction 2682,ZW,6616.716976744185,26864.24,43,1.0161685959414357,0.25028439293276117
2680,CUST00354,CUST00354,ACC68150,5965.6,deposit,online,2024-03-22T11:00:00+00:00,Transaction 2680,ZW,6619.148409090908,26864.24,44,0.9012639740493947,0.2220647224712108
2652,CUST00354,CUST00354,ACC19467,5871.04,transfer,mobile,2024-03-24T14:00:00+00:00,Transaction 2652,ZW,6604.62511111111,26864.24,45,0.8889285767519215,0.2185448015652034
2668,CUST00354,CUST00354,ACC82883,8986.83,deposit,mobile,2024-03-24T16:00:00+00:00,Transaction 2668,ZW,6588.677608695651,26864.24,46,1.363980837086231,0.33452760993796954
2691,CUST00354,CUST00354,ACC36042,7864.84,withdraw,branch,2024-03-25T16:00:00+00:00,Transaction 2691,ZW,6639.702127659573,26864.24,47,1.1845169932001567,0.2927624232064633
2653,CUST00354,CUST00354,ACC24742,5670.81,deposit,branch,2024-03-27T14:00:00+00:00,Transaction 2653,ZW,6665.225833333334,26864.24,48,0.85080538031282,0.21109139882609745
2694,CUST00354,CUST00354,ACC37247,100.0,transfer,mobile,2024-03-30T10:00:00+00:00,Transaction 2694,ZW,6644.931632653062,26864.24,49,0.01504906378699248,0.0037224205858792207
2719,CUST00355,CUST00355,ACC85435,5680.0,withdraw,branch,2024-01-01T04:00:00+00:00,Transaction 2719,ZW,5680.0,5680.0,0,1.0,1.0
2710,CUST00355,CUST00355,ACC23723,5159.86,transfer,card,2024-01-01T20:00:00+00:00,Transaction 2710,ZW,5680.0,5680.0,1,0.9084260563380281,0.9084260563380281
2711,CUST00355,CUST00355,ACC22686,6368.92,withdraw,atm,2024-01-02T20:00:00+00:00,Transaction 2711,ZW,5419.93,5680.0,2,1.17509266724847,1.121288732394366
2739,CUST00355,CUST00355,ACC65637,5434.78,deposit,mobile,2024-01-07T14:00:00+00:00,Transaction 2739,ZW,5736.259999999999,6368.92,3,0.9474431075299935,0.8533283508035899
2704,CUST00355,CUST00355,ACC74660,6792.32,withdraw,online,2024-01-08T19:00:00+00:00,Transaction 2704,ZW,5660.889999999999,6368.92,4,1.1998678653003327,1.066479089076327
2718,CUST00355,CUST00355,ACC31537,2475.58,transfer,online,2024-01-09T04:00:00+00:00,Transaction 2718,ZW,5887.1759999999995,6792.32,5,0.4205038205074895,0.3644675162536512
2705,CUST00355,CUST00355,ACC91430,2640.92,transfer,branch,2024-01-10T21:00:00+00:00,Transaction 2705,ZW,5318.576666666667,6792.32,6,0.49654638177006005,0.3888097145010836
2728,CUST00355,CUST00355,ACC50895,4933.06,transfer,online,2024-01-11T02:00:00+00:00,Transaction 2728,ZW,4936.0542857142855,6792.32,7,0.9993933847682853,0.7262702581739378
2737,CUST00355,CUST00355,ACC34347,3197.56,withdraw,online,2024-01-11T12:00:00+00:00,Transaction 2737,ZW,4935.68,6792.32,8,0.6478458895228215,0.47076109488363327
2741,CUST00355,CUST00355,ACC17274,5141.36,withdraw,online,2024-01-13T21:00:00+00:00,Transaction 2741,ZW,4742.555555555556,6792.32,9,1.0840906215589343,0.7569372467728258
2735,CUST00355,CUST00355,ACC37588,5007.27,withdraw,mobile,2024-01-14T07:00:00+00:00,Transaction 2735,ZW,4782.436,6792.32,10,1.047012443031125,0.7371958329407332
2729,CUST00355,CUST00355,ACC63735,4084.37,transfer,mobile,2024-01-15T11:00:00+00:00,Transaction 2729,ZW,4802.875454545455,6792.32,11,0.8504009813817971,0.6013217869593894
2712,CUST00355,CUST00355,ACC66267,3183.9,deposit,online,2024-01-17T19:00:00+00:00,Transaction 2712,ZW,4743.000000000001,6792.32,12,0.6712839974699556,0.46875000000000006
2723,CUST00355,CUST00355,ACC25671,5711.8,transfer,mobile,2024-01-18T05:00:00+00:00,Transaction 2723,ZW,4623.069230769232,6792.32,13,1.2354995598994338,0.8409203335531895
2742,CUST00355,CUST00355,ACC74852,5981.07,transfer,online,2024-01-21T04:00:00+00:00,Transaction 2742,ZW,4700.835714285715,6792.32,14,1.2723418480300612,0.8805636365777819
2736,CUST00355,CUST00355,ACC66714,4419.11,transfer,atm,2024-01-24T01:00:00+00:00,Transaction 2736,ZW,4786.184666666668,6792.32,15,0.923305369050393,0.6506039173654952
2731,CUST00355,CUST00355,ACC51426,6033.94,transfer,branch,2024-01-24T02:00:00+00:00,Transaction 2731,ZW,4763.242499999999,6792.32,16,1.2667715322073148,0.8883474276830302
2708,CUST00355,CUST00355,ACC68680,2970.92,deposit,mobile,2024-01-24T21:00:00+00:00,Transaction 2708,ZW,4837.989411764705,6792.32,17,0.6140815423811204,0.4373939979270706
2709,CUST00355,CUST00355,ACC49413,1884.61,deposit,atm,2024-01-24T21:00:00+00:00,Transaction 2709,ZW,4734.263333333332,6792.32,18,0.3980788281739011,0.2774618981437859
2747,CUST00355,CUST00355,ACC72238,3503.86,withdraw,mobile,2024-01-27T00:00:00+00:00,Transaction 2747,ZW,4584.281578947368,6792.32,19,0.7643204152404068,0.5158561434090267
2724,CUST00355,CUST00355,ACC99989,2102.73,transfer,mobile,2024-01-27T04:00:00+00:00,Transaction 2724,ZW,4530.260499999999,6792.32,20,0.4641521166387673,0.30957463723735046
2713,CUST00355,CUST00355,ACC11517,763.64,deposit,atm,2024-01-27T18:00:00+00:00,Transaction 2713,ZW,4414.663809523809,6792.32,21,0.17297806423052872,0.11242697634975973
2706,CUST00355,CUST00355,ACC56054,4310.67,transfer,branch,2024-01-29T20:00:00+00:00,Transaction 2706,ZW,4248.708181818181,6792.32,22,1.01458368415298,0.6346388273815132
2740,CUST00355,CUST00355,ACC66721,3030.35,transfer,mobile,2024-02-02T06:00:00+00:00,Transaction 2740,ZW,4251.402173913043,6792.32,23,0.7127883639413084,0.44614358569678697
2720,CUST00355,CUST00355,ACC37152,4700.13,transfer,mobile,2024-02-04T13:00:00+00:00,Transaction 2720,ZW,4200.525000000001,6792.32,24,1.11893870409056,0.6919771153302554
2715,CUST00355,CUST00355,ACC29264,2538.66,deposit,online,2024-02-06T20:00:00+00:00,Transaction 2715,ZW,4220.5092,6792.32,25,0.6015056192745651,0.37375447564307923
2732,CUST00355,CUST00355,ACC48745,3150.41,withdraw,mobile,2024-02-10T15:00:00+00:00,Transaction 2732,ZW,4155.822692307693,6792.32,26,0.758071321433255,0.46381943135776876
2730,CUST00355,CUST00355,ACC46526,4155.18,transfer,online,2024-02-10T16:00:00+00:00,Transaction 2730,ZW,4118.585185185186,6792.32,27,1.0088852878280747,0.611746796381796
2701,CUST00355,CUST00355,ACC83386,3677.29,transfer,card,2024-02-12T21:00:00+00:00,Transaction 2701,ZW,4119.892142857143,6792.32,28,0.8925694830083103,0.5413893927259023
2746,CUST00355,CUST00355,ACC82969,3413.17,deposit,online,2024-02-16T17:00:00+00:00,Transaction 2746,ZW,4104.63,6792.32,29,0.8315414544063655,0.5025042989729577
2733,CUST00355,CUST00355,ACC56146,3368.31,deposit,atm,2024-02-18T04:00:00+00:00,Transaction 2733,NL,4081.5813333333335,6792.32,30,0.8252463260971401,0.4958997809290493
2750,CUST00355,CUST00355,ACC52858,3397.18,withdraw,mobile,2024-02-18T21:00:00+00:00,Transaction 2750,ZW,4058.5725806451615,6792.32,31,0.8370381291690427,0.5001501696033167
2727,CUST00355,CUST00355,ACC10634,5462.46,withdraw,mobile,2024-02-21T17:00:00+00:00,Transaction 2727,ZW,4037.9040625,6792.32,32,1.3527958850557757,0.804211226797324
2748,CUST00355,CUST00355,ACC40327,5551.09,deposit,card,2024-02-21T21:00:00+00:00,Transaction 2748,ZW,4081.072424242424,6792.32,33,1.3602037462078262,0.8172597875247338
2722,CUST00355,CUST00355,ACC51162,6955.32,withdraw,card,2024-02-24T05:00:00+00:00,Transaction 2722,ZW,4124.308235294117,6792.32,34,1.6864209955209601,1.0239976915104119
2716,CUST00355,CUST00355,ACC86951,6602.49,deposit,card,2024-02-29T06:00:00+00:00,Transaction 2716,ZW,4205.194285714286,6955.32,35,1.5700796565879749,0.9492719242249099
2717,CUST00355,CUST00355,ACC33167,1882.58,deposit,branch,2024-02-29T06:00:00+00:00,Transaction 2717,ZW,4271.785833333332,6955.32,36,0.4407009324554544,0.270667632833572
2714,CUST00355,CUST00355,ACC14912,5518.88,withdraw,branch,2024-02-29T21:00:00+00:00,Transaction 2714,ZW,4207.212702702702,6955.32,37,1.3117663379497515,0.7934760729916094
2743,CUST00355,CUST00355,ACC76372,5495.85,transfer,card,2024-03-02T17:00:00+00:00,Transaction 2743,ZW,4241.730263157894,6955.32,38,1.295662302653926,0.7901649384931247
2702,CUST00355,CUST00355,ACC68787,100.0,transfer,mobile,2024-03-04T19:00:00+00:00,Transaction 2702,ZW,4273.887179487179,6955.32,39,0.023397903547842113,0.014377483710310958
2703,CUST00355,CUST00355,ACC90025,5659.96,transfer,online,2024-03-06T21:00:00+00:00,Transaction 2703,ZW,4169.54,6955.32,40,1.3574542995150545,0.8137598270101161
2725,CUST00355,CUST00355,ACC54676,1723.96,transfer,atm,2024-03-07T19:00:00+00:00,Transaction 2725,ZW,4205.891707317073,6955.32,41,0.4098916757654013,0.24786206817227677
2744,CUST00355,CUST00355,ACC15773,2198.17,transfer,branch,2024-03-11T21:00:00+00:00,Transaction 2744,ZW,4146.798095238095,6955.32,42,0.5300885043147462,0.31604153367494237
2707,CUST00355,CUST00355,ACC95794,2318.89,transfer,branch,2024-03-21T18:00:00+00:00,Transaction 2707,ZW,4101.481162790697,6955.32,43,0.5653786785704019,0.3333980320100297
2721,CUST00355,CUST00355,ACC52227,5590.07,withdraw,online,2024-03-24T10:00:00+00:00,Transaction 2721,ZW,4060.9677272727276,6955.32,44,1.3765364256549237,0.8037114036449796
2734,CUST00355,CUST00355,ACC20058,624.65,deposit,branch,2024-03-24T14:00:00+00:00,Transaction 2734,ZW,4094.9477777777784,6955.32,45,0.15254162785416064,0.08980895199645739
2738,CUST00355,CUST00355,ACC29214,3919.36,deposit,mobile,2024-03-24T20:00:00+00:00,Transaction 2738,ZW,4019.5065217391307,6955.32,46,0.9750848714394423,0.5635053455484436
2726,CUST00355,CUST00355,ACC15355,3708.61,transfer,mobile,2024-03-26T01:00:00+00:00,Transaction 2726,ZW,4017.3757446808513,6955.32,47,0.9231424282158153,0.5332047986289632
2749,CUST00355,CUST00355,ACC80737,6784.98,withdraw,online,2024-03-29T07:00:00+00:00,Transaction 2749,ZW,4010.943125,6955.32,48,1.6916171056402103,0.9755093942478563
2745,CUST00355,CUST00355,ACC27027,3510.23,deposit,online,2024-03-30T03:00:00+00:00,Transaction 2745,NL,4067.5561224489797,6955.32,49,0.8629825611076198,0.5046827464444483
2779,CUST00356,CUST00356,ACC28615,812.29,deposit,mobile,2024-01-03T03:00:00+00:00,Transaction 2779,ZW,812.29,812.29,0,1.0,1.0
2796,CUST00356,CUST00356,ACC90017,2181.89,deposit,online,2024-01-04T20:00:00+00:00,Transaction 2796,ZW,812.29,812.29,1,2.686097329771387,2.686097329771387
2756,CUST00356,CUST00356,ACC92440,2614.67,withdraw,atm,2024-01-06T13:00:00+00:00,Transaction 2756,ZW,1497.09,2181.89,2,1.7465015463332199,1.1983509709472064
2787,CUST00356,CUST00356,ACC18676,770.85,transfer,branch,2024-01-07T00:00:00+00:00,Transaction 2787,ZW,1869.6166666666668,2614.67,3,0.4123037699350134,0.2948173192028057
2797,CUST00356,CUST00356,ACC54480,3050.81,deposit,branch,2024-01-07T14:00:00+00:00,Transaction 2797,ZW,1594.9250000000002,2614.67,4,1.912823486997821,1.166804988774874
2780,CUST00356,CUST00356,ACC71223,1904.91,withdraw,mobile,2024-01-08T22:00:00+00:00,Transaction 2780,ZW,1886.102,3050.81,5,1.009971889113102,0.6243948328476701
2771,CUST00356,CUST00356,ACC53264,1021.1,deposit,mobile,2024-01-12T08:00:00+00:00,Transaction 2771,ZW,1889.2366666666667,3050.81,6,0.5404828405123057,0.3346979982365339
2795,CUST00356,CUST00356,ACC69538,100.0,transfer,branch,2024-01-14T20:00:00+00:00,Transaction 2795,ZW,1765.217142857143,3050.81,7,0.05665025427871277,0.032778180220990494
2761,CUST00356,CUST00356,ACC68419,2915.63,withdraw,online,2024-01-15T15:00:00+00:00,Transaction 2761,ZW,1557.065,3050.81,8,1.872516561607897,0.9556904559772651
2752,CUST00356,CUST00356,ACC17235,938.7,transfer,card,2024-01-17T13:00:00+00:00,Transaction 2752,ZW,1708.0166666666669,3050.81,9,0.5495848010850791,0.30768877773443776
2785,CUST00356,CUST00356,ACC23827,1397.33,transfer,atm,2024-01-17T14:00:00+00:00,Transaction 2785,ZW,1631.0850000000003,3050.81,10,0.8566874197236807,0.4580193456819664
2763,CUST00356,CUST00356,ACC65951,3134.8,transfer,branch,2024-01-17T16:00:00+00:00,Transaction 2763,ZW,1609.8345454545454,3050.81,11,1.9472808611613392,1.02753039356761
2799,CUST00356,CUST00356,ACC81798,1559.87,transfer,atm,2024-01-19T18:00:00+00:00,Transaction 2799,ZW,1736.915,3134.8,12,0.8980692780015141,0.4975979328824805
2792,CUST00356,CUST00356,ACC42306,3565.62,deposit,branch,2024-01-19T19:00:00+00:00,Transaction 2792,ZW,1723.2961538461536,3134.8,13,2.069069783532006,1.1374314150823017
2782,CUST00356,CUST00356,ACC30670,2614.98,deposit,branch,2024-01-23T12:00:00+00:00,Transaction 2782,ZW,1854.890714285714,3565.62,14,1.4097757780878122,0.7333871809110337
2781,CUST00356,CUST00356,ACC33836,5656.71,transfer,branch,2024-01-25T03:00:00+00:00,Transaction 2781,ZW,1905.563333333333,3565.62,15,2.968523743634866,1.5864590169451596
2769,CUST00356,CUST00356,ACC99425,3625.67,deposit,online,2024-01-26T08:00:00+00:00,Transaction 2769,ZW,2140.01,5656.71,16,1.6942304007925195,0.6409503050359662
2764,CUST00356,CUST00356,ACC16119,100.0,transfer,online,2024-01-30T16:00:00+00:00,Transaction 2764,ZW,2227.4017647058827,5656.71,17,0.044895358163283355,0.017678120320822527
2786,CUST00356,CUST00356,ACC10097,413.38,deposit,branch,2024-02-02T03:00:00+00:00,Transaction 2786,ZW,2109.212777777778,5656.71,18,0.1959878132520743,0.07307781378221616
2789,CUST00356,CUST00356,ACC45919,2866.32,deposit,branch,2024-02-03T06:00:00+00:00,Transaction 2789,ZW,2019.9584210526316,5656.71,19,1.4189995052008628,0.5067114983798003
2773,CUST00356,CUST00356,ACC43306,2758.17,withdraw,atm,2024-02-03T18:00:00+00:00,Transaction 2773,ZW,2062.2765,5656.71,20,1.337439475259501,0.4875926112528307
2790,CUST00356,CUST00356,ACC97238,2479.15,deposit,mobile,2024-02-04T00:00:00+00:00,Transaction 2790,ZW,2095.4142857142856,5656.71,21,1.1831311912407367,0.4382671199336717
2793,CUST00356,CUST00356,ACC20549,2874.53,deposit,branch,2024-02-06T04:00:00+00:00,Transaction 2793,ZW,2112.856818181818,5656.71,22,1.3604944619359614,0.5081628720581398
2767,CUST00356,CUST00356,ACC92384,1211.52,withdraw,branch,2024-02-09T04:00:00+00:00,Transaction 2767,ZW,2145.973043478261,5656.71,23,0.5645550878105766,0.21417396331082908
2798,CUST00356,CUST00356,ACC51926,100.0,deposit,branch,2024-02-19T02:00:00+00:00,Transaction 2798,ZW,2107.0375,5656.71,24,0.04746000011865,0.017678120320822527
2751,CUST00356,CUST00356,ACC91065,420.65,withdraw,online,2024-02-22T14:00:00+00:00,Transaction 2751,ZW,2026.756,5656.71,25,0.20754841727371226,0.07436301312953995
2783,CUST00356,CUST00356,ACC41567,924.91,transfer,atm,2024-02-23T12:00:00+00:00,Transaction 2783,ZW,1964.9826923076923,5656.71,26,0.4706962578452932,0.16350670265931963
2765,CUST00356,CUST00356,ACC21125,202.41,transfer,online,2024-02-23T16:00:00+00:00,Transaction 2765,ZW,1926.4614814814818,5656.71,27,0.1050682829351684,0.035782283341376876
2778,CUST00356,CUST00356,ACC43888,842.61,withdraw,mobile,2024-02-24T02:00:00+00:00,Transaction 2778,ZW,1864.8882142857146,5656.71,28,0.45182869061282294,0.1489576096352827
2794,CUST00356,CUST00356,ACC20444,1065.28,withdraw,branch,2024-02-27T01:00:00+00:00,Transaction 2794,ZW,1829.6372413793108,5656.71,29,0.5822356344238577,0.1883214801536582
2760,CUST00356,CUST00356,ACC41404,100.0,transfer,branch,2024-02-28T13:00:00+00:00,Transaction 2760,ZW,1804.158666666667,5656.71,30,0.05542749750761019,0.017678120320822527
2772,CUST00356,CUST00356,ACC13363,3711.74,deposit,branch,2024-03-05T16:00:00+00:00,Transaction 2772,ZW,1749.1858064516132,5656.71,31,2.1219815449621167,0.656165863196098
2791,CUST00356,CUST00356,ACC40841,3918.63,withdraw,atm,2024-03-10T01:00:00+00:00,Transaction 2791,ZW,1810.515625,5656.71,32,2.164372373201695,0.6927401263278479
2770,CUST00356,CUST00356,ACC66227,739.18,deposit,mobile,2024-03-11T14:00:00+00:00,Transaction 2770,ZW,1874.3978787878787,5656.71,33,0.39435597338490763,0.13067312978745596
2766,CUST00356,CUST00356,ACC80903,868.18,deposit,online,2024-03-11T17:00:00+00:00,Transaction 2766,ZW,1841.0091176470587,5656.71,34,0.4715783271674374,0.153477905001317
2754,CUST00356,CUST00356,ACC84789,100.0,withdraw,mobile,2024-03-13T15:00:00+00:00,Transaction 2754,ZW,1813.214,5656.71,35,0.055150688225438366,0.017678120320822527
2800,CUST00356,CUST00356,ACC30606,2603.47,transfer,branch,2024-03-15T14:00:00+00:00,Transaction 2800,ZW,1765.624722222222,5656.71,36,1.4745319133973511,0.46024455911651824
2788,CUST00356,CUST00356,ACC50268,4181.55,transfer,branch,2024-03-16T06:00:00+00:00,Transaction 2788,ZW,1788.2691891891889,5656.71,37,2.3383224546277277,0.7392194402753545
2757,CUST00356,CUST00356,ACC51539,3193.04,deposit,online,2024-03-17T13:00:00+00:00,Transaction 2757,ZW,1851.2502631578946,5656.71,38,1.7248019155191137,0.5644694530919916
2768,CUST00356,CUST00356,ACC34727,661.74,withdraw,card,2024-03-17T16:00:00+00:00,Transaction 2768,ZW,1885.655128205128,5656.71,39,0.3509337365575863,0.11698319341101099
2774,CUST00356,CUST00356,ACC52779,3116.56,transfer,card,2024-03-18T11:00:00+00:00,Transaction 2774,ZW,1855.0572500000003,5656.71,40,1.6800344032508967,0.5509492266706265
2762,CUST00356,CUST00356,ACC51709,903.72,withdraw,online,2024-03-18T13:00:00+00:00,Transaction 2762,ZW,1885.8256097560977,5656.71,41,0.479217163731742,0.15976070896333736
2777,CUST00356,CUST00356,ACC13378,1964.19,deposit,branch,2024-03-18T21:00:00+00:00,Transaction 2777,ZW,1862.442142857143,5656.71,42,1.0546314190392876,0.34723187152956403
2776,CUST00356,CUST00356,ACC88712,665.69,transfer,branch,2024-03-19T09:00:00+00:00,Transaction 2776,ZW,1864.8083720930235,5656.71,43,0.35697501682322613,0.11768147916368349
2775,CUST00356,CUST00356,ACC70836,1388.05,withdraw,branch,2024-03-20T16:00:00+00:00,Transaction 2775,ZW,1837.5556818181822,5656.71,44,0.7553784702875421,0.24538114911317707
2784,CUST00356,CUST00356,ACC62840,2699.55,transfer,online,2024-03-22T05:00:00+00:00,Transaction 2784,ZW,1827.566666666667,5656.71,45,1.477128057344009,0.4772296971207646
2753,CUST00356,CUST00356,ACC86821,1555.96,deposit,branch,2024-03-24T13:00:00+00:00,Transaction 2753,ZW,1846.522826086957,5656.71,46,0.8426432525057377,0.2750644809438702
2758,CUST00356,CUST00356,ACC17686,1486.3,transfer,online,2024-03-26T13:00:00+00:00,Transaction 2758,ZW,1840.3406382978728,5656.71,47,0.8076222244239935,0.26274990232838524
2755,CUST00356,CUST00356,ACC24524,4621.49,transfer,online,2024-03-28T16:00:00+00:00,Transaction 2755,ZW,1832.9647916666665,5656.71,48,2.5213195698089765,0.8169925628147809
2759,CUST00356,CUST00356,ACC87064,1569.16,withdraw,branch,2024-03-29T14:00:00+00:00,Transaction 2759,ZW,1889.8734693877552,5656.71,49,0.830298972612355,0.2773979928262188
2831,CUST00357,CUST00357,ACC18549,100.0,withdraw,atm,2024-01-05T01:00:00+00:00,Transaction 2831,ZW,100.0,100.0,0,1.0,1.0
2819,CUST00357,CUST00357,ACC57068,100.0,transfer,online,2024-01-08T00:00:00+00:00,Transaction 2819,ZW,100.0,100.0,1,1.0,1.0
2839,CUST00357,CUST00357,ACC51685,270.43,withdraw,atm,2024-01-08T15:00:00+00:00,Transaction 2839,ZW,100.0,100.0,2,2.7043,2.7043
2801,CUST00357,CUST00357,ACC79154,100.0,transfer,card,2024-01-10T00:00:00+00:00,Transaction 2801,ZW,156.81,270.43,3,0.6377144314775843,0.3697814591576378
2813,CUST00357,CUST00357,ACC19169,5999.54,deposit,atm,2024-01-10T15:00:00+00:00,Transaction 2813,ZW,142.60750000000002,270.43,4,42.07029784548498,22.185186554746146
2822,CUST00357,CUST00357,ACC86496,771.01,transfer,card,2024-01-11T08:00:00+00:00,Transaction 2822,ZW,1313.9940000000001,5999.54,5,0.586768280524873,0.12851151921647327
2838,CUST00357,CUST00357,ACC20418,100.0,withdraw,card,2024-01-12T08:00:00+00:00,Transaction 2838,ZW,1223.4966666666667,5999.54,6,0.08173295663521764,0.01666794454241492
2804,CUST00357,CUST00357,ACC96890,100.0,withdraw,mobile,2024-01-12T18:00:00+00:00,Transaction 2804,ZW,1062.997142857143,5999.54,7,0.09407363008635958,0.01666794454241492
2824,CUST00357,CUST00357,ACC46632,100.0,deposit,card,2024-01-16T15:00:00+00:00,Transaction 2824,ZW,942.6225000000001,5999.54,8,0.10608700725900347,0.01666794454241492
2823,CUST00357,CUST00357,ACC10951,4114.97,deposit,branch,2024-01-18T19:00:00+00:00,Transaction 2823,ZW,848.9977777777779,5999.54,9,4.846856031556161,0.6858809175370112
2844,CUST00357,CUST00357,ACC16712,1603.04,withdraw,atm,2024-01-18T20:00:00+00:00,Transaction 2844,ZW,1175.595,5999.54,10,1.3635988584504017,0.2671938181927281
2845,CUST00357,CUST00357,ACC13994,100.0,deposit,mobile,2024-01-19T02:00:00+00:00,Transaction 2845,ZW,1214.4536363636364,5999.54,11,0.0823415542642071,0.01666794454241492
2807,CUST00357,CUST00357,ACC60245,3418.8,withdraw,mobile,2024-01-20T04:00:00+00:00,Transaction 2807,ZW,1121.5825000000002,5999.54,12,3.048193066493102,0.5698436880160813
2847,CUST00357,CUST00357,ACC64973,100.0,withdraw,card,2024-01-25T02:00:00+00:00,Transaction 2847,ZW,1298.2915384615385,5999.54,13,0.07702430235238145,0.01666794454241492
2821,CUST00357,CUST00357,ACC42465,3027.38,withdraw,atm,2024-01-28T02:00:00+00:00,Transaction 2821,ZW,1212.6992857142857,5999.54,14,2.4963979410747807,0.5046020194881607
2820,CUST00357,CUST00357,ACC55585,100.0,deposit,mobile,2024-01-30T22:00:00+00:00,Transaction 2820,ZW,1333.678,5999.54,15,0.07498061751037356,0.01666794454241492
2832,CUST00357,CUST00357,ACC79404,100.0,transfer,card,2024-01-31T17:00:00+00:00,Transaction 2832,ZW,1256.573125,5999.54,16,0.0795815205740613,0.01666794454241492
2835,CUST00357,CUST00357,ACC39160,3174.18,deposit,mobile,2024-02-01T08:00:00+00:00,Transaction 2835,ZW,1188.5394117647058,5999.54,17,2.67065607465812,0.5290705620764259
2816,CUST00357,CUST00357,ACC83009,100.0,withdraw,mobile,2024-02-04T12:00:00+00:00,Transaction 2816,ZW,1298.8527777777776,5999.54,18,0.07699101985298994,0.01666794454241492
2837,CUST00357,CUST00357,ACC79423,100.0,withdraw,mobile,2024-02-07T11:00:00+00:00,Transaction 2837,ZW,1235.7552631578947,5999.54,19,0.08092217203627869,0.01666794454241492
2846,CUST00357,CUST00357,ACC44440,100.0,transfer,mobile,2024-02-07T21:00:00+00:00,Transaction 2846,ZW,1178.9675,5999.54,20,0.08481998019453463,0.01666794454241492
2849,CUST00357,CUST00357,ACC18926,8827.02,withdraw,mobile,2024-02-08T06:00:00+00:00,Transaction 2849,ZW,1127.588095238095,5999.54,21,7.828230926946898,1.4712827983478733
2826,CUST00357,CUST00357,ACC79510,1141.12,deposit,mobile,2024-02-08T08:00:00+00:00,Transaction 2826,ZW,1477.5622727272728,8827.02,22,0.7722990909166417,0.12927579183008533
2811,CUST00357,CUST00357,ACC44683,3145.59,transfer,atm,2024-02-09T14:00:00+00:00,Transaction 2811,ZW,1462.9343478260869,8827.02,23,2.1501921837260376,0.3563592242908705
2805,CUST00357,CUST00357,ACC29747,100.0,deposit,online,2024-02-10T17:00:00+00:00,Transaction 2805,ZW,1533.045,8827.02,24,0.06522965731599528,0.011328851639624698
2834,CUST00357,CUST00357,ACC89776,2087.88,deposit,branch,2024-02-10T20:00:00+00:00,Transaction 2834,ZW,1475.7232000000001,8827.02,25,1.4148181718631243,0.23653282761339614
2828,CUST00357,CUST00357,ACC20822,100.0,withdraw,branch,2024-02-11T11:00:00+00:00,Transaction 2828,ZW,1499.2676923076922,8827.02,26,0.06669922957259135,0.011328851639624698
2808,CUST00357,CUST00357,ACC67929,1286.94,transfer,branch,2024-02-11T15:00:00+00:00,Transaction 2808,ZW,1447.4429629629628,8827.02,27,0.8891127546508583,0.14579552329098608
2812,CUST00357,CUST00357,ACC30491,2898.7,transfer,atm,2024-02-24T01:00:00+00:00,Transaction 2812,ZW,1441.7107142857144,8827.02,28,2.0105975292249534,0.32838942247780106
2825,CUST00357,CUST00357,ACC37664,951.62,deposit,card,2024-02-24T12:00:00+00:00,Transaction 2825,ZW,1491.951724137931,8827.02,29,0.6378356515187235,0.10780761797299654
2840,CUST00357,CUST00357,ACC58310,2015.12,withdraw,card,2024-02-25T12:00:00+00:00,Transaction 2840,ZW,1473.9406666666666,8827.02,30,1.3671649378921178,0.22828995516040518
2817,CUST00357,CUST00357,ACC34565,2125.25,deposit,card,2024-02-26T11:00:00+00:00,Transaction 2817,ZW,1491.3980645161291,8827.02,31,1.4250052018737993,0.24076641947112387
2843,CUST00357,CUST00357,ACC18251,3962.7,deposit,mobile,2024-02-27T19:00:00+00:00,Transaction 2843,ZW,1511.2059375,8827.02,32,2.6222104490639615,0.4489284039234079
2830,CUST00357,CUST00357,ACC97650,1192.81,deposit,card,2024-03-01T14:00:00+00:00,Transaction 2830,ZW,1585.4936363636361,8827.02,33,0.7523272075287135,0.13513167524260736
2850,CUST00357,CUST00357,ACC22262,100.0,deposit,online,2024-03-02T04:00:00+00:00,Transaction 2850,ZW,1573.9441176470586,8827.02,34,0.06353465722118097,0.011328851639624698
2810,CUST00357,CUST00357,ACC95234,2709.91,deposit,branch,2024-03-04T21:00:00+00:00,Transaction 2810,ZW,1531.8314285714284,8827.02,35,1.7690654137624244,0.3070016834673536
2833,CUST00357,CUST00357,ACC72042,5562.3,transfer,mobile,2024-03-05T04:00:00+00:00,Transaction 2833,ZW,1564.555833333333,8827.02,36,3.555194312336782,0.6301447147508445
2806,CUST00357,CUST00357,ACC71777,3058.88,deposit,online,2024-03-07T13:00:00+00:00,Transaction 2806,ZW,1672.602972972973,8827.02,37,1.8288141593835534,0.34653597703415195
2814,CUST00357,CUST00357,ACC44728,100.0,deposit,card,2024-03-08T14:00:00+00:00,Transaction 2814,ZW,1709.083947368421,8827.02,38,0.05851087663305012,0.011328851639624698
2841,CUST00357,CUST00357,ACC21145,1293.96,deposit,atm,2024-03-09T14:00:00+00:00,Transaction 2841,ZW,1667.8253846153846,8827.02,39,0.7758366145136943,0.14659080867608773
2809,CUST00357,CUST00357,ACC84070,4234.21,transfer,mobile,2024-03-14T16:00:00+00:00,Transaction 2809,ZW,1658.4787499999998,8827.02,40,2.5530685877042445,0.4796873690101529
2829,CUST00357,CUST00357,ACC74161,100.0,transfer,mobile,2024-03-15T03:00:00+00:00,Transaction 2829,ZW,1721.301463414634,8827.02,41,0.058095576007717364,0.011328851639624698
2802,CUST00357,CUST00357,ACC72446,100.0,deposit,mobile,2024-03-16T05:00:00+00:00,Transaction 2802,ZW,1682.6990476190476,8827.02,42,0.05942833339181836,0.011328851639624698
2818,CUST00357,CUST00357,ACC30415,2327.91,deposit,mobile,2024-03-19T02:00:00+00:00,Transaction 2818,ZW,1645.892093023256,8827.02,43,1.41437583294053,0.2637254702039873
2803,CUST00357,CUST00357,ACC12652,2067.21,transfer,online,2024-03-19T16:00:00+00:00,Transaction 2803,ZW,1661.3925000000002,8827.02,44,1.244263471756373,0.2341911539794857
2815,CUST00357,CUST00357,ACC57376,578.7,deposit,card,2024-03-21T02:00:00+00:00,Transaction 2815,ZW,1670.4106666666669,8827.02,45,0.34644175324550924,0.06556006443850813
2827,CUST00357,CUST00357,ACC45243,1388.89,deposit,card,2024-03-22T01:00:00+00:00,Transaction 2827,ZW,1646.6778260869567,8827.02,46,0.843449749548432,0.15734528753758348
2842,CUST00357,CUST00357,ACC62140,4269.3,transfer,card,2024-03-23T15:00:00+00:00,Transaction 2842,CA,1641.1929787234044,8827.02,47,2.6013394252520254,0.4836626630504972
2848,CUST00357,CUST00357,ACC85949,100.0,deposit,online,2024-03-26T11:00:00+00:00,Transaction 2848,ZW,1695.9452083333333,8827.02,48,0.058964169071401555,0.011328851639624698
2836,CUST00357,CUST00357,ACC89444,100.0,deposit,card,2024-03-28T07:00:00+00:00,Transaction 2836,ZW,1663.3748979591835,8827.02,49,0.06011873818866169,0.011328851639624698
2895,CUST00358,CUST00358,ACC40890,100.0,withdraw,online,2024-01-01T12:00:00+00:00,Transaction 2895,ZW,100.0,100.0,0,1.0,1.0
2899,CUST00358,CUST00358,ACC36923,100.0,withdraw,online,2024-01-01T17:00:00+00:00,Transaction 2899,ZW,100.0,100.0,1,1.0,1.0
2855,CUST00358,CUST00358,ACC59360,342.32,transfer,mobile,2024-01-01T18:00:00+00:00,Transaction 2855,ZW,100.0,100.0,2,3.4232,3.4232
2865,CUST00358,CUST00358,ACC96909,1599.78,transfer,online,2024-01-01T21:00:00+00:00,Transaction 2865,ZW,180.7733333333333,342.32,3,8.849645965481635,4.673346576302874
2900,CUST00358,CUST00358,ACC54764,100.0,withdraw,online,2024-01-07T05:00:00+00:00,Transaction 2900,ZW,535.525,1599.78,4,0.18673264553475563,0.06250859493180312
2877,CUST00358,CUST00358,ACC55642,100.0,transfer,online,2024-01-07T07:00:00+00:00,Transaction 2877,ZW,448.41999999999996,1599.78,5,0.22300521832210876,0.06250859493180312
2868,CUST00358,CUST00358,ACC36195,341.48,transfer,online,2024-01-09T02:00:00+00:00,Transaction 2868,ZW,390.34999999999997,1599.78,6,0.8748046624823878,0.21345434997312132
2874,CUST00358,CUST00358,ACC90885,100.0,withdraw,online,2024-01-10T17:00:00+00:00,Transaction 2874,ZW,383.36857142857144,1599.78,7,0.2608455868653068,0.06250859493180312
2866,CUST00358,CUST00358,ACC68588,591.82,transfer,online,2024-01-12T06:00:00+00:00,Transaction 2866,ZW,347.9475,1599.78,8,1.7008887835090065,0.3699383665253973
2881,CUST00358,CUST00358,ACC14216,250.39,deposit,online,2024-01-13T15:00:00+00:00,Transaction 2881,ZW,375.0444444444445,1599.78,9,0.6676275404396514,0.15651527084974184
2873,CUST00358,CUST00358,ACC29999,2178.2,transfer,mobile,2024-01-15T11:00:00+00:00,Transaction 2873,ZW,362.579,1599.78,10,6.007518361515697,1.3615622148045354
2851,CUST00358,CUST00358,ACC76331,100.0,transfer,online,2024-01-21T18:00:00+00:00,Transaction 2851,ZW,527.6354545454545,2178.2,11,0.1895247924272785,0.0459094665319989
2878,CUST00358,CUST00358,ACC23172,884.36,transfer,mobile,2024-01-23T07:00:00+00:00,Transaction 2878,ZW,491.99916666666667,2178.2,12,1.797482719313549,0.40600495822238547
2864,CUST00358,CUST00358,ACC53428,617.46,withdraw,mobile,2024-01-24T18:00:00+00:00,Transaction 2864,FR,522.1807692307692,2178.2,13,1.182464074480544,0.2834725920484804
2888,CUST00358,CUST00358,ACC36843,100.0,withdraw,mobile,2024-01-25T16:00:00+00:00,Transaction 2888,ZW,528.9864285714285,2178.2,14,0.1890407666413262,0.0459094665319989
2856,CUST00358,CUST00358,ACC44224,380.02,deposit,mobile,2024-01-25T20:00:00+00:00,Transaction 2856,ZW,500.3873333333333,2178.2,15,0.7594516781000319,0.17446515471490223
2859,CUST00358,CUST00358,ACC76747,342.32,transfer,atm,2024-01-27T20:00:00+00:00,Transaction 2859,ZW,492.864375,2178.2,16,0.6945521270430633,0.15715728583233865
2863,CUST00358,CUST00358,ACC40993,1499.02,transfer,mobile,2024-01-28T18:00:00+00:00,Transaction 2863,ZW,484.00882352941176,2178.2,17,3.097092298997952,0.6881920852079699
2892,CUST00358,CUST00358,ACC56500,1336.01,transfer,card,2024-02-02T15:00:00+00:00,Transaction 2892,ZW,540.3983333333333,2178.2,18,2.4722689127464617,0.6133550638141585
2891,CUST00358,CUST00358,ACC58287,1337.85,transfer,online,2024-02-03T10:00:00+00:00,Transaction 2891,ZW,582.2726315789474,2178.2,19,2.2976350380270407,0.6141997979983472
2896,CUST00358,CUST00358,ACC45674,100.0,transfer,mobile,2024-02-03T12:00:00+00:00,Transaction 2896,ZW,620.0515,2178.2,20,0.16127692619080833,0.0459094665319989
2886,CUST00358,CUST00358,ACC87790,1426.01,transfer,online,2024-02-05T06:00:00+00:00,Transaction 2886,ZW,595.2871428571428,2178.2,21,2.3954994108485463,0.6546735836929576
2858,CUST00358,CUST00358,ACC20003,414.95,deposit,online,2024-02-05T20:00:00+00:00,Transaction 2858,ZW,633.0472727272728,2178.2,22,0.6554802743440098,0.19050133137452943
2884,CUST00358,CUST00358,ACC40485,100.0,transfer,online,2024-02-14T17:00:00+00:00,Transaction 2884,ZW,623.5647826086957,2178.2,23,0.16036826130822848,0.0459094665319989
2853,CUST00358,CUST00358,ACC62091,100.0,withdraw,online,2024-02-14T18:00:00+00:00,Transaction 2853,ZW,601.7495833333334,2178.2,24,0.16618208432494413,0.0459094665319989
2852,CUST00358,CUST00358,ACC67156,100.0,transfer,online,2024-02-17T18:00:00+00:00,Transaction 2852,ZW,581.6795999999999,2178.2,25,0.17191594822991904,0.0459094665319989
2867,CUST00358,CUST00358,ACC40335,401.81,deposit,atm,2024-02-18T22:00:00+00:00,Transaction 2867,ZW,563.1534615384616,2178.2,26,0.7135000092200582,0.1844688274722248
2870,CUST00358,CUST00358,ACC78907,1923.78,transfer,mobile,2024-02-27T12:00:00+00:00,Transaction 2870,ZW,557.1777777777778,2178.2,27,3.4527220516093005,0.8831971352492884
2854,CUST00358,CUST00358,ACC57438,1695.93,transfer,card,2024-02-28T20:00:00+00:00,Transaction 2854,ZW,605.9849999999999,2178.2,28,2.7986336295452863,0.778592415756129
2869,CUST00358,CUST00358,ACC42511,100.0,withdraw,atm,2024-03-02T00:00:00+00:00,Transaction 2869,ZW,643.5693103448275,2178.2,29,0.15538341930322863,0.0459094665319989
2880,CUST00358,CUST00358,ACC48897,1094.01,deposit,online,2024-03-02T03:00:00+00:00,Transaction 2880,ZW,625.4503333333333,2178.2,30,1.749155675030951,0.5022541548067212
2876,CUST00358,CUST00358,ACC85178,100.0,transfer,atm,2024-03-03T02:00:00+00:00,Transaction 2876,ZW,640.5651612903225,2178.2,31,0.15611214290606282,0.0459094665319989
2890,CUST00358,CUST00358,ACC38023,2525.36,transfer,online,2024-03-05T13:00:00+00:00,Transaction 2890,ZW,623.6725,2178.2,32,4.04917645078146,1.1593793040124876
2883,CUST00358,CUST00358,ACC47309,187.59,transfer,mobile,2024-03-06T15:00:00+00:00,Transaction 2883,ZW,681.299393939394,2525.36,33,0.27534150429126514,0.07428247853771343
2898,CUST00358,CUST00358,ACC88879,1274.63,transfer,mobile,2024-03-07T21:00:00+00:00,Transaction 2898,ZW,666.7785294117648,2525.36,34,1.9116242406972594,0.5047319986061394
2893,CUST00358,CUST00358,ACC78474,990.94,transfer,card,2024-03-10T14:00:00+00:00,Transaction 2893,ZW,684.1457142857143,2525.36,35,1.4484341263974674,0.3923955396458327
2879,CUST00358,CUST00358,ACC74147,100.0,withdraw,mobile,2024-03-14T12:00:00+00:00,Transaction 2879,ZW,692.6677777777778,2525.36,36,0.14436935455669786,0.03959831469572655
2875,CUST00358,CUST00358,ACC98608,100.0,withdraw,online,2024-03-15T14:00:00+00:00,Transaction 2875,ZW,676.6497297297298,2525.36,37,0.1477869503324008,0.03959831469572655
2871,CUST00358,CUST00358,ACC39232,310.02,withdraw,online,2024-03-17T00:00:00+00:00,Transaction 2871,ZW,661.4747368421052,2525.36,38,0.4686800307446996,0.12276269521969144
2882,CUST00358,CUST00358,ACC44591,1344.65,withdraw,online,2024-03-17T01:00:00+00:00,Transaction 2882,ZW,652.463076923077,2525.36,39,2.0608829028934146,0.532458738556087
2897,CUST00358,CUST00358,ACC53968,100.0,withdraw,mobile,2024-03-17T18:00:00+00:00,Transaction 2897,ZW,669.76775,2525.36,40,0.14930548686466316,0.03959831469572655
2885,CUST00358,CUST00358,ACC31209,686.05,withdraw,online,2024-03-19T09:00:00+00:00,Transaction 2885,ZW,655.8709756097561,2525.36,41,1.0460136604797716,0.271664237970032
2862,CUST00358,CUST00358,ACC94430,1484.99,transfer,online,2024-03-19T19:00:00+00:00,Transaction 2862,ZW,656.5895238095238,2525.36,42,2.261671784502603,0.5880310134000697
2861,CUST00358,CUST00358,ACC17935,1024.36,deposit,atm,2024-03-20T18:00:00+00:00,Transaction 2861,ZW,675.8546511627907,2525.36,43,1.515651328636438,0.4056292964171444
2872,CUST00358,CUST00358,ACC38628,386.2,withdraw,mobile,2024-03-22T14:00:00+00:00,Transaction 2872,ZW,683.7752272727273,2525.36,44,0.5648054866514813,0.15292869135489592
2860,CUST00358,CUST00358,ACC78808,100.0,transfer,mobile,2024-03-23T18:00:00+00:00,Transaction 2860,ZW,677.1624444444444,2525.36,45,0.14767505318763166,0.03959831469572655
2894,CUST00358,CUST00358,ACC41097,1080.8,withdraw,atm,2024-03-24T06:00:00+00:00,Transaction 2894,ZW,664.6154347826088,2525.36,46,1.6262035809528292,0.4279785852314125
2887,CUST00358,CUST00358,ACC14959,100.0,transfer,online,2024-03-26T09:00:00+00:00,Transaction 2887,ZW,673.4704255319149,2525.36,47,0.14848461967876142,0.03959831469572655
2889,CUST00358,CUST00358,ACC98794,227.39,transfer,branch,2024-03-27T21:00:00+00:00,Transaction 2889,ZW,661.523125,2525.36,48,0.3437370386711726,0.09004260778661259
2857,CUST00358,CUST00358,ACC95984,264.48,withdraw,online,2024-03-29T20:00:00+00:00,Transaction 2857,ZW,652.6632653061224,2525.36,49,0.4052319382123482,0.10472962270725758
2929,CUST00359,CUST00359,ACC75851,3339.43,deposit,branch,2024-01-02T07:00:00+00:00,Transaction 2929,ZW,3339.43,3339.43,0,1.0,1.0
2939,CUST00359,CUST00359,ACC25979,486.78,transfer,branch,2024-01-04T02:00:00+00:00,Transaction 2939,ZW,3339.43,3339.43,1,0.1457673914410543,0.1457673914410543
2936,CUST00359,CUST00359,ACC70860,100.0,withdraw,branch,2024-01-04T16:00:00+00:00,Transaction 2936,ZW,1913.105,3339.43,2,0.05227104628339793,0.029945230174011735
2909,CUST00359,CUST00359,ACC43784,2625.97,withdraw,online,2024-01-05T17:00:00+00:00,Transaction 2909,ZW,1308.7366666666667,3339.43,3,2.0064922660784825,0.7863527608004959
2921,CUST00359,CUST00359,ACC59974,1079.73,withdraw,mobile,2024-01-07T01:00:00+00:00,Transaction 2921,ZW,1638.045,3339.43,4,0.6591577154473778,0.3233276337578569
2948,CUST00359,CUST00359,ACC53596,918.55,transfer,branch,2024-01-07T15:00:00+00:00,Transaction 2948,ZW,1526.382,3339.43,5,0.601782515779143,0.2750619117633848
2926,CUST00359,CUST00359,ACC89177,100.0,transfer,card,2024-01-07T18:00:00+00:00,Transaction 2926,ZW,1425.0766666666666,3339.43,6,0.0701716632789347,0.029945230174011735
2943,CUST00359,CUST00359,ACC43097,1771.56,transfer,card,2024-01-09T10:00:00+00:00,Transaction 2943,ZW,1235.78,3339.43,7,1.4335561345870624,0.5304977196707222
2903,CUST00359,CUST00359,ACC50603,2074.08,withdraw,online,2024-01-12T19:00:00+00:00,Transaction 2903,ZW,1302.7525,3339.43,8,1.5920752406923033,0.6210880299931425
2937,CUST00359,CUST00359,ACC27402,107.32,withdraw,online,2024-01-13T14:00:00+00:00,Transaction 2937,ZW,1388.4555555555555,3339.43,9,0.07729451588895735,0.03213722102274939
2918,CUST00359,CUST00359,ACC60978,1349.03,withdraw,online,2024-01-15T04:00:00+00:00,Transaction 2918,ZW,1260.342,3339.43,10,1.0703682016468545,0.40397013861647046
2923,CUST00359,CUST00359,ACC81035,1157.78,withdraw,mobile,2024-01-15T06:00:00+00:00,Transaction 2923,ZW,1268.4045454545455,3339.43,11,0.912784493046024,0.34669988590867307
2915,CUST00359,CUST00359,ACC12007,103.99,deposit,online,2024-01-21T11:00:00+00:00,Transaction 2915,ZW,1259.1858333333334,3339.43,12,0.08258510955822644,0.0311400448579548
2914,CUST00359,CUST00359,ACC66375,1494.1,deposit,online,2024-01-22T20:00:00+00:00,Transaction 2914,ZW,1170.3246153846155,3339.43,13,1.2766543404788413,0.4474116840299093
2944,CUST00359,CUST00359,ACC44305,2244.12,transfer,online,2024-01-24T17:00:00+00:00,Transaction 2944,ZW,1193.4514285714286,3339.43,14,1.8803614007871527,0.6720068993810321
2913,CUST00359,CUST00359,ACC71357,2442.8,withdraw,card,2024-01-27T13:00:00+00:00,Transaction 2913,ZW,1263.4959999999999,3339.43,15,1.9333658357446326,0.7315020826907587
2930,CUST00359,CUST00359,ACC60278,3168.14,deposit,online,2024-01-29T08:00:00+00:00,Transaction 2930,ZW,1337.2024999999999,3339.43,16,2.3692297912993734,0.9487068152349353
2916,CUST00359,CUST00359,ACC91442,1741.84,deposit,online,2024-01-29T15:00:00+00:00,Transaction 2916,ZW,1444.9047058823528,3339.43,17,1.205505105567719,0.5215979972630059
2935,CUST00359,CUST00359,ACC43351,2649.95,transfer,online,2024-01-31T16:00:00+00:00,Transaction 2935,ZW,1461.401111111111,3339.43,18,1.8132940914388855,0.7935336269962239
2934,CUST00359,CUST00359,ACC57737,488.01,transfer,mobile,2024-02-02T19:00:00+00:00,Transaction 2934,ZW,1523.9563157894736,3339.43,19,0.3202257144406336,0.14613571777219467
2932,CUST00359,CUST00359,ACC18373,100.0,transfer,online,2024-02-05T17:00:00+00:00,Transaction 2932,NG,1472.1589999999999,3339.43,20,0.06792744533708656,0.029945230174011735
2942,CUST00359,CUST00359,ACC79297,100.0,withdraw,online,2024-02-06T14:00:00+00:00,Transaction 2942,ZW,1406.818095238095,3339.43,21,0.07108239532778801,0.029945230174011735
2905,CUST00359,CUST00359,ACC13739,100.0,withdraw,mobile,2024-02-08T05:00:00+00:00,Transaction 2905,ZW,1347.4172727272726,3339.43,22,0.07421605914075347,0.029945230174011735
2911,CUST00359,CUST00359,ACC25587,4833.66,transfer,card,2024-02-08T16:00:00+00:00,Transaction 2911,ZW,1293.1817391304346,3339.43,23,3.7378040949219287,1.4474506128291356
2907,CUST00359,CUST00359,ACC63232,2961.5,transfer,branch,2024-02-08T22:00:00+00:00,Transaction 2907,ZW,1440.7016666666666,4833.66,24,2.055595595201875,0.6126827290293484
2949,CUST00359,CUST00359,ACC65501,850.02,withdraw,online,2024-02-09T18:00:00+00:00,Transaction 2949,ZW,1501.5335999999998,4833.66,25,0.5661012181145997,0.17585432156999045
2908,CUST00359,CUST00359,ACC19457,3276.93,withdraw,mobile,2024-02-15T09:00:00+00:00,Transaction 2908,ZW,1476.4753846153844,4833.66,26,2.21942745144622,0.6779396978686958
2947,CUST00359,CUST00359,ACC87581,100.0,withdraw,online,2024-02-15T13:00:00+00:00,Transaction 2947,ZW,1543.1588888888887,4833.66,27,0.06480214106274072,0.020688256931600486
2931,CUST00359,CUST00359,ACC92546,3160.49,deposit,card,2024-02-15T22:00:00+00:00,Transaction 2931,ZW,1491.6174999999998,4833.66,28,2.1188340844754103,0.6538502914975401
2917,CUST00359,CUST00359,ACC29587,100.0,deposit,branch,2024-02-16T06:00:00+00:00,Transaction 2917,ZW,1549.1648275862067,4833.66,29,0.06455091041268511,0.020688256931600486
2927,CUST00359,CUST00359,ACC91280,703.86,deposit,branch,2024-02-16T07:00:00+00:00,Transaction 2927,ZW,1500.859333333333,4833.66,30,0.4689713315349563,0.14561636523876317
2924,CUST00359,CUST00359,ACC19021,1686.87,transfer,card,2024-02-17T00:00:00+00:00,Transaction 2924,ZW,1475.1496774193545,4833.66,31,1.1435246374124093,0.3489839997020891
2925,CUST00359,CUST00359,ACC70232,100.0,transfer,branch,2024-02-17T00:00:00+00:00,Transaction 2925,ZW,1481.7659374999998,4833.66,32,0.06748704196070104,0.020688256931600486
2904,CUST00359,CUST00359,ACC77354,2685.64,deposit,online,2024-02-18T18:00:00+00:00,Transaction 2904,ZW,1439.8942424242423,4833.66,33,1.8651647606274115,0.5556121034578353
2946,CUST00359,CUST00359,ACC32856,1685.17,deposit,branch,2024-02-20T15:00:00+00:00,Transaction 2946,ZW,1476.5338235294116,4833.66,34,1.1413013187682202,0.34863229933425194
2933,CUST00359,CUST00359,ACC35823,2072.06,deposit,online,2024-02-22T10:00:00+00:00,Transaction 2933,ZW,1482.494857142857,4833.66,35,1.3976844439065268,0.428673096576921
2928,CUST00359,CUST00359,ACC61398,2074.33,withdraw,card,2024-02-25T13:00:00+00:00,Transaction 2928,ZW,1498.8716666666664,4833.66,36,1.3839276878273992,0.42914272000926834
2912,CUST00359,CUST00359,ACC56767,2456.32,deposit,card,2024-02-25T19:00:00+00:00,Transaction 2912,SG,1514.4245945945943,4833.66,37,1.621949358698541,0.5081697926622891
2945,CUST00359,CUST00359,ACC95225,337.21,deposit,branch,2024-02-27T18:00:00+00:00,Transaction 2945,ZW,1539.2113157894735,4833.66,38,0.21907973034036743,0.06976287119904999
2950,CUST00359,CUST00359,ACC76116,1329.58,deposit,online,2024-03-04T01:00:00+00:00,Transaction 2950,ZW,1508.390769230769,4833.66,39,0.8814559377594463,0.2750669265111737
2919,CUST00359,CUST00359,ACC63585,100.0,withdraw,branch,2024-03-06T18:00:00+00:00,Transaction 2919,ZW,1503.9205,4833.66,40,0.06649287645191351,0.020688256931600486
2902,CUST00359,CUST00359,ACC89146,2425.67,withdraw,mobile,2024-03-11T02:00:00+00:00,Transaction 2902,ZW,1469.678536585366,4833.66,41,1.650476576759278,0.5018288419127536
2920,CUST00359,CUST00359,ACC27045,2936.01,withdraw,card,2024-03-12T07:00:00+00:00,Transaction 2920,ZW,1492.440238095238,4833.66,42,1.9672546511793008,0.6074092923374834
2940,CUST00359,CUST00359,ACC79699,2358.3,deposit,card,2024-03-13T05:00:00+00:00,Transaction 2940,ZW,1526.0116279069769,4833.66,43,1.5454010682962884,0.4878911632179343
2922,CUST00359,CUST00359,ACC56875,361.45,deposit,online,2024-03-13T11:00:00+00:00,Transaction 2922,ZW,1544.9272727272728,4833.66,44,0.23395923315013356,0.07477770467926995
2938,CUST00359,CUST00359,ACC85664,3011.02,transfer,branch,2024-03-14T01:00:00+00:00,Transaction 2938,ZW,1518.6277777777777,4833.66,45,1.982724169846316,0.6229275538618769
2941,CUST00359,CUST00359,ACC80730,100.0,withdraw,online,2024-03-18T13:00:00+00:00,Transaction 2941,ZW,1551.0710869565219,4833.66,46,0.06447157763492184,0.020688256931600486
2910,CUST00359,CUST00359,ACC49679,1786.82,transfer,online,2024-03-19T03:00:00+00:00,Transaction 2910,ZW,1520.1972340425532,4833.66,47,1.1753869563677837,0.3696619125052238
2906,CUST00359,CUST00359,ACC30984,1593.25,transfer,online,2024-03-22T16:00:00+00:00,Transaction 2906,ZW,1525.751875,4833.66,48,1.0442392541709968,0.3296156535627247
2901,CUST00359,CUST00359,ACC31248,100.0,transfer,branch,2024-03-23T06:00:00+00:00,Transaction 2901,ZW,1527.129387755102,4833.66,49,0.06548233620662697,0.020688256931600486
2976,CUST00360,CUST00360,ACC83008,680.36,deposit,online,2024-01-01T12:00:00+00:00,Transaction 2976,ZW,680.36,680.36,0,1.0,1.0
2984,CUST00360,CUST00360,ACC20939,446.04,deposit,atm,2024-01-02T02:00:00+00:00,Transaction 2984,ZW,680.36,680.36,1,0.6555940972426363,0.6555940972426363
2992,CUST00360,CUST00360,ACC34411,715.24,deposit,mobile,2024-01-03T08:00:00+00:00,Transaction 2992,ZW,563.2,680.36,2,1.2699573863636362,1.051266976306661
2973,CUST00360,CUST00360,ACC23916,1041.52,withdraw,mobile,2024-01-03T13:00:00+00:00,Transaction 2973,ZW,613.88,715.24,3,1.6966182315762037,1.456182540126391
2959,CUST00360,CUST00360,ACC97214,599.69,deposit,atm,2024-01-04T19:00:00+00:00,Transaction 2959,ZW,720.79,1041.52,4,0.8319898999708654,0.5757834703126201
2961,CUST00360,CUST00360,ACC90356,722.86,transfer,card,2024-01-09T18:00:00+00:00,Transaction 2961,ZW,696.5699999999999,1041.52,5,1.037742079044461,0.694043321299639
2964,CUST00360,CUST00360,ACC98996,507.21,transfer,online,2024-01-12T19:00:00+00:00,Transaction 2964,ZW,700.9516666666667,1041.52,6,0.7236019601922148,0.48699016821568475
2986,CUST00360,CUST00360,ACC63658,508.77,transfer,online,2024-01-13T21:00:00+00:00,Transaction 2986,ZW,673.2742857142857,1041.52,7,0.755665277577383,0.48848797910745834
2999,CUST00360,CUST00360,ACC98112,744.02,withdraw,atm,2024-01-14T01:00:00+00:00,Transaction 2999,ZW,652.7112500000001,1041.52,8,1.1398914910689832,0.7143597818572855
2967,CUST00360,CUST00360,ACC23861,688.95,withdraw,mobile,2024-01-15T20:00:00+00:00,Transaction 2967,ZW,662.8566666666668,1041.52,9,1.0393649708081685,0.6614851371073047
2983,CUST00360,CUST00360,ACC11403,727.32,deposit,online,2024-01-16T15:00:00+00:00,Transaction 2983,ZW,665.4660000000001,1041.52,10,1.0929484000685232,0.6983255242338122
2982,CUST00360,CUST00360,ACC42975,1031.39,withdraw,online,2024-01-17T15:00:00+00:00,Transaction 2982,ZW,671.0890909090909,1041.52,11,1.5368898317253636,0.9902738305553423
2969,CUST00360,CUST00360,ACC38117,338.73,deposit,mobile,2024-01-18T12:00:00+00:00,Transaction 2969,ZW,701.1141666666667,1041.52,12,0.48313101646545914,0.3252265919041401
2966,CUST00360,CUST00360,ACC67241,510.78,withdraw,card,2024-01-22T14:00:00+00:00,Transaction 2966,ZW,673.2384615384616,1041.52,13,0.758691057003462,0.49041785083339734
2994,CUST00360,CUST00360,ACC20023,870.52,withdraw,online,2024-01-23T14:00:00+00:00,Transaction 2994,ZW,661.6342857142857,1041.52,14,1.3157117440795951,0.8358168830171289
2987,CUST00360,CUST00360,ACC64994,758.81,transfer,card,2024-01-26T03:00:00+00:00,Transaction 2987,ZW,675.5600000000001,1041.52,15,1.1232310971638342,0.7285601812735233
2957,CUST00360,CUST00360,ACC31787,742.57,deposit,online,2024-01-28T18:00:00+00:00,Transaction 2957,ZW,680.763125,1041.52,16,1.0907905741809973,0.7129675858360858
2998,CUST00360,CUST00360,ACC96009,498.73,deposit,online,2024-01-29T19:00:00+00:00,Transaction 2998,ZW,684.3988235294117,1041.52,17,0.728712532596233,0.47884822182963366
2989,CUST00360,CUST00360,ACC19773,720.96,deposit,atm,2024-01-31T05:00:00+00:00,Transaction 2989,ZW,674.0838888888889,1041.52,18,1.069540470976659,0.6922190644442738
2985,CUST00360,CUST00360,ACC50273,581.36,transfer,atm,2024-01-31T20:00:00+00:00,Transaction 2985,ZW,676.5510526315788,1041.52,19,0.8592995277129281,0.5581841923342807
2951,CUST00360,CUST00360,ACC14082,404.11,transfer,card,2024-02-03T19:00:00+00:00,Transaction 2951,ZW,671.7914999999999,1041.52,20,0.6015408054433556,0.3880002304324449
2963,CUST00360,CUST00360,ACC71435,528.45,transfer,online,2024-02-03T21:00:00+00:00,Transaction 2963,ZW,659.0447619047618,1041.52,21,0.8018423490275249,0.5073834395882941
2980,CUST00360,CUST00360,ACC80230,698.58,transfer,online,2024-02-05T03:00:00+00:00,Transaction 2980,ZW,653.1086363636364,1041.52,22,1.069622970980047,0.6707312389584454
2979,CUST00360,CUST00360,ACC78393,913.46,deposit,mobile,2024-02-05T12:00:00+00:00,Transaction 2979,ZW,655.085652173913,1041.52,23,1.3944130770818555,0.8770450879483832
2962,CUST00360,CUST00360,ACC36352,468.72,transfer,mobile,2024-02-05T20:00:00+00:00,Transaction 2962,ZW,665.85125,1041.52,24,0.7039410078452206,0.45003456486673327
2972,CUST00360,CUST00360,ACC12713,508.7,deposit,mobile,2024-02-06T08:00:00+00:00,Transaction 2972,ZW,657.966,1041.52,25,0.7731402534477465,0.4884207696443659
2995,CUST00360,CUST00360,ACC64740,675.03,withdraw,atm,2024-02-06T17:00:00+00:00,Transaction 2995,ZW,652.2250000000001,1041.52,26,1.0349649277473263,0.6481200553037868
2990,CUST00360,CUST00360,ACC27968,583.32,withdraw,card,2024-02-13T12:00:00+00:00,Transaction 2990,ZW,653.0696296296296,1041.52,27,0.8931972542205244,0.560066057300868
2954,CUST00360,CUST00360,ACC78217,597.17,withdraw,mobile,2024-02-13T19:00:00+00:00,Transaction 2954,ZW,650.5785714285714,1041.52,28,0.917906039678967,0.5733639296412935
2960,CUST00360,CUST00360,ACC19849,535.24,deposit,online,2024-02-18T18:00:00+00:00,Transaction 2960,ZW,648.7368965517242,1041.52,29,0.8250494196414571,0.5139027575082572
2991,CUST00360,CUST00360,ACC35705,513.92,transfer,card,2024-02-20T20:00:00+00:00,Transaction 2991,ZW,644.9536666666667,1041.52,30,0.7968324339577881,0.49343267532068513
2968,CUST00360,CUST00360,ACC79460,691.18,deposit,mobile,2024-02-21T00:00:00+00:00,Transaction 2968,ZW,640.7267741935483,1041.52,31,1.078743745132166,0.6636262385743913
2996,CUST00360,CUST00360,ACC17344,607.18,deposit,card,2024-02-22T11:00:00+00:00,Transaction 2996,ZW,642.3034375,1041.52,32,0.9453164416545723,0.5829748828635072
2953,CUST00360,CUST00360,ACC64777,866.29,deposit,card,2024-02-25T18:00:00+00:00,Transaction 2953,ZW,641.2390909090909,1041.52,33,1.3509625540324626,0.8317555111759736
2981,CUST00360,CUST00360,ACC80065,644.1,deposit,online,2024-03-02T10:00:00+00:00,Transaction 2981,ZW,647.8582352941177,1041.52,34,0.9941989850720792,0.6184230739688148
2988,CUST00360,CUST00360,ACC40510,470.31,deposit,card,2024-03-04T04:00:00+00:00,Transaction 2988,ZW,647.7508571428571,1041.52,35,0.7260661947627131,0.45156117981411786
2977,CUST00360,CUST00360,ACC84409,607.63,transfer,mobile,2024-03-06T16:00:00+00:00,Transaction 2977,ZW,642.8219444444444,1041.52,36,0.9452539777949571,0.5834069436976727
2952,CUST00360,CUST00360,ACC56050,154.36,transfer,mobile,2024-03-06T21:00:00+00:00,Transaction 2952,ZW,641.8708108108109,1041.52,37,0.24048452959718256,0.14820646747061988
2955,CUST00360,CUST00360,ACC74054,736.47,transfer,card,2024-03-07T19:00:00+00:00,Transaction 2955,ZW,629.0415789473685,1041.52,38,1.1707811131219674,0.7071107611951764
2970,CUST00360,CUST00360,ACC89253,552.75,withdraw,atm,2024-03-09T00:00:00+00:00,Transaction 2970,ZW,631.796153846154,1041.52,39,0.874886617519039,0.5307147246332283
2958,CUST00360,CUST00360,ACC75993,472.23,deposit,online,2024-03-11T18:00:00+00:00,Transaction 2958,ZW,629.82,1041.52,40,0.7497856530437268,0.4534046393732238
2993,CUST00360,CUST00360,ACC39975,698.91,transfer,mobile,2024-03-12T04:00:00+00:00,Transaction 2993,ZW,625.9763414634147,1041.52,41,1.116511845105967,0.6710480835701667
2971,CUST00360,CUST00360,ACC35424,755.98,transfer,mobile,2024-03-12T11:00:00+00:00,Transaction 2971,ZW,627.7128571428572,1041.52,42,1.2043404741476427,0.7258429986942162
2978,CUST00360,CUST00360,ACC85888,599.41,deposit,card,2024-03-18T02:00:00+00:00,Transaction 2978,ZW,630.6958139534884,1041.52,43,0.9503947651762984,0.5755146324602504
2974,CUST00360,CUST00360,ACC49679,550.65,transfer,online,2024-03-20T06:00:00+00:00,Transaction 2974,ZW,629.9847727272728,1041.52,44,0.8740687455288421,0.5286984407404562
3000,CUST00360,CUST00360,ACC83886,395.3,deposit,atm,2024-03-21T14:00:00+00:00,Transaction 3000,ZW,628.2217777777779,1041.52,45,0.6292363843200454,0.37954143943467245
2997,CUST00360,CUST00360,ACC67510,565.13,deposit,mobile,2024-03-22T02:00:00+00:00,Transaction 2997,AU,623.1582608695653,1041.52,46,0.9068803793299768,0.5426011982487134
2975,CUST00360,CUST00360,ACC80187,474.78,withdraw,online,2024-03-22T06:00:00+00:00,Transaction 2975,ZW,621.9236170212766,1041.52,47,0.7634056450114793,0.4558529841001613
2965,CUST00360,CUST00360,ACC70692,397.01,withdraw,mobile,2024-03-29T19:00:00+00:00,Transaction 2965,ZW,618.8581250000001,1041.52,48,0.6415202191940196,0.38118327060450113
2956,CUST00360,CUST00360,ACC47708,716.9,transfer,card,2024-03-30T21:00:00+00:00,Transaction 2956,ZW,614.330612244898,1041.52,49,1.1669612187813514,0.6883209155849144
3028,CUST00361,CUST00361,ACC57489,100.0,transfer,mobile,2024-01-01T07:00:00+00:00,Transaction 3028,ZW,100.0,100.0,0,1.0,1.0
3035,CUST00361,CUST00361,ACC42343,100.0,transfer,card,2024-01-03T07:00:00+00:00,Transaction 3035,ZW,100.0,100.0,1,1.0,1.0
3005,CUST00361,CUST00361,ACC88679,1041.12,transfer,atm,2024-01-04T15:00:00+00:00,Transaction 3005,ZW,100.0,100.0,2,10.4112,10.4112
3025,CUST00361,CUST00361,ACC69321,1429.55,transfer,online,2024-01-05T02:00:00+00:00,Transaction 3025,JP,413.70666666666665,1041.12,3,3.4554676421296895,1.373088596895651
3024,CUST00361,CUST00361,ACC23003,100.0,withdraw,online,2024-01-05T08:00:00+00:00,Transaction 3024,ZW,667.6675,1429.55,4,0.14977515005597847,0.06995208282326607
3023,CUST00361,CUST00361,ACC33678,530.12,transfer,branch,2024-01-05T09:00:00+00:00,Transaction 3023,ZW,554.134,1429.55,5,0.9566639116170457,0.3708299814626981
3038,CUST00361,CUST00361,ACC39667,690.12,transfer,atm,2024-01-07T20:00:00+00:00,Transaction 3038,ZW,550.1316666666667,1429.55,6,1.2544633254463327,0.48275331397992377
3047,CUST00361,CUST00361,ACC59327,1479.88,transfer,card,2024-01-09T14:00:00+00:00,Transaction 3047,ZW,570.13,1429.55,7,2.5956887025766053,1.03520688328495
3018,CUST00361,CUST00361,ACC92760,100.0,transfer,card,2024-01-09T22:00:00+00:00,Transaction 3018,ZW,683.84875,1479.88,8,0.14623116588280669,0.06757304646322675
3036,CUST00361,CUST00361,ACC31952,631.76,transfer,online,2024-01-10T06:00:00+00:00,Transaction 3036,ZW,618.9766666666667,1479.88,9,1.020652367078996,0.4268994783360813
3015,CUST00361,CUST00361,ACC64808,653.18,deposit,card,2024-01-14T16:00:00+00:00,Transaction 3015,ZW,620.255,1479.88,10,1.0530830061829408,0.4413736248885044
3030,CUST00361,CUST00361,ACC14482,100.0,deposit,card,2024-01-18T06:00:00+00:00,Transaction 3030,ZW,623.2481818181818,1479.88,11,0.160449725995627,0.06757304646322675
3001,CUST00361,CUST00361,ACC72123,100.0,withdraw,branch,2024-01-21T14:00:00+00:00,Transaction 3001,ZW,579.6441666666667,1479.88,12,0.17251963489094602,0.06757304646322675
3016,CUST00361,CUST00361,ACC86039,383.15,transfer,online,2024-01-22T14:00:00+00:00,Transaction 3016,ZW,542.7484615384616,1479.88,13,0.7059439632752386,0.2589061275238532
3007,CUST00361,CUST00361,ACC76368,778.96,deposit,atm,2024-01-25T13:00:00+00:00,Transaction 3007,ZW,531.3485714285714,1479.88,14,1.4660056352569206,0.5263670027299511
3043,CUST00361,CUST00361,ACC58719,100.0,transfer,online,2024-01-26T09:00:00+00:00,Transaction 3043,ZW,547.856,1479.88,15,0.1825297158377384,0.06757304646322675
3037,CUST00361,CUST00361,ACC48634,916.06,transfer,online,2024-01-29T14:00:00+00:00,Transaction 3037,ZW,519.865,1479.88,16,1.762111317361238,0.6190096494310349
3004,CUST00361,CUST00361,ACC18656,100.0,transfer,online,2024-01-30T15:00:00+00:00,Transaction 3004,ZW,543.1705882352941,1479.88,17,0.18410422465047274,0.06757304646322675
3045,CUST00361,CUST00361,ACC94180,100.0,transfer,card,2024-02-02T10:00:00+00:00,Transaction 3045,ZW,518.55,1479.88,18,0.19284543438434096,0.06757304646322675
3013,CUST00361,CUST00361,ACC92859,1180.73,withdraw,online,2024-02-02T16:00:00+00:00,Transaction 3013,ZW,496.5210526315789,1479.88,19,2.3780059148390382,0.7978552315052572
3031,CUST00361,CUST00361,ACC88957,327.9,deposit,card,2024-02-03T18:00:00+00:00,Transaction 3031,ZW,530.7315,1479.88,20,0.6178265281031934,0.22157201935292048
3012,CUST00361,CUST00361,ACC62196,100.0,deposit,card,2024-02-09T14:00:00+00:00,Transaction 3012,ZW,521.0728571428571,1479.88,21,0.19191174253120624,0.06757304646322675
3017,CUST00361,CUST00361,ACC29516,100.0,transfer,online,2024-02-10T11:00:00+00:00,Transaction 3017,ZW,501.93318181818177,1479.88,22,0.1992297055113276,0.06757304646322675
3041,CUST00361,CUST00361,ACC79161,144.49,withdraw,online,2024-02-13T18:00:00+00:00,Transaction 3041,ZW,484.45782608695646,1479.88,23,0.29825093582875706,0.09763629483471632
3049,CUST00361,CUST00361,ACC23619,537.48,transfer,card,2024-02-15T10:00:00+00:00,Transaction 3049,ZW,470.2925,1479.88,24,1.142863218103627,0.3631916101305511
3022,CUST00361,CUST00361,ACC15255,1019.62,withdraw,online,2024-02-15T13:00:00+00:00,Transaction 3022,ZW,472.98,1479.88,25,2.1557359719227027,0.6889882963483526
3020,CUST00361,CUST00361,ACC48721,938.5,transfer,online,2024-02-17T07:00:00+00:00,Transaction 3020,CH,494.0046153846154,1479.88,26,1.8997798214280153,0.634173041057383
3040,CUST00361,CUST00361,ACC47076,758.0,transfer,branch,2024-02-18T07:00:00+00:00,Transaction 3040,ZW,510.46740740740745,1479.88,27,1.4849136085882073,0.5122036921912587
3032,CUST00361,CUST00361,ACC49625,676.92,transfer,online,2024-02-24T16:00:00+00:00,Transaction 3032,ZW,519.3078571428572,1479.88,28,1.3035042522258333,0.45741546611887446
3027,CUST00361,CUST00361,ACC16492,100.0,transfer,mobile,2024-02-25T02:00:00+00:00,Transaction 3027,ZW,524.7427586206896,1479.88,29,0.19056956643452228,0.06757304646322675
3042,CUST00361,CUST00361,ACC32160,100.0,transfer,card,2024-02-28T14:00:00+00:00,Transaction 3042,ZW,510.5846666666667,1479.88,30,0.19585390343358006,0.06757304646322675
3048,CUST00361,CUST00361,ACC86601,640.12,transfer,online,2024-03-01T05:00:00+00:00,Transaction 3048,ZW,497.34000000000003,1479.88,31,1.2870873044597257,0.43254858502040705
3009,CUST00361,CUST00361,ACC15048,2778.74,transfer,mobile,2024-03-04T13:00:00+00:00,Transaction 3009,ZW,501.801875,1479.88,32,5.537524147353973,1.8776792712922667
3034,CUST00361,CUST00361,ACC89059,1444.15,transfer,card,2024-03-07T18:00:00+00:00,Transaction 3034,ZW,570.8000000000001,2778.74,33,2.5300455501051156,0.5197139710804178
3002,CUST00361,CUST00361,ACC44067,100.0,deposit,online,2024-03-09T14:00:00+00:00,Transaction 3002,ZW,596.4867647058825,2778.74,34,0.16764831328538918,0.03598753391825072
3011,CUST00361,CUST00361,ACC53912,100.0,transfer,card,2024-03-09T16:00:00+00:00,Transaction 3011,ZW,582.3014285714287,2778.74,35,0.17173236247304413,0.03598753391825072
3010,CUST00361,CUST00361,ACC72783,100.0,transfer,online,2024-03-11T13:00:00+00:00,Transaction 3010,ZW,568.9041666666667,2778.74,36,0.17577652943890665,0.03598753391825072
3006,CUST00361,CUST00361,ACC35273,449.27,withdraw,card,2024-03-11T14:00:00+00:00,Transaction 3006,ZW,556.2310810810811,2778.74,37,0.8077038757467608,0.16168119363452502
3019,CUST00361,CUST00361,ACC78489,412.11,transfer,mobile,2024-03-12T17:00:00+00:00,Transaction 3019,ZW,553.4163157894737,2778.74,38,0.7446654322290918,0.14830822603050306
3029,CUST00361,CUST00361,ACC31486,100.0,deposit,card,2024-03-15T02:00:00+00:00,Transaction 3029,ZW,549.793076923077,2778.74,39,0.18188661188615013,0.03598753391825072
3026,CUST00361,CUST00361,ACC45701,100.0,deposit,card,2024-03-16T18:00:00+00:00,Transaction 3026,ZW,538.54825,2778.74,40,0.18568438389689315,0.03598753391825072
3033,CUST00361,CUST00361,ACC51116,501.53,transfer,card,2024-03-17T00:00:00+00:00,Transaction 3033,ZW,527.8519512195122,2778.74,41,0.9501338374165335,0.18048827886020283
3014,CUST00361,CUST00361,ACC90956,100.0,transfer,card,2024-03-17T15:00:00+00:00,Transaction 3014,ZW,527.2252380952381,2778.74,42,0.18967225537472465,0.03598753391825072
3003,CUST00361,CUST00361,ACC92698,1150.82,withdraw,online,2024-03-22T13:00:00+00:00,Transaction 3003,ZW,517.2897674418605,2778.74,43,2.224710544132972,0.4141517378380129
3050,CUST00361,CUST00361,ACC56642,854.78,transfer,card,2024-03-23T07:00:00+00:00,Transaction 3050,JP,531.6881818181818,2778.74,44,1.6076716188743574,0.3076142424264235
3039,CUST00361,CUST00361,ACC26463,386.22,transfer,atm,2024-03-26T15:00:00+00:00,Transaction 3039,ZW,538.8679999999999,2778.74,45,0.7167246895343573,0.13899105349906796
3044,CUST00361,CUST00361,ACC77069,915.32,deposit,card,2024-03-27T03:00:00+00:00,Transaction 3044,ZW,535.5495652173913,2778.74,46,1.7091228514553114,0.32940109546053253
3046,CUST00361,CUST00361,ACC15375,1023.89,transfer,atm,2024-03-27T03:00:00+00:00,Transaction 3046,ZW,543.6297872340425,2778.74,47,1.8834324829945286,0.3684727610355773
3021,CUST00361,CUST00361,ACC68019,856.93,deposit,card,2024-03-28T18:00:00+00:00,Transaction 3021,ZW,553.6352083333333,2778.74,48,1.5478242479912128,0.3083879744056659
3008,CUST00361,CUST00361,ACC23783,100.0,transfer,card,2024-03-30T16:00:00+00:00,Transaction 3008,ZW,559.8248979591837,2778.74,49,0.17862728214580215,0.03598753391825072
3054,CUST00362,CUST00362,ACC36690,100.0,deposit,atm,2024-01-05T20:00:00+00:00,Transaction 3054,ZW,100.0,100.0,0,1.0,1.0
3082,CUST00362,CUST00362,ACC48637,8714.24,deposit,mobile,2024-01-07T17:00:00+00:00,Transaction 3082,ZW,100.0,100.0,1,87.1424,87.1424
3081,CUST00362,CUST00362,ACC22136,156.45,deposit,card,2024-01-09T04:00:00+00:00,Transaction 3081,KP,4407.12,8714.24,2,0.03549937374067418,0.01795337287015276
3099,CUST00362,CUST00362,ACC57164,199.86,deposit,mobile,2024-01-10T10:00:00+00:00,Transaction 3099,ZW,2990.23,8714.24,3,0.06683766800547115,0.022934874412455935
3080,CUST00362,CUST00362,ACC20447,181.13,withdraw,mobile,2024-01-11T00:00:00+00:00,Transaction 3080,GB,2292.6375000000003,8714.24,4,0.07900507603142667,0.020785518874853113
3051,CUST00362,CUST00362,ACC27616,181.9,withdraw,online,2024-01-11T20:00:00+00:00,Transaction 3051,ZW,1870.336,8714.24,5,0.09725525253216534,0.020873879994124562
3074,CUST00362,CUST00362,ACC21795,9403.31,transfer,card,2024-01-14T07:00:00+00:00,Transaction 3074,ZW,1588.93,8714.24,6,5.918014009427727,1.0790740213719154
3078,CUST00362,CUST00362,ACC90781,118.12,transfer,branch,2024-01-15T06:00:00+00:00,Transaction 3078,ZW,2705.27,9403.31,7,0.04366292458793392,0.012561534183175925
3062,CUST00362,CUST00362,ACC76397,101.43,withdraw,branch,2024-01-16T18:00:00+00:00,Transaction 3062,ZW,2381.8762500000003,9403.31,8,0.04258407631378834,0.010786627262102388
3053,CUST00362,CUST00362,ACC43398,227.48,transfer,card,2024-01-17T18:00:00+00:00,Transaction 3053,ZW,2128.493333333334,9403.31,9,0.10687371975168661,0.02419148151023416
3097,CUST00362,CUST00362,ACC54939,9060.03,deposit,atm,2024-01-17T21:00:00+00:00,Transaction 3097,ZW,1938.3920000000003,9403.31,10,4.673992670213249,0.9634937059397171
3061,CUST00362,CUST00362,ACC64971,123.07,deposit,mobile,2024-01-18T20:00:00+00:00,Transaction 3061,CA,2585.8136363636368,9403.31,11,0.0475943038853605,0.013087944564201329
3095,CUST00362,CUST00362,ACC50899,161.71,withdraw,branch,2024-01-21T00:00:00+00:00,Transaction 3095,ZW,2380.5850000000005,9403.31,12,0.06792868139553931,0.017197135902145097
3085,CUST00362,CUST00362,ACC21894,173.62,deposit,atm,2024-01-23T16:00:00+00:00,Transaction 3085,ZW,2209.902307692308,9403.31,13,0.0785645588927878,0.018463711182551676
3073,CUST00362,CUST00362,ACC70652,176.19,transfer,atm,2024-01-23T20:00:00+00:00,Transaction 3073,ZW,2064.4535714285716,9403.31,14,0.0853446173062052,0.018737019198558805
3060,CUST00362,CUST00362,ACC95528,128.56,withdraw,card,2024-01-24T19:00:00+00:00,Transaction 3060,ZW,1938.5693333333334,9403.31,15,0.06631694713696079,0.013671781532247688
3084,CUST00362,CUST00362,ACC10532,168.8,deposit,mobile,2024-01-26T15:00:00+00:00,Transaction 3084,DE,1825.4437500000001,9403.31,16,0.09247066637906537,0.01795112572062391
3091,CUST00362,CUST00362,ACC65398,8535.37,deposit,card,2024-01-27T18:00:00+00:00,Transaction 3091,ZW,1727.9941176470588,9403.31,17,4.939467046116034,0.907698459372285
3071,CUST00362,CUST00362,ACC59938,177.43,withdraw,atm,2024-01-30T08:00:00+00:00,Transaction 3071,ZW,2106.181666666667,9403.31,18,0.08424249570114638,0.018868887657643958
3058,CUST00362,CUST00362,ACC49117,176.31,transfer,mobile,2024-02-01T19:00:00+00:00,Transaction 3058,ZW,2004.6684210526319,9403.31,19,0.08794970686844128,0.01874978066234124
3083,CUST00362,CUST00362,ACC42757,178.43,withdraw,branch,2024-02-01T19:00:00+00:00,Transaction 3083,FR,1913.2505,9403.31,20,0.09326013504243172,0.018975233189164244
3094,CUST00362,CUST00362,ACC48743,9521.11,transfer,atm,2024-02-03T13:00:00+00:00,Transaction 3094,DE,1830.64,9403.31,21,5.200973430057248,1.0125275036130896
3063,CUST00362,CUST00362,ACC36919,211.09,deposit,atm,2024-02-05T21:00:00+00:00,Transaction 3063,ZW,2180.206818181818,9521.11,22,0.09682108974232012,0.022170734294635813
3070,CUST00362,CUST00362,ACC23347,212.76,transfer,card,2024-02-08T00:00:00+00:00,Transaction 3070,ZW,2094.593043478261,9521.11,23,0.10157581715572435,0.02234613401168561
3067,CUST00362,CUST00362,ACC84637,8590.7,transfer,atm,2024-02-08T04:00:00+00:00,Transaction 3067,ZW,2016.1833333333334,9521.11,24,4.260872440502269,0.9022792510537112
3069,CUST00362,CUST00362,ACC34238,100.0,transfer,atm,2024-02-08T06:00:00+00:00,Transaction 3069,ZW,2279.164,9521.11,25,0.043875736893001116,0.010502977068850165
3064,CUST00362,CUST00362,ACC26941,141.05,withdraw,online,2024-02-08T19:00:00+00:00,Transaction 3064,ZW,2195.3500000000004,9521.11,26,0.06424943630856127,0.014814449155613158
3090,CUST00362,CUST00362,ACC11726,150.31,transfer,card,2024-02-09T10:00:00+00:00,Transaction 3090,ZW,2119.264814814815,9521.11,27,0.07092553934234705,0.015787024832188683
3092,CUST00362,CUST00362,ACC35802,100.0,transfer,mobile,2024-02-10T03:00:00+00:00,Transaction 3092,BF,2048.945,9521.11,28,0.04880560483565932,0.010502977068850165
3075,CUST00362,CUST00362,ACC60168,9207.56,deposit,card,2024-02-12T05:00:00+00:00,Transaction 3075,ZW,1981.7400000000002,9521.11,29,4.646199804212459,0.9670679154006202
3089,CUST00362,CUST00362,ACC64015,128.68,withdraw,mobile,2024-02-12T06:00:00+00:00,Transaction 3089,ZW,2222.6006666666667,9521.11,30,0.05789614028730907,0.013515230892196393
3079,CUST00362,CUST00362,ACC78337,116.7,deposit,mobile,2024-02-13T07:00:00+00:00,Transaction 3079,ZW,2155.0548387096774,9521.11,31,0.054151754240218425,0.012256974239348142
3052,CUST00362,CUST00362,ACC21327,237.38,deposit,online,2024-02-14T20:00:00+00:00,Transaction 3052,ZW,2091.35625,9521.11,32,0.11350529112388194,0.02493196696603652
3066,CUST00362,CUST00362,ACC47718,8938.74,transfer,atm,2024-02-17T12:00:00+00:00,Transaction 3066,ZW,2035.1751515151516,9521.11,33,4.392123200475039,0.9388338124441372
3057,CUST00362,CUST00362,ACC26083,115.78,deposit,atm,2024-02-18T18:00:00+00:00,Transaction 3057,ZW,2238.2211764705885,9521.11,34,0.05172857857710534,0.01216034685031472
3068,CUST00362,CUST00362,ACC78423,9419.69,withdraw,card,2024-02-19T17:00:00+00:00,Transaction 3068,JP,2177.58,9521.11,35,4.325760706839703,0.9893478806567721
3065,CUST00362,CUST00362,ACC53460,193.03,deposit,online,2024-02-26T18:00:00+00:00,Transaction 3065,ZW,2378.7497222222223,9521.11,36,0.08114767106296153,0.020273896636001473
3055,CUST00362,CUST00362,ACC59834,100.0,transfer,card,2024-02-27T18:00:00+00:00,Transaction 3055,ZW,2319.6762162162163,9521.11,37,0.04310946471793244,0.010502977068850165
3098,CUST00362,CUST00362,ACC61282,100.0,transfer,card,2024-02-28T17:00:00+00:00,Transaction 3098,CH,2261.263684210526,9521.11,38,0.044223060184559126,0.010502977068850165
3076,CUST00362,CUST00362,ACC74890,176.87,deposit,atm,2024-03-04T11:00:00+00:00,Transaction 3076,ZW,2205.846666666667,9521.11,39,0.08018236383913055,0.018576615541675286
3072,CUST00362,CUST00362,ACC56960,8524.71,withdraw,mobile,2024-03-04T16:00:00+00:00,Transaction 3072,ZW,2155.1222500000003,9521.11,40,3.9555575095565914,0.8953483364859768
3059,CUST00362,CUST00362,ACC99296,125.1,withdraw,online,2024-03-04T18:00:00+00:00,Transaction 3059,ZW,2310.478048780488,9521.11,41,0.054144639056852344,0.013139224313131555
3087,CUST00362,CUST00362,ACC15157,177.52,transfer,online,2024-03-06T22:00:00+00:00,Transaction 3087,ZW,2258.4452380952384,9521.11,42,0.07860274714906061,0.018644884892622813
3093,CUST00362,CUST00362,ACC87565,8663.98,transfer,branch,2024-03-11T05:00:00+00:00,Transaction 3093,ZW,2210.051627906977,9521.11,43,3.9202613597788196,0.9099758326497644
3096,CUST00362,CUST00362,ACC20770,9653.43,transfer,atm,2024-03-18T15:00:00+00:00,Transaction 3096,ZW,2356.7318181818187,9521.11,44,4.096108825588594,1.0138975392575025
3086,CUST00362,CUST00362,ACC67312,9160.09,deposit,online,2024-03-20T03:00:00+00:00,Transaction 3086,ZW,2518.880666666667,9653.43,45,3.6365716412131204,0.9488948487739591
3056,CUST00362,CUST00362,ACC15812,140.51,deposit,online,2024-03-22T21:00:00+00:00,Transaction 3056,ZW,2663.2547826086957,9653.43,46,0.05275875253000333,0.014555448167128159
3077,CUST00362,CUST00362,ACC89193,164.69,transfer,card,2024-03-26T06:00:00+00:00,Transaction 3077,ZW,2609.5793617021277,9653.43,47,0.06310978789032845,0.01706025733858328
3088,CUST00362,CUST00362,ACC40198,127.53,transfer,atm,2024-03-27T13:00:00+00:00,Transaction 3088,CH,2558.6441666666665,9653.43,48,0.04984280411533062,0.013210848372029424
3100,CUST00362,CUST00362,ACC90418,9186.59,withdraw,online,2024-03-29T22:00:00+00:00,Transaction 3100,ZW,2509.0295918367347,9653.43,49,3.661411579157565,0.9516399870305166
3117,CUST00363,CUST00363,ACC94022,735.24,transfer,card,2024-01-02T14:00:00+00:00,Transaction 3117,ZW,735.24,735.24,0,1.0,1.0
3110,CUST00363,CUST00363,ACC28020,1161.68,transfer,mobile,2024-01-04T10:00:00+00:00,Transaction 3110,ZW,735.24,735.24,1,1.5800010880800828,1.5800010880800828
3142,CUST00363,CUST00363,ACC83252,583.1,deposit,mobile,2024-01-05T06:00:00+00:00,Transaction 3142,ZW,948.46,1161.68,2,0.6147860742677603,0.5019454583017698
3132,CUST00363,CUST00363,ACC25275,1018.2,transfer,branch,2024-01-05T15:00:00+00:00,Transaction 3132,ZW,826.6733333333333,1161.68,3,1.2316836154547142,0.8764892225053371
3119,CUST00363,CUST00363,ACC29968,874.04,transfer,mobile,2024-01-06T01:00:00+00:00,Transaction 3119,ZW,874.5550000000001,1161.68,4,0.9994111290885077,0.7523930858756284
3115,CUST00363,CUST00363,ACC92277,951.8,withdraw,mobile,2024-01-08T01:00:00+00:00,Transaction 3115,ZW,874.452,1161.68,5,1.0884531112056464,0.81933062461263
3116,CUST00363,CUST00363,ACC64644,1007.03,deposit,online,2024-01-16T17:00:00+00:00,Transaction 3116,ZW,887.3433333333334,1161.68,6,1.134882026122921,0.8668738378899524
3140,CUST00363,CUST00363,ACC73798,993.3,transfer,online,2024-01-22T00:00:00+00:00,Transaction 3140,ZW,904.4414285714286,1161.68,7,1.0982469053512112,0.8550547482955718
3106,CUST00363,CUST00363,ACC62699,673.24,transfer,branch,2024-01-22T15:00:00+00:00,Transaction 3106,CH,915.54875,1161.68,8,0.7353404174272533,0.5795399765856346
3129,CUST00363,CUST00363,ACC44581,1173.43,withdraw,mobile,2024-01-23T04:00:00+00:00,Transaction 3129,ZW,888.6255555555556,1161.68,9,1.3204999481096276,1.0101146615246883
3133,CUST00363,CUST00363,ACC57365,842.23,deposit,card,2024-01-24T21:00:00+00:00,Transaction 3133,ZW,917.106,1173.43,10,0.9183562205459347,0.7177505262350544
3103,CUST00363,CUST00363,ACC81404,855.69,deposit,online,2024-01-26T16:00:00+00:00,Transaction 3103,FR,910.2990909090909,1173.43,11,0.9400097270727205,0.7292211721193425
3107,CUST00363,CUST00363,ACC91202,641.95,transfer,card,2024-01-29T17:00:00+00:00,Transaction 3107,ZW,905.7483333333333,1173.43,12,0.7087509591516408,0.5470714060489335
3105,CUST00363,CUST00363,ACC32556,1357.35,transfer,card,2024-02-04T00:00:00+00:00,Transaction 3105,ZW,885.4561538461538,1173.43,13,1.532938693919605,1.156737087001355
3102,CUST00363,CUST00363,ACC58414,974.86,deposit,card,2024-02-04T02:00:00+00:00,Transaction 3102,ZW,919.1628571428572,1357.35,14,1.0605955108219591,0.7182082734740488
3111,CUST00363,CUST00363,ACC66676,1072.63,transfer,online,2024-02-05T06:00:00+00:00,Transaction 3111,ZW,922.8760000000001,1357.35,15,1.162268820513265,0.7902383320440566
3145,CUST00363,CUST00363,ACC63700,1272.64,transfer,online,2024-02-06T18:00:00+00:00,Transaction 3145,CA,932.235625,1357.35,16,1.3651484301514438,0.937591630751096
3134,CUST00363,CUST00363,ACC81967,1004.0,transfer,online,2024-02-09T22:00:00+00:00,Transaction 3134,ZW,952.2594117647059,1357.35,17,1.0543345516947,0.7396765756805541
3138,CUST00363,CUST00363,ACC81196,1237.63,transfer,branch,2024-02-11T18:00:00+00:00,Transaction 3138,ZW,955.1338888888889,1357.35,18,1.2957659804530024,0.9117987254576935
3146,CUST00363,CUST00363,ACC11766,1130.13,withdraw,card,2024-02-12T09:00:00+00:00,Transaction 3146,ZW,970.0021052631579,1357.35,19,1.1650799455671286,0.8326002873245664
3113,CUST00363,CUST00363,ACC88392,1226.94,withdraw,mobile,2024-02-13T20:00:00+00:00,Transaction 3113,ZW,978.0085000000001,1357.35,20,1.2545289739301855,0.9039230854238038
3114,CUST00363,CUST00363,ACC30479,921.82,transfer,branch,2024-02-15T20:00:00+00:00,Transaction 3114,ZW,989.8623809523809,1357.35,21,0.9312607668887114,0.6791321324639924
3150,CUST00363,CUST00363,ACC34023,982.49,deposit,card,2024-02-19T20:00:00+00:00,Transaction 3150,CH,986.7695454545454,1357.35,22,0.9956630750571309,0.7238295207573582
3122,CUST00363,CUST00363,ACC70838,1096.6,transfer,online,2024-02-23T00:00:00+00:00,Transaction 3122,NG,986.5834782608697,1357.35,23,1.1115126334094558,0.8078977419236011
3118,CUST00363,CUST00363,ACC22970,1203.28,transfer,branch,2024-02-26T15:00:00+00:00,Transaction 3118,ZW,991.1674999999999,1357.35,24,1.214002678659258,0.8864920617379453
3128,CUST00363,CUST00363,ACC50329,1156.2,deposit,card,2024-02-27T13:00:00+00:00,Transaction 3128,ZW,999.6519999999998,1357.35,25,1.156602497669189,0.851806829483921
3126,CUST00363,CUST00363,ACC79704,767.95,transfer,online,2024-02-27T18:00:00+00:00,Transaction 3126,ZW,1005.6730769230768,1357.35,26,0.76361793670523,0.5657715401333482
3127,CUST00363,CUST00363,ACC92906,525.94,transfer,mobile,2024-02-29T00:00:00+00:00,Transaction 3127,ZW,996.8685185185184,1357.35,27,0.5275921450319427,0.3874755958301102
3108,CUST00363,CUST00363,ACC85445,1093.42,transfer,online,2024-02-29T03:00:00+00:00,Transaction 3108,GB,980.0496428571427,1357.35,28,1.1156781781097826,0.8055549416141747
3124,CUST00363,CUST00363,ACC49952,1162.99,transfer,card,2024-02-29T14:00:00+00:00,Transaction 3124,ZW,983.9589655172413,1357.35,29,1.1819496958276576,0.8568092238553063
3143,CUST00363,CUST00363,ACC20308,811.27,withdraw,card,2024-02-29T18:00:00+00:00,Transaction 3143,ZW,989.9266666666666,1357.35,30,0.8195253520462795,0.5976866688768556
3136,CUST00363,CUST00363,ACC90753,738.57,withdraw,card,2024-03-01T00:00:00+00:00,Transaction 3136,ZW,984.1635483870967,1357.35,31,0.750454536962287,0.5441264228091502
3112,CUST00363,CUST00363,ACC50669,1113.44,transfer,mobile,2024-03-01T01:00:00+00:00,Transaction 3112,ZA,976.48875,1357.35,32,1.1402486715796778,0.8203042693483628
3130,CUST00363,CUST00363,ACC69533,1263.52,deposit,branch,2024-03-03T02:00:00+00:00,Transaction 3130,ZW,980.6387878787879,1357.35,33,1.2884662687401038,0.9308726562787786
3131,CUST00363,CUST00363,ACC83202,681.17,transfer,branch,2024-03-06T07:00:00+00:00,Transaction 3131,ZW,988.9588235294117,1357.35,34,0.6887748850543947,0.5018381404943456
3149,CUST00363,CUST00363,ACC38552,389.61,transfer,online,2024-03-07T22:00:00+00:00,Transaction 3149,US,980.164857142857,1357.35,35,0.3974943573632075,0.287037241684164
3139,CUST00363,CUST00363,ACC86844,602.07,transfer,online,2024-03-08T18:00:00+00:00,Transaction 3139,ZW,963.7605555555555,1357.35,36,0.6247091111266112,0.4435628246215052
3135,CUST00363,CUST00363,ACC64665,1145.56,transfer,atm,2024-03-09T22:00:00+00:00,Transaction 3135,ZW,953.985135135135,1357.35,37,1.2008153563501047,0.8439680259328839
3123,CUST00363,CUST00363,ACC67531,1636.0,withdraw,branch,2024-03-11T01:00:00+00:00,Transaction 3123,ZW,959.0265789473683,1357.35,38,1.7058964119593856,1.205289718937636
3141,CUST00363,CUST00363,ACC51075,1509.12,deposit,online,2024-03-14T04:00:00+00:00,Transaction 3141,ZW,976.3848717948716,1636.0,39,1.5456200148060573,0.922444987775061
3104,CUST00363,CUST00363,ACC77449,1377.54,withdraw,online,2024-03-17T15:00:00+00:00,Transaction 3104,ZW,989.7032499999999,1636.0,40,1.3918717554984286,0.8420171149144254
3109,CUST00363,CUST00363,ACC89037,1170.93,transfer,online,2024-03-18T02:00:00+00:00,Transaction 3109,DE,999.1626829268292,1636.0,41,1.1719112613073337,0.7157273838630808
3125,CUST00363,CUST00363,ACC26482,1242.18,transfer,mobile,2024-03-22T08:00:00+00:00,Transaction 3125,ZW,1003.2523809523809,1636.0,42,1.2381530545891222,0.759278728606357
3144,CUST00363,CUST00363,ACC15474,822.94,transfer,branch,2024-03-22T12:00:00+00:00,Transaction 3144,CH,1008.8088372093023,1636.0,43,0.8157541544506324,0.5030195599022005
3121,CUST00363,CUST00363,ACC52161,632.83,transfer,mobile,2024-03-24T08:00:00+00:00,Transaction 3121,ZW,1004.5845454545455,1636.0,44,0.6299420022569258,0.38681540342298293
3147,CUST00363,CUST00363,ACC67439,1678.9,transfer,mobile,2024-03-24T16:00:00+00:00,Transaction 3147,AU,996.3233333333334,1636.0,45,1.685095534582147,1.0262224938875306
3148,CUST00363,CUST00363,ACC37785,1066.26,deposit,branch,2024-03-27T13:00:00+00:00,Transaction 3148,ZW,1011.1619565217392,1678.9,46,1.0544898303608956,0.6350944070522365
3137,CUST00363,CUST00363,ACC42242,1492.55,withdraw,card,2024-03-29T06:00:00+00:00,Transaction 3137,ZW,1012.3342553191491,1678.9,47,1.4743648080242606,0.8890047054619095
3120,CUST00363,CUST00363,ACC22043,1148.38,deposit,atm,2024-03-30T02:00:00+00:00,Transaction 3120,ZW,1022.3387499999999,1678.9,48,1.1232871687588877,0.6840073857883138
3101,CUST00363,CUST00363,ACC85570,572.87,transfer,branch,2024-03-30T14:00:00+00:00,Transaction 3101,ZW,1024.911020408163,1678.9,49,0.5589460827261462,0.34121746381559354
3199,CUST00364,CUST00364,ACC19221,283.47,transfer,mobile,2024-01-04T16:00:00+00:00,Transaction 3199,ZW,283.47,283.47,0,1.0,1.0
3200,CUST00364,CUST00364,ACC46228,1269.08,transfer,card,2024-01-06T19:00:00+00:00,Transaction 3200,ZW,283.47,283.47,1,4.476946414082618,4.476946414082618
3168,CUST00364,CUST00364,ACC94090,1980.45,deposit,online,2024-01-09T13:00:00+00:00,Transaction 3168,ZW,776.275,1269.08,2,2.5512221828604553,1.5605399186812496
3155,CUST00364,CUST00364,ACC77894,1548.02,transfer,mobile,2024-01-10T08:00:00+00:00,Transaction 3155,ZW,1177.6666666666667,1980.45,3,1.3144806113784318,0.7816506349567017
3197,CUST00364,CUST00364,ACC59434,100.0,transfer,online,2024-01-14T01:00:00+00:00,Transaction 3197,ZW,1270.255,1980.45,4,0.07872435062251279,0.05049357469262036
3176,CUST00364,CUST00364,ACC97834,1452.5,transfer,branch,2024-01-14T07:00:00+00:00,Transaction 3176,ZW,1036.2040000000002,1980.45,5,1.401751006558554,0.7334191724103107
3172,CUST00364,CUST00364,ACC32689,974.83,withdraw,online,2024-01-25T02:00:00+00:00,Transaction 3172,ZW,1105.5866666666668,1980.45,6,0.8817309663647656,0.4922265141760711
3183,CUST00364,CUST00364,ACC81731,464.74,withdraw,online,2024-01-29T01:00:00+00:00,Transaction 3183,ZW,1086.9071428571428,1980.45,7,0.42758022435876375,0.23466383902648388
3154,CUST00364,CUST00364,ACC56452,100.0,deposit,online,2024-02-02T08:00:00+00:00,Transaction 3154,ZW,1009.13625,1980.45,8,0.09909464653558922,0.05049357469262036
3162,CUST00364,CUST00364,ACC62556,100.0,deposit,branch,2024-02-04T10:00:00+00:00,Transaction 3162,AU,908.1211111111111,1980.45,9,0.11011747087087013,0.05049357469262036
3175,CUST00364,CUST00364,ACC84410,713.87,transfer,online,2024-02-05T21:00:00+00:00,Transaction 3175,ZW,827.309,1980.45,10,0.8628819461652176,0.360458481658209
3185,CUST00364,CUST00364,ACC56786,716.01,transfer,card,2024-02-06T20:00:00+00:00,Transaction 3185,ZW,816.9963636363638,1980.45,11,0.8763931296011108,0.3615390441566311
3195,CUST00364,CUST00364,ACC70843,1132.96,withdraw,online,2024-02-08T20:00:00+00:00,Transaction 3195,ZW,808.5808333333334,1980.45,12,1.4011709816684994,0.5720720038375117
3163,CUST00364,CUST00364,ACC82749,1514.54,transfer,branch,2024-02-09T11:00:00+00:00,Transaction 3163,ZW,833.5330769230769,1980.45,13,1.8170124760865012,0.7647453861496124
3189,CUST00364,CUST00364,ACC30620,1772.75,withdraw,mobile,2024-02-09T13:00:00+00:00,Transaction 3189,ZW,882.1764285714287,1980.45,14,2.0095186660912496,0.8951248453634275
3187,CUST00364,CUST00364,ACC92470,1855.88,withdraw,online,2024-02-10T22:00:00+00:00,Transaction 3187,ZW,941.5480000000001,1980.45,15,1.9710944104814623,0.9371001540054028
3159,CUST00364,CUST00364,ACC74419,1234.67,transfer,branch,2024-02-11T08:00:00+00:00,Transaction 3159,ZW,998.6937500000001,1980.45,16,1.236284897146898,0.6234290186573759
3192,CUST00364,CUST00364,ACC91716,112.82,withdraw,mobile,2024-02-11T15:00:00+00:00,Transaction 3192,ZW,1012.5747058823532,1980.45,17,0.11141893960474662,0.05696685096821429
3181,CUST00364,CUST00364,ACC21566,100.0,transfer,mobile,2024-02-18T17:00:00+00:00,Transaction 3181,AU,962.5883333333336,1980.45,18,0.10388656971741118,0.05049357469262036
3158,CUST00364,CUST00364,ACC99792,100.0,transfer,branch,2024-02-19T10:00:00+00:00,Transaction 3158,ZW,917.1889473684213,1980.45,19,0.10902878876475544,0.05049357469262036
3160,CUST00364,CUST00364,ACC24090,831.76,withdraw,branch,2024-02-21T09:00:00+00:00,Transaction 3160,FR,876.3295000000002,1980.45,20,0.9491407056364071,0.4199853568633391
3164,CUST00364,CUST00364,ACC28511,706.94,transfer,card,2024-02-24T11:00:00+00:00,Transaction 3164,ZW,874.2071428571429,1980.45,21,0.8086641773361986,0.3569592769320104
3182,CUST00364,CUST00364,ACC40746,795.75,transfer,mobile,2024-02-26T00:00:00+00:00,Transaction 3182,ZW,866.6040909090909,1980.45,22,0.9182393763745529,0.40180262061652655
3180,CUST00364,CUST00364,ACC14352,100.0,withdraw,online,2024-02-27T06:00:00+00:00,Transaction 3180,ZW,863.5234782608696,1980.45,23,0.11580461043329049,0.05049357469262036
3174,CUST00364,CUST00364,ACC21071,651.67,transfer,mobile,2024-02-27T07:00:00+00:00,Transaction 3174,ZW,831.71,1980.45,24,0.7835303170576282,0.3290514781993991
3179,CUST00364,CUST00364,ACC22184,701.02,deposit,branch,2024-02-27T13:00:00+00:00,Transaction 3179,ZW,824.5083999999999,1980.45,25,0.8502278448588274,0.35397005731020725
3191,CUST00364,CUST00364,ACC77193,1818.61,transfer,branch,2024-02-29T06:00:00+00:00,Transaction 3191,ZW,819.7588461538461,1980.45,26,2.2184695029917334,0.9182811987174632
3156,CUST00364,CUST00364,ACC86450,2719.1,transfer,atm,2024-03-01T10:00:00+00:00,Transaction 3156,ZW,856.7533333333333,1980.45,27,3.1737256153074007,1.3729707894670402
3184,CUST00364,CUST00364,ACC42854,1567.35,transfer,online,2024-03-05T02:00:00+00:00,Transaction 3184,ZW,923.2657142857142,2719.1,28,1.6976152972523,0.5764223456290685
3161,CUST00364,CUST00364,ACC72473,1283.33,transfer,mobile,2024-03-05T08:00:00+00:00,Transaction 3161,ZW,945.4755172413792,2719.1,29,1.3573381611661202,0.47196866610275456
3151,CUST00364,CUST00364,ACC91192,1488.32,transfer,atm,2024-03-06T10:00:00+00:00,Transaction 3151,ZW,956.7373333333331,2719.1,30,1.5556202817074143,0.5473575815527196
3173,CUST00364,CUST00364,ACC71111,1138.29,withdraw,online,2024-03-07T14:00:00+00:00,Transaction 3173,ZW,973.8851612903225,2719.1,31,1.1688133727100367,0.41862748703615166
3186,CUST00364,CUST00364,ACC70798,1471.8,transfer,mobile,2024-03-09T06:00:00+00:00,Transaction 3186,ZW,979.0228124999999,2719.1,32,1.5033357560296892,0.5412820418520834
3171,CUST00364,CUST00364,ACC79659,1018.52,transfer,online,2024-03-10T07:00:00+00:00,Transaction 3171,ZW,993.9554545454545,2719.1,33,1.0247139299273518,0.37457982420653896
3153,CUST00364,CUST00364,ACC51602,100.0,transfer,branch,2024-03-10T10:00:00+00:00,Transaction 3153,ZW,994.6779411764704,2719.1,34,0.10053505346838544,0.036776874701187894
3157,CUST00364,CUST00364,ACC80792,714.88,transfer,branch,2024-03-12T08:00:00+00:00,Transaction 3157,ZW,969.1157142857141,2719.1,35,0.7376621691940076,0.262910521863852
3194,CUST00364,CUST00364,ACC71996,903.36,transfer,online,2024-03-12T08:00:00+00:00,Transaction 3194,ZW,962.053611111111,2719.1,36,0.9389913301782387,0.33222757530065095
3165,CUST00364,CUST00364,ACC62865,863.12,deposit,online,2024-03-12T10:00:00+00:00,Transaction 3165,ZW,960.4672972972971,2719.1,37,0.8986459012490825,0.31742856092089294
3178,CUST00364,CUST00364,ACC45498,1031.38,transfer,branch,2024-03-19T16:00:00+00:00,Transaction 3178,ZW,957.9055263157894,2719.1,38,1.0767032569138646,0.37930933029311176
3170,CUST00364,CUST00364,ACC25165,690.72,withdraw,online,2024-03-21T17:00:00+00:00,Transaction 3170,ZW,959.789487179487,2719.1,39,0.7196578095784361,0.254025228936045
3169,CUST00364,CUST00364,ACC49580,1100.82,deposit,branch,2024-03-22T05:00:00+00:00,Transaction 3169,ZW,953.0627499999998,2719.1,40,1.1550341255074759,0.40484719208561654
3188,CUST00364,CUST00364,ACC83500,1189.03,transfer,card,2024-03-23T14:00:00+00:00,Transaction 3188,ZW,956.6665853658535,2719.1,41,1.2428886073670953,0.4372880732595344
3166,CUST00364,CUST00364,ACC55985,2178.81,withdraw,mobile,2024-03-23T16:00:00+00:00,Transaction 3166,ZW,962.1990476190474,2719.1,42,2.264406731010018,0.8012982236769519
3196,CUST00364,CUST00364,ACC79296,929.46,deposit,branch,2024-03-23T16:00:00+00:00,Transaction 3196,ZW,990.4923255813951,2719.1,43,0.9383818289096076,0.341826339597661
3193,CUST00364,CUST00364,ACC42500,616.47,withdraw,online,2024-03-24T07:00:00+00:00,Transaction 3193,KE,989.105227272727,2719.1,44,0.6232602790906292,0.22671839947041303
3152,CUST00364,CUST00364,ACC12964,2000.45,deposit,mobile,2024-03-27T09:00:00+00:00,Transaction 3152,ZW,980.8244444444442,2719.1,45,2.0395596901472914,0.7357029899599132
3167,CUST00364,CUST00364,ACC56275,867.77,transfer,online,2024-03-28T07:00:00+00:00,Transaction 3167,ZW,1002.9902173913041,2719.1,46,0.865182915000905,0.3191386855944982
3198,CUST00364,CUST00364,ACC21028,1199.06,transfer,mobile,2024-03-28T11:00:00+00:00,Transaction 3198,ZW,1000.1131914893614,2719.1,47,1.19892429197376,0.44097679379206356
3190,CUST00364,CUST00364,ACC39161,2420.55,transfer,branch,2024-03-28T21:00:00+00:00,Transaction 3190,NL,1004.2579166666666,2719.1,48,2.4102871979683176,0.8902026405796036
3177,CUST00364,CUST00364,ACC11444,1058.3,withdraw,mobile,2024-03-29T00:00:00+00:00,Transaction 3177,ZW,1033.161836734694,2719.1,49,1.0243312929025283,0.38920966496267145
3216,CUST00365,CUST00365,ACC35197,5480.35,transfer,online,2024-01-01T20:00:00+00:00,Transaction 3216,ZW,5480.35,5480.35,0,1.0,1.0
3241,CUST00365,CUST00365,ACC88903,3498.71,transfer,online,2024-01-02T17:00:00+00:00,Transaction 3241,ZW,5480.35,5480.35,1,0.6384099555685312,0.6384099555685312
3201,CUST00365,CUST00365,ACC26013,12340.86,transfer,online,2024-01-06T09:00:00+00:00,Transaction 3201,ZW,4489.530000000001,5480.35,2,2.7488088953632115,2.2518379300592115
3215,CUST00365,CUST00365,ACC70255,6389.07,transfer,online,2024-01-06T10:00:00+00:00,Transaction 3215,NL,7106.64,12340.86,3,0.8990282327513424,0.5177167555583646
3250,CUST00365,CUST00365,ACC78871,100.0,transfer,card,2024-01-06T10:00:00+00:00,Transaction 3250,ZW,6927.2475,12340.86,4,0.014435748109187668,0.008103162988640986
3205,CUST00365,CUST00365,ACC14029,9596.8,transfer,card,2024-01-06T11:00:00+00:00,Transaction 3205,ZW,5561.798000000001,12340.86,5,1.7254851758370222,0.7776443456938981
3247,CUST00365,CUST00365,ACC79148,100.0,transfer,card,2024-01-09T22:00:00+00:00,Transaction 3247,ZW,6234.298333333333,12340.86,6,0.01604029750474459,0.008103162988640986
3248,CUST00365,CUST00365,ACC46347,2146.27,deposit,online,2024-01-14T13:00:00+00:00,Transaction 3248,ZW,5357.97,12340.86,7,0.40057521785303013,0.17391575627630487
3235,CUST00365,CUST00365,ACC42155,4707.68,withdraw,atm,2024-01-15T11:00:00+00:00,Transaction 3235,ZW,4956.5075,12340.86,8,0.9497978163051303,0.381470983383654
3224,CUST00365,CUST00365,ACC82140,7219.17,transfer,card,2024-01-15T21:00:00+00:00,Transaction 3224,ZW,4928.86,12340.86,9,1.4646733727474508,0.5849811115270734
3212,CUST00365,CUST00365,ACC40381,18070.44,transfer,branch,2024-01-18T09:00:00+00:00,Transaction 3212,ZW,5157.891,12340.86,10,3.503455191278761,1.4642772059645761
3210,CUST00365,CUST00365,ACC98736,6554.44,transfer,card,2024-01-18T11:00:00+00:00,Transaction 3210,ZW,6331.75909090909,18070.44,11,1.0351688852803365,0.36271612644739143
3249,CUST00365,CUST00365,ACC26525,11755.51,transfer,atm,2024-01-18T20:00:00+00:00,Transaction 3249,ZW,6350.315833333333,18070.44,12,1.8511693447268176,0.6505381163934028
3206,CUST00365,CUST00365,ACC40755,100.0,transfer,card,2024-01-19T11:00:00+00:00,Transaction 3206,ZW,6766.099999999999,18070.44,13,0.01477956282053177,0.005533899561936511
3204,CUST00365,CUST00365,ACC61624,12764.72,deposit,online,2024-01-22T08:00:00+00:00,Transaction 3204,ZW,6289.949999999999,18070.44,14,2.0293833814259257,0.7063867841624222
3211,CUST00365,CUST00365,ACC39945,6225.93,transfer,online,2024-01-24T10:00:00+00:00,Transaction 3211,ZW,6721.601333333333,18070.44,15,0.9262569574194721,0.3445367129964738
3236,CUST00365,CUST00365,ACC65618,8292.68,transfer,card,2024-01-28T05:00:00+00:00,Transaction 3236,ZW,6690.621875,18070.44,16,1.2394483136143455,0.4589085821927967
3228,CUST00365,CUST00365,ACC33180,100.0,transfer,online,2024-01-28T10:00:00+00:00,Transaction 3228,ZW,6784.860588235294,18070.44,17,0.014738696351903889,0.005533899561936511
3221,CUST00365,CUST00365,ACC76210,25292.37,deposit,card,2024-01-28T16:00:00+00:00,Transaction 3221,ZW,6413.479444444445,18070.44,18,3.9436268906902066,1.3996543526333616
3226,CUST00365,CUST00365,ACC45420,100.0,withdraw,online,2024-01-29T09:00:00+00:00,Transaction 3226,ZW,7407.105263157895,25292.37,19,0.013500550680356698,0.003953761549431706
3233,CUST00365,CUST00365,ACC77149,9020.42,withdraw,online,2024-01-30T15:00:00+00:00,Transaction 3233,ZW,7041.75,25292.37,20,1.2809912308730074,0.3566458975572475
3229,CUST00365,CUST00365,ACC16165,100.0,transfer,online,2024-02-03T22:00:00+00:00,Transaction 3229,ZW,7135.972380952381,25292.37,21,0.014013507152427319,0.003953761549431706
3231,CUST00365,CUST00365,ACC24634,6969.34,deposit,online,2024-02-04T10:00:00+00:00,Transaction 3231,ZW,6816.1554545454555,25292.37,22,1.0224737458639372,0.27555108516916366
3202,CUST00365,CUST00365,ACC32550,100.0,transfer,atm,2024-02-07T08:00:00+00:00,Transaction 3202,ZW,6822.815652173914,25292.37,23,0.01465670554474641,0.003953761549431706
3238,CUST00365,CUST00365,ACC16444,5536.62,transfer,online,2024-02-09T01:00:00+00:00,Transaction 3238,NG,6542.698333333333,25292.37,24,0.846228836777079,0.21890475269814574
3219,CUST00365,CUST00365,ACC59270,12631.21,deposit,atm,2024-02-10T12:00:00+00:00,Transaction 3219,ZW,6502.455199999999,25292.37,25,1.9425293387642255,0.4994079242079726
3245,CUST00365,CUST00365,ACC14888,8944.17,withdraw,card,2024-02-11T02:00:00+00:00,Transaction 3245,ZW,6738.176538461537,25292.37,26,1.3273873055932335,0.35363115437580583
3222,CUST00365,CUST00365,ACC90746,100.0,withdraw,mobile,2024-02-12T07:00:00+00:00,Transaction 3222,ZW,6819.879999999999,25292.37,27,0.014663014598497335,0.003953761549431706
3232,CUST00365,CUST00365,ACC19419,8270.72,transfer,online,2024-02-13T20:00:00+00:00,Transaction 3232,ZW,6579.884285714285,25292.37,28,1.256970433044958,0.327004547221158
3217,CUST00365,CUST00365,ACC15537,100.0,withdraw,atm,2024-02-18T02:00:00+00:00,Transaction 3217,ZW,6638.188965517241,25292.37,29,0.015064349707346438,0.003953761549431706
3244,CUST00365,CUST00365,ACC28932,100.0,transfer,online,2024-02-19T12:00:00+00:00,Transaction 3244,ZW,6420.249333333332,25292.37,30,0.015575719073838671,0.003953761549431706
3242,CUST00365,CUST00365,ACC33482,100.0,transfer,online,2024-02-26T01:00:00+00:00,Transaction 3242,ZW,6216.370322580645,25292.37,31,0.016086557719503156,0.003953761549431706
3208,CUST00365,CUST00365,ACC25494,7547.86,deposit,card,2024-03-05T08:00:00+00:00,Transaction 3208,ZW,6025.233749999999,25292.37,32,1.2527082455514693,0.29842438648493597
3240,CUST00365,CUST00365,ACC91877,19158.05,transfer,atm,2024-03-06T20:00:00+00:00,Transaction 3240,ZW,6071.373939393939,25292.37,33,3.1554719230343453,0.7574636145209009
3227,CUST00365,CUST00365,ACC10675,5438.93,withdraw,branch,2024-03-08T01:00:00+00:00,Transaction 3227,ZW,6456.2761764705865,25292.37,34,0.8424252388430613,0.2150423230405059
3243,CUST00365,CUST00365,ACC39246,12039.68,transfer,atm,2024-03-11T00:00:00+00:00,Transaction 3243,ZW,6427.209142857141,25292.37,35,1.873236070648216,0.4760202385146193
3213,CUST00365,CUST00365,ACC10270,20663.24,transfer,online,2024-03-12T11:00:00+00:00,Transaction 3213,ZW,6583.1111111111095,25292.37,36,3.1388259519308677,0.8169752379867922
3234,CUST00365,CUST00365,ACC86306,12253.74,transfer,atm,2024-03-13T16:00:00+00:00,Transaction 3234,ZW,6963.655135135134,25292.37,37,1.759670713469674,0.48448366048733277
3220,CUST00365,CUST00365,ACC67536,14524.19,deposit,card,2024-03-15T11:00:00+00:00,Transaction 3220,ZW,7102.86789473684,25292.37,38,2.0448345957218623,0.5742518395864049
3223,CUST00365,CUST00365,ACC61676,100.0,transfer,online,2024-03-16T06:00:00+00:00,Transaction 3223,ZW,7293.158205128203,25292.37,39,0.013711480978115179,0.003953761549431706
3239,CUST00365,CUST00365,ACC77293,4297.25,transfer,online,2024-03-17T07:00:00+00:00,Transaction 3239,ZW,7113.32925,25292.37,40,0.6041123430354359,0.169903018182954
3225,CUST00365,CUST00365,ACC48489,8818.5,transfer,card,2024-03-18T01:00:00+00:00,Transaction 3225,ZW,7044.644390243902,25292.37,41,1.2518020089435178,0.348662462236635
3207,CUST00365,CUST00365,ACC29984,10553.24,transfer,card,2024-03-21T11:00:00+00:00,Transaction 3207,ZW,7086.879047619047,25292.37,42,1.489123763660893,0.4172499453392466
3203,CUST00365,CUST00365,ACC79936,20638.92,transfer,online,2024-03-22T11:00:00+00:00,Transaction 3203,ZW,7167.492093023256,25292.37,43,2.8795176516608447,0.8160136831779702
3218,CUST00365,CUST00365,ACC51781,4874.9,deposit,card,2024-03-23T09:00:00+00:00,Transaction 3218,ZW,7473.660909090908,25292.37,44,0.6522773857816062,0.19274192177324623
3209,CUST00365,CUST00365,ACC32306,18634.03,transfer,branch,2024-03-25T09:00:00+00:00,Transaction 3209,ZW,7415.910666666667,25292.37,45,2.512709610130147,0.7367451132495689
3214,CUST00365,CUST00365,ACC41365,17635.82,withdraw,card,2024-03-25T09:00:00+00:00,Transaction 3214,ZW,7659.782826086956,25292.37,46,2.3023916474417017,0.6972782700869867
3246,CUST00365,CUST00365,ACC85006,398.1,transfer,mobile,2024-03-26T15:00:00+00:00,Transaction 3246,ZW,7872.038936170213,25292.37,47,0.05057139620725475,0.015739924728287624
3230,CUST00365,CUST00365,ACC50979,8614.29,deposit,atm,2024-03-27T06:00:00+00:00,Transaction 3230,ZW,7716.331875000001,25292.37,48,1.116371112537199,0.34058848577654055
3237,CUST00365,CUST00365,ACC18404,100.0,transfer,branch,2024-03-28T12:00:00+00:00,Transaction 3237,ZW,7734.657551020408,25292.37,49,0.012928820615569117,0.003953761549431706
3257,CUST00366,CUST00366,ACC83421,1844.42,withdraw,mobile,2024-01-01T18:00:00+00:00,Transaction 3257,ZW,1844.42,1844.42,0,1.0,1.0
3266,CUST00366,CUST00366,ACC93077,2013.54,transfer,atm,2024-01-07T19:00:00+00:00,Transaction 3266,ZW,1844.42,1844.42,1,1.0916927814705977,1.0916927814705977
3294,CUST00366,CUST00366,ACC13512,1623.05,withdraw,online,2024-01-08T07:00:00+00:00,Transaction 3294,ZW,1928.98,2013.54,2,0.8414032286493379,0.8060679201803789
3261,CUST00366,CUST00366,ACC25526,100.0,withdraw,atm,2024-01-09T19:00:00+00:00,Transaction 3261,ZW,1827.0033333333333,2013.54,3,0.05473443763102056,0.049663776234889795
3287,CUST00366,CUST00366,ACC43862,667.14,transfer,mobile,2024-01-14T15:00:00+00:00,Transaction 3287,ZW,1395.2525,2013.54,4,0.478150012273764,0.3313269167734438
3271,CUST00366,CUST00366,ACC92769,287.25,transfer,card,2024-01-14T18:00:00+00:00,Transaction 3271,ZW,1249.63,2013.54,5,0.22986804094011826,0.14265919723472095
3252,CUST00366,CUST00366,ACC63149,3651.46,deposit,mobile,2024-01-16T19:00:00+00:00,Transaction 3252,ZW,1089.2333333333333,2013.54,6,3.3523212045169384,1.813452923706507
3265,CUST00366,CUST00366,ACC25590,100.0,withdraw,mobile,2024-01-17T19:00:00+00:00,Transaction 3265,ZW,1455.2657142857145,3651.46,7,0.06871597332249584,0.027386305751671933
3278,CUST00366,CUST00366,ACC42382,3453.59,withdraw,card,2024-01-21T05:00:00+00:00,Transaction 3278,ZW,1285.8575,3651.46,8,2.6858263843388555,0.9458107168091667
3296,CUST00366,CUST00366,ACC63172,640.07,deposit,online,2024-01-21T12:00:00+00:00,Transaction 3296,ZW,1526.7166666666667,3651.46,9,0.4192460945602218,0.17529152722472657
3267,CUST00366,CUST00366,ACC11406,4168.84,withdraw,branch,2024-01-22T05:00:00+00:00,Transaction 3267,ZW,1438.0520000000001,3651.46,10,2.8989494121213975,1.1416912686980003
3286,CUST00366,CUST00366,ACC89789,3342.02,transfer,card,2024-01-22T17:00:00+00:00,Transaction 3286,ZW,1686.3054545454545,4168.84,11,1.9818592123933116,0.8016666506750079
3282,CUST00366,CUST00366,ACC93026,1088.3,withdraw,mobile,2024-01-23T00:00:00+00:00,Transaction 3282,ZW,1824.2816666666668,4168.84,12,0.5965635789064005,0.2610558332773625
3291,CUST00366,CUST00366,ACC19857,100.0,transfer,mobile,2024-01-23T10:00:00+00:00,Transaction 3291,ZW,1767.6676923076923,4168.84,13,0.056571719014363996,0.023987488126193376
3260,CUST00366,CUST00366,ACC82687,1653.62,withdraw,online,2024-01-27T21:00:00+00:00,Transaction 3260,ZW,1648.5485714285714,4168.84,14,1.0030762991514612,0.3966619011523589
3290,CUST00366,CUST00366,ACC71176,954.06,transfer,online,2024-02-01T07:00:00+00:00,Transaction 3290,ZW,1648.8866666666665,4168.84,15,0.5786085965075425,0.2288550292167605
3251,CUST00366,CUST00366,ACC14160,1523.12,deposit,online,2024-02-01T18:00:00+00:00,Transaction 3251,AU,1605.46,4168.84,16,0.9487125185305145,0.3653582291476765
3269,CUST00366,CUST00366,ACC21701,2831.35,transfer,atm,2024-02-02T17:00:00+00:00,Transaction 3269,ZW,1600.6164705882352,4168.84,17,1.7689121985352703,0.6791697450609762
3256,CUST00366,CUST00366,ACC98337,794.44,withdraw,mobile,2024-02-03T18:00:00+00:00,Transaction 3256,CA,1668.9905555555554,4168.84,18,0.4760002969193289,0.19056620066973068
3295,CUST00366,CUST00366,ACC59860,232.34,deposit,card,2024-02-04T20:00:00+00:00,Transaction 3295,ZW,1622.9615789473683,4168.84,19,0.1431580408395698,0.055732529912397695
3276,CUST00366,CUST00366,ACC79125,816.88,transfer,mobile,2024-02-07T00:00:00+00:00,Transaction 3276,ZW,1553.4305,4168.84,20,0.5258555178361697,0.19594899300524846
3284,CUST00366,CUST00366,ACC74931,3494.38,transfer,card,2024-02-07T01:00:00+00:00,Transaction 3284,NG,1518.3566666666666,4168.84,21,2.301422371116141,0.8382139875840762
3289,CUST00366,CUST00366,ACC47375,1808.0,transfer,card,2024-02-08T12:00:00+00:00,Transaction 3289,ZW,1608.1759090909088,4168.84,22,1.1242551202138393,0.43369378532157626
3264,CUST00366,CUST00366,ACC93695,1410.35,transfer,branch,2024-02-15T19:00:00+00:00,Transaction 3264,ZW,1616.863913043478,4168.84,23,0.8722750187090575,0.33830753878776826
3272,CUST00366,CUST00366,ACC23292,1964.76,withdraw,online,2024-02-18T06:00:00+00:00,Transaction 3272,JP,1608.2591666666667,4168.84,24,1.2216687712542185,0.471296571708197
3285,CUST00366,CUST00366,ACC61119,2797.03,withdraw,mobile,2024-02-20T10:00:00+00:00,Transaction 3285,ZW,1622.5192000000002,4168.84,25,1.7238809870477958,0.6709372391360666
3293,CUST00366,CUST00366,ACC70287,577.06,transfer,mobile,2024-02-21T13:00:00+00:00,Transaction 3293,ZW,1667.6926923076924,4168.84,26,0.3460229829282788,0.1384221989810115
3263,CUST00366,CUST00366,ACC54536,2199.49,transfer,mobile,2024-02-21T21:00:00+00:00,Transaction 3263,ZW,1627.2988888888888,4168.84,27,1.3516201694833088,0.5276024025868107
3299,CUST00366,CUST00366,ACC39815,3737.21,transfer,atm,2024-02-22T00:00:00+00:00,Transaction 3299,ZW,1647.7342857142855,4168.84,28,2.268090208719506,0.8964628050009115
3268,CUST00366,CUST00366,ACC60415,4571.85,transfer,branch,2024-02-24T15:00:00+00:00,Transaction 3268,ZW,1719.785172413793,4168.84,29,2.6583843571480563,1.096671975897372
3279,CUST00366,CUST00366,ACC31014,1441.97,transfer,branch,2024-02-25T07:00:00+00:00,Transaction 3279,ZW,1814.8539999999998,4571.85,30,0.7945377424299697,0.315401861390903
3273,CUST00366,CUST00366,ACC82546,100.0,transfer,online,2024-02-26T05:00:00+00:00,Transaction 3273,ZW,1802.8254838709677,4571.85,31,0.055468485937575765,0.02187298358432582
3255,CUST00366,CUST00366,ACC70061,903.91,withdraw,card,2024-02-26T18:00:00+00:00,Transaction 3255,ZW,1749.6121875,4571.85,32,0.5166344898932067,0.1977120859170795
3300,CUST00366,CUST00366,ACC97052,244.93,deposit,branch,2024-02-27T02:00:00+00:00,Transaction 3300,DE,1723.9848484848485,4571.85,33,0.1420720142727824,0.05357349869308923
3277,CUST00366,CUST00366,ACC64239,3128.6,withdraw,mobile,2024-02-27T13:00:00+00:00,Transaction 3277,ZW,1680.4832352941175,4571.85,34,1.8617263976765788,0.6843181644192176
3297,CUST00366,CUST00366,ACC17390,922.98,withdraw,atm,2024-02-28T21:00:00+00:00,Transaction 3297,ZW,1721.858,4571.85,35,0.5360372341970128,0.20188326388661043
3270,CUST00366,CUST00366,ACC86891,2022.02,withdraw,atm,2024-03-01T22:00:00+00:00,Transaction 3270,ZW,1699.6669444444444,4571.85,36,1.189656601023632,0.4422761026717849
3280,CUST00366,CUST00366,ACC52451,3038.92,withdraw,card,2024-03-06T16:00:00+00:00,Transaction 3280,US,1708.3791891891892,4571.85,37,1.778832251780295,0.6647024727407942
3275,CUST00366,CUST00366,ACC72193,100.0,transfer,card,2024-03-07T13:00:00+00:00,Transaction 3275,ZW,1743.3934210526315,4571.85,38,0.05735939965840968,0.02187298358432582
3259,CUST00366,CUST00366,ACC55822,1681.05,transfer,branch,2024-03-07T19:00:00+00:00,Transaction 3259,ZW,1701.2551282051281,4571.85,39,0.9881233990892094,0.3676957905443092
3262,CUST00366,CUST00366,ACC97440,1514.09,transfer,online,2024-03-08T21:00:00+00:00,Transaction 3262,ZW,1700.75,4571.85,40,0.8902484198147875,0.33117665715191874
3292,CUST00366,CUST00366,ACC92493,100.0,withdraw,card,2024-03-09T01:00:00+00:00,Transaction 3292,ZW,1696.1973170731706,4571.85,41,0.05895540512500776,0.02187298358432582
3298,CUST00366,CUST00366,ACC70054,1672.37,transfer,atm,2024-03-09T13:00:00+00:00,Transaction 3298,ZW,1658.192619047619,4571.85,42,1.0085498999268998,0.36579721556918965
3281,CUST00366,CUST00366,ACC64160,100.0,withdraw,mobile,2024-03-09T18:00:00+00:00,Transaction 3281,ZW,1658.522325581395,4571.85,43,0.06029463604895701,0.02187298358432582
3253,CUST00366,CUST00366,ACC26203,100.0,withdraw,online,2024-03-14T21:00:00+00:00,Transaction 3253,ZW,1623.1013636363634,4571.85,44,0.06161044666733692,0.02187298358432582
3258,CUST00366,CUST00366,ACC11980,875.58,withdraw,card,2024-03-16T20:00:00+00:00,Transaction 3258,ZW,1589.2546666666665,4571.85,45,0.550937504457016,0.19151546966764002
3254,CUST00366,CUST00366,ACC39223,1484.57,deposit,online,2024-03-18T19:00:00+00:00,Transaction 3254,ZW,1573.7399999999998,4571.85,46,0.943338798022545,0.3247197523978258
3288,CUST00366,CUST00366,ACC46620,4003.53,transfer,mobile,2024-03-19T09:00:00+00:00,Transaction 3288,ZW,1571.8427659574468,4571.85,47,2.5470295672744054,0.8756914596935594
3283,CUST00366,CUST00366,ACC92659,100.0,transfer,mobile,2024-03-25T02:00:00+00:00,Transaction 3283,ZW,1622.5029166666666,4571.85,48,0.061633171178172,0.02187298358432582
3274,CUST00366,CUST00366,ACC41519,145.56,withdraw,branch,2024-03-27T21:00:00+00:00,Transaction 3274,ZW,1591.4314285714286,4571.85,49,0.09146482681359638,0.03183831490534466
3341,CUST00367,CUST00367,ACC43760,3405.1,withdraw,online,2024-01-02T02:00:00+00:00,Transaction 3341,ZW,3405.1,3405.1,0,1.0,1.0
3307,CUST00367,CUST00367,ACC88589,100.0,transfer,card,2024-01-03T15:00:00+00:00,Transaction 3307,ZW,3405.1,3405.1,1,0.029367713136178086,0.029367713136178086
3303,CUST00367,CUST00367,ACC33427,100.0,deposit,card,2024-01-08T17:00:00+00:00,Transaction 3303,ZW,1752.55,3405.1,2,0.057059712989643664,0.029367713136178086
3304,CUST00367,CUST00367,ACC42941,100.0,deposit,card,2024-01-10T20:00:00+00:00,Transaction 3304,ZW,1201.7,3405.1,3,0.08321544478655238,0.029367713136178086
3349,CUST00367,CUST00367,ACC47438,2493.48,deposit,online,2024-01-14T03:00:00+00:00,Transaction 3349,ZW,926.275,3405.1,4,2.691943537286443,0.7322780535079734
3344,CUST00367,CUST00367,ACC44534,100.0,withdraw,mobile,2024-01-23T08:00:00+00:00,Transaction 3344,ZW,1239.716,3405.1,5,0.08066363586498844,0.029367713136178086
3317,CUST00367,CUST00367,ACC78642,4523.92,transfer,card,2024-01-23T15:00:00+00:00,Transaction 3317,ZW,1049.7633333333333,3405.1,6,4.309466578181114,1.3285718481101878
3334,CUST00367,CUST00367,ACC81186,2764.67,withdraw,online,2024-01-26T08:00:00+00:00,Transaction 3334,ZW,1546.0714285714287,4523.92,7,1.7881903441903442,0.611122654688854
3332,CUST00367,CUST00367,ACC36252,100.0,deposit,atm,2024-01-28T05:00:00+00:00,Transaction 3332,ZA,1698.39625,4523.92,8,0.058879074891975296,0.022104723337282712
3326,CUST00367,CUST00367,ACC65469,13461.55,transfer,atm,2024-01-31T21:00:00+00:00,Transaction 3326,ZW,1520.7966666666666,4523.92,9,8.851643546474545,2.9756383844099803
3308,CUST00367,CUST00367,ACC76649,4228.54,transfer,online,2024-02-06T10:00:00+00:00,Transaction 3308,ZW,2714.8720000000003,13461.55,10,1.5575467278015316,0.31411984504013285
3314,CUST00367,CUST00367,ACC60343,509.99,deposit,branch,2024-02-06T10:00:00+00:00,Transaction 3314,ZW,2852.478181818182,13461.55,11,0.17878839643741998,0.03788493895576661
3337,CUST00367,CUST00367,ACC36583,10654.16,transfer,mobile,2024-02-08T17:00:00+00:00,Transaction 3337,KE,2657.2708333333335,13461.55,12,4.00943700068209,0.7914512073275366
3329,CUST00367,CUST00367,ACC47835,6716.29,withdraw,card,2024-02-10T10:00:00+00:00,Transaction 3329,ZW,3272.416153846154,13461.55,13,2.0523948312949662,0.4989239723508809
3346,CUST00367,CUST00367,ACC32900,100.0,withdraw,card,2024-02-13T07:00:00+00:00,Transaction 3346,ZW,3518.4071428571433,13461.55,14,0.028421952303903753,0.007428565061229948
3339,CUST00367,CUST00367,ACC33793,100.0,deposit,online,2024-02-15T17:00:00+00:00,Transaction 3339,ZW,3290.513333333334,13461.55,15,0.030390395014354393,0.007428565061229948
3319,CUST00367,CUST00367,ACC35474,100.0,transfer,online,2024-02-16T13:00:00+00:00,Transaction 3319,ZW,3091.10625,13461.55,16,0.0323508776186519,0.007428565061229948
3313,CUST00367,CUST00367,ACC24971,100.0,transfer,mobile,2024-02-17T04:00:00+00:00,Transaction 3313,ZW,2915.1588235294116,13461.55,17,0.034303448303694486,0.007428565061229948
3340,CUST00367,CUST00367,ACC37539,2451.41,deposit,atm,2024-02-17T11:00:00+00:00,Transaction 3340,ZW,2758.761111111111,13461.55,18,0.8885908932552252,0.18210458676749705
3302,CUST00367,CUST00367,ACC18041,13445.36,deposit,mobile,2024-02-17T18:00:00+00:00,Transaction 3302,ZW,2742.5847368421055,13461.55,19,4.90244105109452,0.998797315316587
3347,CUST00367,CUST00367,ACC58367,6660.97,deposit,atm,2024-02-18T03:00:00+00:00,Transaction 3347,ZW,3277.7235,13461.55,20,2.032193990737779,0.49481449015900847
3348,CUST00367,CUST00367,ACC51960,15510.13,withdraw,mobile,2024-02-19T03:00:00+00:00,Transaction 3348,ZW,3438.8304761904765,13461.55,21,4.510292120355425,1.1521800981313444
3350,CUST00367,CUST00367,ACC12462,100.0,transfer,online,2024-02-19T10:00:00+00:00,Transaction 3350,ZW,3987.5259090909094,15510.13,22,0.02507820695835889,0.006447399215867308
3330,CUST00367,CUST00367,ACC46580,100.0,transfer,card,2024-02-19T16:00:00+00:00,Transaction 3330,ZW,3818.503043478261,15510.13,23,0.026188272959685885,0.006447399215867308
3322,CUST00367,CUST00367,ACC78174,844.13,transfer,card,2024-02-20T19:00:00+00:00,Transaction 3322,ZW,3663.5654166666664,15510.13,24,0.23041215428003484,0.054424431000900705
3331,CUST00367,CUST00367,ACC88991,100.0,transfer,mobile,2024-02-24T18:00:00+00:00,Transaction 3331,ZW,3550.788,15510.13,25,0.028162762744495026,0.006447399215867308
3324,CUST00367,CUST00367,ACC72587,100.0,withdraw,card,2024-02-24T21:00:00+00:00,Transaction 3324,ZW,3418.0653846153846,15510.13,26,0.029256315707153282,0.006447399215867308
3311,CUST00367,CUST00367,ACC82219,100.0,deposit,online,2024-02-28T20:00:00+00:00,Transaction 3311,ZW,3295.174074074074,15510.13,27,0.030347410410510547,0.006447399215867308
3343,CUST00367,CUST00367,ACC41701,100.0,deposit,mobile,2024-02-29T00:00:00+00:00,Transaction 3343,ZW,3181.0607142857143,15510.13,28,0.03143605513434984,0.006447399215867308
3310,CUST00367,CUST00367,ACC39549,3186.16,transfer,mobile,2024-03-03T21:00:00+00:00,Transaction 3310,ZW,3074.8172413793104,15510.13,29,1.0362111793580107,0.2054244548562778
3320,CUST00367,CUST00367,ACC88182,5317.13,transfer,card,2024-03-06T03:00:00+00:00,Transaction 3320,ZW,3078.5286666666666,15510.13,30,1.7271659860024042,0.34281659792664537
3306,CUST00367,CUST00367,ACC41348,10414.87,transfer,atm,2024-03-07T03:00:00+00:00,Transaction 3306,ZW,3150.741612903226,15510.13,31,3.3055297068309266,0.6714882467135995
3335,CUST00367,CUST00367,ACC84577,8491.35,transfer,mobile,2024-03-07T14:00:00+00:00,Transaction 3335,ZW,3377.745625,15510.13,32,2.5139104428563948,0.5474712333165487
3316,CUST00367,CUST00367,ACC82765,100.0,deposit,mobile,2024-03-10T08:00:00+00:00,Transaction 3316,ZW,3532.7033333333334,15510.13,33,0.02830693397218938,0.006447399215867308
3342,CUST00367,CUST00367,ACC59232,7716.89,deposit,mobile,2024-03-10T15:00:00+00:00,Transaction 3342,ZW,3431.7414705882356,15510.13,34,2.2486804632976174,0.4975387053493427
3318,CUST00367,CUST00367,ACC77055,13028.5,transfer,mobile,2024-03-12T19:00:00+00:00,Transaction 3318,ZW,3554.174285714286,15510.13,35,3.6656896799819285,0.8399994068392722
3321,CUST00367,CUST00367,ACC18376,10132.32,deposit,mobile,2024-03-13T01:00:00+00:00,Transaction 3321,ZW,3817.3500000000004,15510.13,36,2.6542811112420917,0.6532711202291663
3312,CUST00367,CUST00367,ACC18276,6538.9,transfer,online,2024-03-14T13:00:00+00:00,Transaction 3312,ZW,3988.0248648648653,15510.13,37,1.6396337088087767,0.42158898732634736
3323,CUST00367,CUST00367,ACC31676,100.0,deposit,card,2024-03-16T16:00:00+00:00,Transaction 3323,ZW,4055.153157894737,15510.13,38,0.024659981042964046,0.006447399215867308
3325,CUST00367,CUST00367,ACC20523,14431.33,deposit,mobile,2024-03-17T01:00:00+00:00,Transaction 3325,ZW,3953.7389743589747,15510.13,39,3.650046220448777,0.9304454572592236
3327,CUST00367,CUST00367,ACC19518,100.0,transfer,atm,2024-03-18T05:00:00+00:00,Transaction 3327,ZW,4215.67875,15510.13,40,0.023720972571735926,0.006447399215867308
3328,CUST00367,CUST00367,ACC56439,1093.03,deposit,mobile,2024-03-18T10:00:00+00:00,Transaction 3328,ZW,4115.296341463414,15510.13,41,0.2656017718547371,0.07047200764919444
3345,CUST00367,CUST00367,ACC71377,100.0,transfer,online,2024-03-19T01:00:00+00:00,Transaction 3345,ZW,4043.337619047619,15510.13,42,0.02473204303516814,0.006447399215867308
3333,CUST00367,CUST00367,ACC87535,100.0,withdraw,atm,2024-03-19T05:00:00+00:00,Transaction 3333,ZW,3951.6320930232555,15510.13,43,0.02530599955814548,0.006447399215867308
3338,CUST00367,CUST00367,ACC27217,12112.84,transfer,mobile,2024-03-22T01:00:00+00:00,Transaction 3338,ZW,3864.095,15510.13,44,3.1347158907842587,0.7809631511792616
3315,CUST00367,CUST00367,ACC31451,863.22,transfer,mobile,2024-03-23T10:00:00+00:00,Transaction 3315,GB,4047.400444444444,15510.13,45,0.2132776363121855,0.05565523951120978
3305,CUST00367,CUST00367,ACC42087,1814.63,transfer,online,2024-03-25T20:00:00+00:00,Transaction 3305,ZW,3978.1791304347826,15510.13,46,0.4561458749097796,0.11699644039089294
3309,CUST00367,CUST00367,ACC60581,6055.54,deposit,mobile,2024-03-28T02:00:00+00:00,Transaction 3309,ZW,3932.146170212766,15510.13,47,1.540008875019094,0.39042483847653114
3301,CUST00367,CUST00367,ACC48832,8447.5,transfer,card,2024-03-28T13:00:00+00:00,Transaction 3301,ZW,3976.3835416666666,15510.13,48,2.1244178061503853,0.5446440487603909
3336,CUST00367,CUST00367,ACC47693,11221.48,deposit,mobile,2024-03-29T20:00:00+00:00,Transaction 3336,ZW,4067.6308163265307,15510.13,49,2.75872627254164,0.7234936135287068
3369,CUST00368,CUST00368,ACC91687,1494.02,deposit,atm,2024-01-02T07:00:00+00:00,Transaction 3369,ZW,1494.02,1494.02,0,1.0,1.0
3396,CUST00368,CUST00368,ACC78467,6418.2,transfer,branch,2024-01-04T20:00:00+00:00,Transaction 3396,ZW,1494.02,1494.02,1,4.295926426687728,4.295926426687728
3376,CUST00368,CUST00368,ACC73368,7104.79,transfer,mobile,2024-01-05T12:00:00+00:00,Transaction 3376,ZW,3956.1099999999997,6418.2,2,1.7959030461741459,1.1069754759901531
3400,CUST00368,CUST00368,ACC68830,8630.23,transfer,atm,2024-01-05T13:00:00+00:00,Transaction 3400,ZW,5005.669999999999,7104.79,3,1.7240908809410131,1.2147058533749766
3367,CUST00368,CUST00368,ACC90339,4281.61,withdraw,card,2024-01-09T10:00:00+00:00,Transaction 3367,ZW,5911.8099999999995,8630.23,4,0.7242468888546825,0.496117716445564
3352,CUST00368,CUST00368,ACC47230,7249.22,deposit,card,2024-01-09T13:00:00+00:00,Transaction 3352,ZW,5585.7699999999995,8630.23,5,1.2978013774287163,0.8399799310099499
3392,CUST00368,CUST00368,ACC22273,3240.15,transfer,branch,2024-01-11T03:00:00+00:00,Transaction 3392,ZW,5863.011666666666,8630.23,6,0.5526425980731746,0.3754419059515216
3359,CUST00368,CUST00368,ACC21429,6946.2,deposit,online,2024-01-12T13:00:00+00:00,Transaction 3359,ZW,5488.317142857143,8630.23,7,1.2656338581017026,0.8048684681636527
3375,CUST00368,CUST00368,ACC36740,3925.58,deposit,branch,2024-01-15T22:00:00+00:00,Transaction 3375,ZW,5670.5525,8630.23,8,0.6922746945734124,0.45486389122885484
3358,CUST00368,CUST00368,ACC29148,5845.51,withdraw,mobile,2024-01-18T14:00:00+00:00,Transaction 3358,ZW,5476.666666666667,8630.23,9,1.0673481436396834,0.6773295729082539
3398,CUST00368,CUST00368,ACC90170,2291.89,withdraw,mobile,2024-01-20T20:00:00+00:00,Transaction 3398,ZW,5513.551,8630.23,10,0.4156831051349665,0.26556534414494165
3388,CUST00368,CUST00368,ACC28270,8839.22,deposit,branch,2024-01-23T15:00:00+00:00,Transaction 3388,ZW,5220.672727272728,8630.23,11,1.6931189641181734,1.0242160405921974
3374,CUST00368,CUST00368,ACC39468,3730.13,withdraw,mobile,2024-01-24T06:00:00+00:00,Transaction 3374,ZW,5522.218333333333,8839.22,12,0.675476733233112,0.42199764232590664
3389,CUST00368,CUST00368,ACC22604,9313.0,transfer,online,2024-02-03T03:00:00+00:00,Transaction 3389,ZW,5384.365384615385,8839.22,13,1.7296374474529175,1.053599752014318
3364,CUST00368,CUST00368,ACC78008,1085.38,transfer,card,2024-02-04T16:00:00+00:00,Transaction 3364,ZW,5664.982142857143,9313.0,14,0.19159460217690763,0.1165446150542253
3380,CUST00368,CUST00368,ACC45459,1341.44,transfer,online,2024-02-08T03:00:00+00:00,Transaction 3380,ZW,5359.675333333334,9313.0,15,0.2502838169426432,0.14403951465693118
3390,CUST00368,CUST00368,ACC56895,7215.26,deposit,atm,2024-02-09T02:00:00+00:00,Transaction 3390,ZW,5108.5356249999995,9313.0,16,1.4123930084171628,0.7747514227424032
3377,CUST00368,CUST00368,ACC42714,1623.67,deposit,online,2024-02-09T13:00:00+00:00,Transaction 3377,ZW,5232.4605882352935,9313.0,17,0.31030716287680654,0.1743444647267261
3351,CUST00368,CUST00368,ACC20390,4762.51,withdraw,online,2024-02-11T16:00:00+00:00,Transaction 3351,ZW,5031.972222222222,9313.0,18,0.9464499781949867,0.511383012992591
3373,CUST00368,CUST00368,ACC88396,12334.91,deposit,branch,2024-02-20T00:00:00+00:00,Transaction 3373,ZW,5017.789999999999,9313.0,19,2.45823559774323,1.3244829807795555
3357,CUST00368,CUST00368,ACC10270,100.0,transfer,mobile,2024-02-20T13:00:00+00:00,Transaction 3357,ZW,5383.645999999999,12334.91,20,0.01857477256119738,0.008107071717588536
3379,CUST00368,CUST00368,ACC55064,2968.87,transfer,online,2024-02-21T21:00:00+00:00,Transaction 3379,ZW,5132.043809523809,12334.91,21,0.5784966204868534,0.24068842010197075
3365,CUST00368,CUST00368,ACC33902,100.0,withdraw,card,2024-02-22T16:00:00+00:00,Transaction 3365,ZW,5033.717727272727,12334.91,22,0.01986603250678899,0.008107071717588536
3386,CUST00368,CUST00368,ACC62816,3194.98,withdraw,mobile,2024-02-22T18:00:00+00:00,Transaction 3386,ZW,4819.208260869565,12334.91,23,0.6629678210718178,0.2590193199626102
3394,CUST00368,CUST00368,ACC59697,100.0,deposit,online,2024-02-23T11:00:00+00:00,Transaction 3394,ZW,4751.532083333333,12334.91,24,0.02104584337139679,0.008107071717588536
3356,CUST00368,CUST00368,ACC81920,3971.62,withdraw,atm,2024-02-23T14:00:00+00:00,Transaction 3356,ZW,4565.470799999999,12334.91,25,0.8699256164336876,0.3219820817500898
3362,CUST00368,CUST00368,ACC89721,10628.59,transfer,online,2024-02-24T13:00:00+00:00,Transaction 3362,ZW,4542.630384615384,12334.91,26,2.339743518644188,0.8616674138684434
3361,CUST00368,CUST00368,ACC29791,4008.93,transfer,mobile,2024-02-25T14:00:00+00:00,Transaction 3361,SG,4768.036296296295,12334.91,27,0.8407926766652443,0.32500683020792204
3387,CUST00368,CUST00368,ACC73526,1520.24,transfer,card,2024-02-27T03:00:00+00:00,Transaction 3387,ZW,4740.925357142856,12334.91,28,0.32066313756860765,0.12324694707946796
3397,CUST00368,CUST00368,ACC20656,100.0,withdraw,atm,2024-02-27T06:00:00+00:00,Transaction 3397,CA,4629.867241379309,12334.91,29,0.021598891455515783,0.008107071717588536
3371,CUST00368,CUST00368,ACC41642,115.83,withdraw,mobile,2024-02-27T18:00:00+00:00,Transaction 3371,ZW,4478.871666666665,12334.91,30,0.025861424175657344,0.009390421170482801
3384,CUST00368,CUST00368,ACC27971,9505.44,transfer,atm,2024-02-29T15:00:00+00:00,Transaction 3384,ZW,4338.128387096773,12334.91,31,2.1911384707453005,0.7706128378723477
3399,CUST00368,CUST00368,ACC99852,7905.08,deposit,mobile,2024-03-01T04:00:00+00:00,Transaction 3399,ZW,4499.6068749999995,12334.91,32,1.7568379237575062,0.6408705049327478
3366,CUST00368,CUST00368,ACC86011,508.13,transfer,mobile,2024-03-04T08:00:00+00:00,Transaction 3366,ZW,4602.803030303029,12334.91,33,0.1103957733265303,0.04119446351858262
3383,CUST00368,CUST00368,ACC48287,2191.32,transfer,online,2024-03-04T15:00:00+00:00,Transaction 3383,ZW,4482.371470588235,12334.91,34,0.48887514441377317,0.1776518839618611
3353,CUST00368,CUST00368,ACC37054,5948.12,deposit,atm,2024-03-04T16:00:00+00:00,Transaction 3353,ZW,4416.912857142856,12334.91,35,1.3466690859388217,0.4822183542482272
3368,CUST00368,CUST00368,ACC32590,4300.13,transfer,online,2024-03-06T09:00:00+00:00,Transaction 3368,ZW,4459.446388888889,12334.91,36,0.9642744020231212,0.3486146230495399
3360,CUST00368,CUST00368,ACC21911,4068.18,withdraw,atm,2024-03-08T13:00:00+00:00,Transaction 3360,ZW,4455.14054054054,12334.91,37,0.9131429105278931,0.3298102702005933
3378,CUST00368,CUST00368,ACC91522,6699.02,deposit,mobile,2024-03-09T05:00:00+00:00,Transaction 3378,NG,4444.957368421052,12334.91,38,1.5071055681192376,0.5430943557755995
3382,CUST00368,CUST00368,ACC39244,6257.59,deposit,mobile,2024-03-12T20:00:00+00:00,Transaction 3382,ZW,4502.753846153845,12334.91,39,1.3897250913116421,0.5073073090926484
3385,CUST00368,CUST00368,ACC76656,11481.74,withdraw,branch,2024-03-17T02:00:00+00:00,Transaction 3385,ZW,4546.62475,12334.91,40,2.5253326657318707,0.9308328962270499
3370,CUST00368,CUST00368,ACC38656,11937.17,deposit,online,2024-03-17T09:00:00+00:00,Transaction 3370,ZW,4715.773902439024,12334.91,41,2.5313278895381375,0.9677549329504633
3395,CUST00368,CUST00368,ACC17213,2892.66,deposit,mobile,2024-03-19T16:00:00+00:00,Transaction 3395,ZW,4887.711904761904,12334.91,42,0.5918229339953109,0.23451002074599653
3381,CUST00368,CUST00368,ACC27487,2283.06,transfer,atm,2024-03-22T07:00:00+00:00,Transaction 3381,GB,4841.315348837209,12334.91,43,0.4715784524444059,0.1850893115555768
3391,CUST00368,CUST00368,ACC46834,14078.16,transfer,atm,2024-03-23T08:00:00+00:00,Transaction 3391,ZW,4783.173181818182,12334.91,44,2.943267881981351,1.141326527716862
3393,CUST00368,CUST00368,ACC38792,15594.65,transfer,atm,2024-03-25T01:00:00+00:00,Transaction 3393,ZW,4989.728444444444,14078.16,45,3.1253504421394034,1.107719332640061
3355,CUST00368,CUST00368,ACC35603,3103.17,deposit,atm,2024-03-27T15:00:00+00:00,Transaction 3355,ZW,5220.270217391304,15594.65,46,0.5944462395187523,0.19898939700474202
3354,CUST00368,CUST00368,ACC50919,10563.96,deposit,online,2024-03-28T15:00:00+00:00,Transaction 3354,ZW,5175.2255319148935,15594.65,47,2.041255967465289,0.6774092397072072
3372,CUST00368,CUST00368,ACC35248,6864.37,transfer,mobile,2024-03-29T12:00:00+00:00,Transaction 3372,ZW,5287.490833333333,15594.65,48,1.2982282553996547,0.4401746752892819
3363,CUST00368,CUST00368,ACC67391,3914.82,transfer,card,2024-03-30T15:00:00+00:00,Transaction 3363,ZW,5319.672040816326,15594.65,49,0.7359137875347771,0.25103609250608383
3448,CUST00369,CUST00369,ACC43675,294.92,withdraw,mobile,2024-01-02T06:00:00+00:00,Transaction 3448,ZW,294.92,294.92,0,1.0,1.0
3407,CUST00369,CUST00369,ACC83633,197.96,deposit,atm,2024-01-02T13:00:00+00:00,Transaction 3407,US,294.92,294.92,1,0.6712328767123288,0.6712328767123288
3418,CUST00369,CUST00369,ACC57453,322.73,transfer,mobile,2024-01-03T16:00:00+00:00,Transaction 3418,ZW,246.44,294.92,2,1.309568251907158,1.0942967584429675
3416,CUST00369,CUST00369,ACC68827,100.0,transfer,mobile,2024-01-03T19:00:00+00:00,Transaction 3416,ZW,271.87,322.73,3,0.3678228565123037,0.30985653642363586
3437,CUST00369,CUST00369,ACC66935,258.46,transfer,atm,2024-01-07T06:00:00+00:00,Transaction 3437,ZW,228.9025,322.73,4,1.1291270300673866,0.8008552040405291
3443,CUST00369,CUST00369,ACC67292,257.2,deposit,branch,2024-01-09T07:00:00+00:00,Transaction 3443,ZW,234.814,322.73,5,1.0953350311310228,0.7969510116815913
3402,CUST00369,CUST00369,ACC17740,316.38,withdraw,online,2024-01-09T16:00:00+00:00,Transaction 3402,ZW,238.545,322.73,6,1.3262906369867322,0.9803241099370991
3409,CUST00369,CUST00369,ACC27145,100.0,transfer,atm,2024-01-11T14:00:00+00:00,Transaction 3409,ZW,249.66428571428574,322.73,7,0.4005378651331788,0.30985653642363586
3403,CUST00369,CUST00369,ACC49063,100.0,transfer,mobile,2024-01-12T13:00:00+00:00,Transaction 3403,ZW,230.95625,322.73,8,0.4329824371498931,0.30985653642363586
3445,CUST00369,CUST00369,ACC82778,310.48,transfer,mobile,2024-01-14T03:00:00+00:00,Transaction 3445,ZA,216.40555555555557,322.73,9,1.434713629245501,0.9620425742881046
3428,CUST00369,CUST00369,ACC10096,441.61,withdraw,online,2024-01-17T05:00:00+00:00,Transaction 3428,ZW,225.81300000000002,322.73,10,1.9556447148746972,1.3683574505004183
3421,CUST00369,CUST00369,ACC22181,157.12,withdraw,online,2024-01-19T02:00:00+00:00,Transaction 3421,ZW,245.43090909090913,441.61,11,0.6401801654974182,0.3557890446321415
3411,CUST00369,CUST00369,ACC40917,304.11,withdraw,online,2024-01-22T16:00:00+00:00,Transaction 3411,ZW,238.0716666666667,441.61,12,1.2773884614576843,0.688639297117366
3440,CUST00369,CUST00369,ACC21219,388.91,transfer,online,2024-01-23T18:00:00+00:00,Transaction 3440,DE,243.15153846153848,441.61,13,1.5994552305146839,0.8806639342406196
3420,CUST00369,CUST00369,ACC36466,376.09,transfer,online,2024-01-25T03:00:00+00:00,Transaction 3420,ZW,253.56285714285715,441.61,14,1.483221968066526,0.8516337945245804
3404,CUST00369,CUST00369,ACC81081,100.0,withdraw,card,2024-01-27T13:00:00+00:00,Transaction 3404,ZW,261.73133333333334,441.61,15,0.3820711824084239,0.22644414755100653
3427,CUST00369,CUST00369,ACC59705,100.0,transfer,atm,2024-01-31T07:00:00+00:00,Transaction 3427,ZW,251.623125,441.61,16,0.39741975225846193,0.22644414755100653
3436,CUST00369,CUST00369,ACC73356,107.65,transfer,online,2024-01-31T07:00:00+00:00,Transaction 3436,ZW,242.70411764705878,441.61,17,0.44354418476140167,0.24376712483865856
3450,CUST00369,CUST00369,ACC68453,269.3,transfer,mobile,2024-02-01T00:00:00+00:00,Transaction 3450,ZW,235.20111111111106,441.61,18,1.1449775841950862,0.6098140893548606
3424,CUST00369,CUST00369,ACC98450,346.73,transfer,mobile,2024-02-03T10:00:00+00:00,Transaction 3424,ZW,236.99578947368417,441.61,19,1.4630217725387085,0.785149792803605
3401,CUST00369,CUST00369,ACC37576,100.0,transfer,atm,2024-02-04T16:00:00+00:00,Transaction 3401,ZW,242.4825,441.61,20,0.412400894909942,0.22644414755100653
3441,CUST00369,CUST00369,ACC42125,682.78,transfer,mobile,2024-02-08T02:00:00+00:00,Transaction 3441,FR,235.69761904761904,441.61,21,2.8968472518258865,1.5461153506487624
3449,CUST00369,CUST00369,ACC34694,122.73,transfer,mobile,2024-02-10T07:00:00+00:00,Transaction 3449,NL,256.01954545454544,682.78,22,0.4793774623031268,0.17975043205717803
3444,CUST00369,CUST00369,ACC97403,241.05,withdraw,card,2024-02-11T13:00:00+00:00,Transaction 3444,ZW,250.2243478260869,682.78,23,0.9633355110891794,0.3530419754532939
3417,CUST00369,CUST00369,ACC77996,100.0,transfer,atm,2024-02-12T19:00:00+00:00,Transaction 3417,CH,249.84208333333333,682.78,24,0.4002528263686562,0.14646006034154488
3408,CUST00369,CUST00369,ACC25464,369.96,deposit,online,2024-02-17T16:00:00+00:00,Transaction 3408,ZW,243.8484,682.78,25,1.517172144660371,0.5418436392395793
3447,CUST00369,CUST00369,ACC91211,100.0,transfer,mobile,2024-02-19T06:00:00+00:00,Transaction 3447,ZW,248.69884615384615,682.78,26,0.4020927380504998,0.14646006034154488
3414,CUST00369,CUST00369,ACC16272,172.19,withdraw,mobile,2024-02-19T16:00:00+00:00,Transaction 3414,ZW,243.19148148148147,682.78,27,0.7080428925842615,0.2521895779021061
3415,CUST00369,CUST00369,ACC93738,100.0,transfer,mobile,2024-02-20T14:00:00+00:00,Transaction 3415,ZW,240.65571428571428,682.78,28,0.4155313755869381,0.14646006034154488
3432,CUST00369,CUST00369,ACC46201,131.74,withdraw,atm,2024-02-22T09:00:00+00:00,Transaction 3432,ZW,235.8055172413793,682.78,29,0.5586807363168947,0.19294648349395122
3431,CUST00369,CUST00369,ACC50936,253.66,transfer,branch,2024-02-24T17:00:00+00:00,Transaction 3431,ZW,232.33666666666664,682.78,30,1.0917777363308991,0.37151058906236273
3438,CUST00369,CUST00369,ACC68561,100.0,transfer,online,2024-02-25T21:00:00+00:00,Transaction 3438,ZW,233.02451612903224,682.78,31,0.42913939555023983,0.14646006034154488
3410,CUST00369,CUST00369,ACC73271,100.0,transfer,atm,2024-02-26T14:00:00+00:00,Transaction 3410,ZW,228.8675,682.78,32,0.4369340338842343,0.14646006034154488
3434,CUST00369,CUST00369,ACC23777,100.0,withdraw,online,2024-03-04T13:00:00+00:00,Transaction 3434,ZW,224.96242424242425,682.78,33,0.44451868056079397,0.14646006034154488
3422,CUST00369,CUST00369,ACC54656,100.0,transfer,online,2024-03-05T17:00:00+00:00,Transaction 3422,ZW,221.2870588235294,682.78,34,0.45190170872010804,0.14646006034154488
3405,CUST00369,CUST00369,ACC95225,379.85,withdraw,mobile,2024-03-06T14:00:00+00:00,Transaction 3405,ZW,217.82171428571428,682.78,35,1.7438573617217752,0.5563285392073583
3423,CUST00369,CUST00369,ACC32868,184.96,transfer,mobile,2024-03-08T07:00:00+00:00,Transaction 3423,US,222.32250000000002,682.78,36,0.831944585006016,0.2708925276077214
3430,CUST00369,CUST00369,ACC28379,232.16,deposit,branch,2024-03-08T14:00:00+00:00,Transaction 3430,ZW,221.31270270270272,682.78,37,1.049013441907439,0.3400216760889306
3413,CUST00369,CUST00369,ACC45650,115.19,deposit,atm,2024-03-09T16:00:00+00:00,Transaction 3413,NL,221.5981578947369,682.78,38,0.5198147904041572,0.16870734350742553
3429,CUST00369,CUST00369,ACC81982,207.15,transfer,online,2024-03-10T17:00:00+00:00,Transaction 3429,JP,218.86974358974365,682.78,39,0.9464533407060982,0.3033920149975102
3442,CUST00369,CUST00369,ACC10790,100.0,deposit,mobile,2024-03-14T03:00:00+00:00,Transaction 3442,ZW,218.57675,682.78,40,0.45750520126225686,0.14646006034154488
3406,CUST00369,CUST00369,ACC40491,100.0,withdraw,mobile,2024-03-17T13:00:00+00:00,Transaction 3406,ZW,215.68463414634147,682.78,41,0.4636398897667891,0.14646006034154488
3426,CUST00369,CUST00369,ACC29482,100.0,transfer,atm,2024-03-18T14:00:00+00:00,Transaction 3426,ZW,212.93023809523808,682.78,42,0.46963738403031624,0.14646006034154488
3425,CUST00369,CUST00369,ACC17618,100.0,transfer,mobile,2024-03-19T02:00:00+00:00,Transaction 3425,ZW,210.3039534883721,682.78,43,0.475502235413416,0.14646006034154488
3435,CUST00369,CUST00369,ACC79813,100.0,withdraw,mobile,2024-03-19T08:00:00+00:00,Transaction 3435,KE,207.79704545454544,682.78,44,0.48123879615927695,0.14646006034154488
3412,CUST00369,CUST00369,ACC85746,100.0,withdraw,online,2024-03-19T14:00:00+00:00,Transaction 3412,US,205.40155555555555,682.78,45,0.4868512301648695,0.14646006034154488
3433,CUST00369,CUST00369,ACC72843,374.84,transfer,atm,2024-03-21T12:00:00+00:00,Transaction 3433,JP,203.11021739130433,682.78,46,1.845500461839631,0.5489908901842467
3439,CUST00369,CUST00369,ACC27854,309.4,withdraw,mobile,2024-03-24T00:00:00+00:00,Transaction 3439,AU,206.76404255319147,682.78,47,1.4963917138561686,0.4531474266967398
3446,CUST00369,CUST00369,ACC82309,431.25,transfer,online,2024-03-24T06:00:00+00:00,Transaction 3446,ZW,208.90229166666666,682.78,48,2.064362226758722,0.6316090102229123
3419,CUST00369,CUST00369,ACC15051,171.2,transfer,atm,2024-03-29T02:00:00+00:00,Transaction 3419,JP,213.44,682.78,49,0.8020989505247376,0.25073962330472477
3476,CUST00370,CUST00370,ACC44285,1027.12,withdraw,card,2024-01-01T08:00:00+00:00,Transaction 3476,ZW,1027.12,1027.12,0,1.0,1.0
3473,CUST00370,CUST00370,ACC24025,622.44,transfer,branch,2024-01-01T16:00:00+00:00,Transaction 3473,ZW,1027.12,1027.12,1,0.6060051405872733,0.6060051405872733
3474,CUST00370,CUST00370,ACC50286,628.85,transfer,card,2024-01-01T22:00:00+00:00,Transaction 3474,ZW,824.78,1027.12,2,0.7624457431072529,0.6122458914245659
3453,CUST00370,CUST00370,ACC23875,100.0,withdraw,mobile,2024-01-04T22:00:00+00:00,Transaction 3453,ZW,759.4699999999999,1027.12,3,0.13167077040567765,0.09735960744606278
3499,CUST00370,CUST00370,ACC53943,136.54,transfer,online,2024-01-09T02:00:00+00:00,Transaction 3499,SG,594.6025,1027.12,4,0.22963240147829853,0.13293480800685412
3498,CUST00370,CUST00370,ACC66168,1006.15,transfer,card,2024-01-10T11:00:00+00:00,Transaction 3498,ZW,502.98999999999995,1027.12,5,2.0003379788862605,0.9795836903185607
3468,CUST00370,CUST00370,ACC45087,100.0,withdraw,atm,2024-01-12T07:00:00+00:00,Transaction 3468,ZW,586.85,1027.12,6,0.17040129504984236,0.09735960744606278
3481,CUST00370,CUST00370,ACC42393,100.0,withdraw,branch,2024-01-13T20:00:00+00:00,Transaction 3481,ZW,517.3,1027.12,7,0.1933114247052001,0.09735960744606278
3490,CUST00370,CUST00370,ACC39469,657.53,transfer,card,2024-01-15T09:00:00+00:00,Transaction 3490,ZW,465.1375,1027.12,8,1.4136250033592217,0.6401686268400967
3497,CUST00370,CUST00370,ACC18111,275.25,transfer,card,2024-01-19T11:00:00+00:00,Transaction 3497,ZW,486.51444444444445,1027.12,9,0.5657591529770727,0.26798231949528784
3491,CUST00370,CUST00370,ACC58035,505.26,withdraw,online,2024-01-23T11:00:00+00:00,Transaction 3491,ZW,465.38800000000003,1027.12,10,1.085674748811744,0.4919191525819768
3487,CUST00370,CUST00370,ACC60029,223.76,withdraw,card,2024-01-26T02:00:00+00:00,Transaction 3487,ZW,469.0127272727273,1027.12,11,0.4770872664823982,0.2178518576213101
3495,CUST00370,CUST00370,ACC27032,973.41,transfer,branch,2024-01-26T19:00:00+00:00,Transaction 3495,ZW,448.57500000000005,1027.12,12,2.170005015883631,0.9477081548407198
3480,CUST00370,CUST00370,ACC24495,319.4,withdraw,card,2024-01-27T11:00:00+00:00,Transaction 3480,ZW,488.9469230769231,1027.12,13,0.6532406380431413,0.31096658618272455
3454,CUST00370,CUST00370,ACC23974,171.25,deposit,mobile,2024-01-29T14:00:00+00:00,Transaction 3454,ZW,476.8364285714286,1027.12,14,0.3591378295342368,0.16672832775138252
3479,CUST00370,CUST00370,ACC70165,363.92,transfer,card,2024-02-05T17:00:00+00:00,Transaction 3479,ZW,456.464,1027.12,15,0.7972589295103228,0.3543110834177117
3459,CUST00370,CUST00370,ACC52113,246.33,transfer,card,2024-02-05T22:00:00+00:00,Transaction 3459,ZW,450.68,1027.12,16,0.5465740658560397,0.2398259210218865
3455,CUST00370,CUST00370,ACC68998,654.94,deposit,online,2024-02-06T13:00:00+00:00,Transaction 3455,JP,438.6594117647059,1027.12,17,1.493049008945705,0.6376470130072437
3466,CUST00370,CUST00370,ACC23039,347.73,withdraw,atm,2024-02-12T18:00:00+00:00,Transaction 3466,ZW,450.67499999999995,1027.12,18,0.7715759693792645,0.33854856297219416
3485,CUST00370,CUST00370,ACC26616,989.42,deposit,atm,2024-02-12T21:00:00+00:00,Transaction 3485,ZW,445.2568421052631,1027.12,19,2.222133174465832,0.9632954279928344
3470,CUST00370,CUST00370,ACC27117,927.09,transfer,atm,2024-02-12T22:00:00+00:00,Transaction 3470,ZW,472.465,1027.12,20,1.9622405892499974,0.9026111846717035
3489,CUST00370,CUST00370,ACC36256,283.42,deposit,card,2024-02-14T20:00:00+00:00,Transaction 3489,ZW,494.1138095238095,1027.12,21,0.5735925500101674,0.2759365994236312
3465,CUST00370,CUST00370,ACC93792,100.0,withdraw,online,2024-02-14T22:00:00+00:00,Transaction 3465,ZW,484.53681818181815,1027.12,22,0.20638266535707486,0.09735960744606278
3493,CUST00370,CUST00370,ACC48714,100.0,deposit,card,2024-02-16T20:00:00+00:00,Transaction 3493,ZW,467.8178260869565,1027.12,23,0.21375842138476425,0.09735960744606278
3451,CUST00370,CUST00370,ACC33018,895.06,deposit,atm,2024-02-18T21:00:00+00:00,Transaction 3451,ZW,452.4920833333333,1027.12,24,1.9780677562498792,0.8714269024067295
3472,CUST00370,CUST00370,ACC54812,1029.55,deposit,card,2024-02-19T17:00:00+00:00,Transaction 3472,ZW,470.1948,1027.12,25,2.18962438546747,1.0023658384609393
3460,CUST00370,CUST00370,ACC44480,799.03,deposit,mobile,2024-02-20T08:00:00+00:00,Transaction 3460,ZW,491.70846153846145,1029.55,26,1.6250076264703446,0.7760963527754844
3467,CUST00370,CUST00370,ACC56059,292.1,deposit,card,2024-02-21T08:00:00+00:00,Transaction 3467,ZW,503.0907407407407,1029.55,27,0.5806109640776093,0.2837161866835025
3477,CUST00370,CUST00370,ACC84957,100.0,withdraw,mobile,2024-02-21T12:00:00+00:00,Transaction 3477,ZW,495.55535714285713,1029.55,28,0.20179380276817857,0.0971298139964062
3494,CUST00370,CUST00370,ACC53271,738.39,transfer,online,2024-02-24T06:00:00+00:00,Transaction 3494,ZW,481.9155172413793,1029.55,29,1.5321980172515572,0.7171968335680637
3475,CUST00370,CUST00370,ACC66869,696.11,deposit,card,2024-02-24T16:00:00+00:00,Transaction 3475,ZW,490.46466666666663,1029.55,30,1.4192867444070048,0.6761303482103832
3482,CUST00370,CUST00370,ACC73092,795.41,deposit,online,2024-03-01T18:00:00+00:00,Transaction 3482,ZW,497.09838709677416,1029.55,31,1.600105775127271,0.7725802535088145
3452,CUST00370,CUST00370,ACC82538,100.0,transfer,mobile,2024-03-04T12:00:00+00:00,Transaction 3452,ZW,506.420625,1029.55,32,0.19746431141109233,0.0971298139964062
3483,CUST00370,CUST00370,ACC66828,190.28,transfer,branch,2024-03-06T13:00:00+00:00,Transaction 3483,ZW,494.10484848484845,1029.55,33,0.38510045101456813,0.18481861007236172
3464,CUST00370,CUST00370,ACC42642,100.0,deposit,mobile,2024-03-06T19:00:00+00:00,Transaction 3464,ZW,485.1688235294117,1029.55,34,0.20611382090163888,0.0971298139964062
3484,CUST00370,CUST00370,ACC17845,241.95,withdraw,online,2024-03-07T00:00:00+00:00,Transaction 3484,ZW,474.16399999999993,1029.55,35,0.5102664900751639,0.2350055849643048
3488,CUST00370,CUST00370,ACC84956,605.54,transfer,mobile,2024-03-08T06:00:00+00:00,Transaction 3488,ZW,467.71361111111105,1029.55,36,1.2946811587575255,0.5881598756738381
3486,CUST00370,CUST00370,ACC69244,475.59,deposit,mobile,2024-03-11T02:00:00+00:00,Transaction 3486,ZW,471.4386486486486,1029.55,37,1.0088057085757627,0.46193968238550825
3457,CUST00370,CUST00370,ACC89157,461.6,transfer,online,2024-03-11T08:00:00+00:00,Transaction 3457,ZW,471.5478947368421,1029.55,38,0.9789037447778369,0.44835122140741107
3469,CUST00370,CUST00370,ACC70245,689.16,deposit,card,2024-03-14T00:00:00+00:00,Transaction 3469,ZW,471.29282051282047,1029.55,39,1.4622756172057005,0.6693798261376329
3458,CUST00370,CUST00370,ACC15071,549.8,withdraw,atm,2024-03-15T03:00:00+00:00,Transaction 3458,ZW,476.73949999999996,1029.55,40,1.1532503599974409,0.5340197173522413
3463,CUST00370,CUST00370,ACC41408,334.41,withdraw,atm,2024-03-16T12:00:00+00:00,Transaction 3463,ZW,478.52146341463407,1029.55,41,0.6988401264464016,0.324811810985382
3492,CUST00370,CUST00370,ACC33074,100.0,withdraw,card,2024-03-18T02:00:00+00:00,Transaction 3492,ZW,475.090238095238,1029.55,42,0.21048632866237446,0.0971298139964062
3462,CUST00370,CUST00370,ACC29152,590.07,withdraw,atm,2024-03-18T07:00:00+00:00,Transaction 3462,ZW,466.36720930232553,1029.55,43,1.2652476165353286,0.5731338934485941
3496,CUST00370,CUST00370,ACC83608,732.04,withdraw,card,2024-03-20T11:00:00+00:00,Transaction 3496,ZW,469.1786363636363,1029.55,44,1.5602585950495693,0.711029090379292
3471,CUST00370,CUST00370,ACC43579,100.0,withdraw,card,2024-03-20T16:00:00+00:00,Transaction 3471,ZW,475.0199999999999,1029.55,45,0.21051745189676227,0.0971298139964062
3456,CUST00370,CUST00370,ACC44078,793.3,transfer,online,2024-03-24T03:00:00+00:00,Transaction 3456,ZW,466.8673913043478,1029.55,46,1.6991977053348173,0.7705308144334904
3500,CUST00370,CUST00370,ACC37431,378.74,withdraw,online,2024-03-24T04:00:00+00:00,Transaction 3500,ZW,473.81276595744674,1029.55,47,0.7993452840694772,0.36786945752998884
3461,CUST00370,CUST00370,ACC62911,391.17,transfer,branch,2024-03-26T13:00:00+00:00,Transaction 3461,ZW,471.8320833333334,1029.55,48,0.8290449374203569,0.3799426934097421
3478,CUST00370,CUST00370,ACC66724,439.6,deposit,mobile,2024-03-28T10:00:00+00:00,Transaction 3478,ZW,470.18591836734697,1029.55,49,0.9349493101078992,0.4269826623282017
3527,CUST00371,CUST00371,ACC40113,5127.97,transfer,branch,2024-01-04T07:00:00+00:00,Transaction 3527,ZW,5127.97,5127.97,0,1.0,1.0
3534,CUST00371,CUST00371,ACC51801,2208.77,transfer,online,2024-01-04T07:00:00+00:00,Transaction 3534,ZW,5127.97,5127.97,1,0.43072989896586755,0.43072989896586755
3530,CUST00371,CUST00371,ACC92962,100.0,transfer,atm,2024-01-05T20:00:00+00:00,Transaction 3530,ZW,3668.37,5127.97,2,0.027260063734029012,0.019500894115995218
3525,CUST00371,CUST00371,ACC83934,100.0,withdraw,online,2024-01-06T21:00:00+00:00,Transaction 3525,ZW,2478.9133333333334,5127.97,3,0.0403402566178191,0.019500894115995218
3535,CUST00371,CUST00371,ACC40170,100.0,withdraw,atm,2024-01-07T02:00:00+00:00,Transaction 3535,ZW,1884.185,5127.97,4,0.053073344708720216,0.019500894115995218
3503,CUST00371,CUST00371,ACC72158,1221.71,transfer,atm,2024-01-09T18:00:00+00:00,Transaction 3503,ZW,1527.348,5127.97,5,0.7998897435293071,0.23824437350452518
3506,CUST00371,CUST00371,ACC44491,100.0,deposit,atm,2024-01-09T18:00:00+00:00,Transaction 3506,ZW,1476.4083333333335,5127.97,6,0.06773193956053258,0.019500894115995218
3537,CUST00371,CUST00371,ACC17183,4396.59,transfer,card,2024-01-11T05:00:00+00:00,Transaction 3537,ZW,1279.7785714285715,5127.97,7,3.435430236257388,0.8573743606144342
3518,CUST00371,CUST00371,ACC32392,690.83,transfer,online,2024-01-12T03:00:00+00:00,Transaction 3518,ZW,1669.38,5127.97,8,0.4138242940492878,0.13471802682152978
3531,CUST00371,CUST00371,ACC96016,100.0,transfer,card,2024-01-15T16:00:00+00:00,Transaction 3531,ZW,1560.6522222222222,5127.97,9,0.06407577458712063,0.019500894115995218
3504,CUST00371,CUST00371,ACC45037,100.0,transfer,online,2024-01-17T18:00:00+00:00,Transaction 3504,ZW,1414.587,5127.97,10,0.07069201116651008,0.019500894115995218
3516,CUST00371,CUST00371,ACC86464,100.0,transfer,card,2024-01-22T16:00:00+00:00,Transaction 3516,ZW,1295.079090909091,5127.97,11,0.07721536136438138,0.019500894115995218
3543,CUST00371,CUST00371,ACC32802,100.0,transfer,branch,2024-01-22T19:00:00+00:00,Transaction 3543,ZW,1195.4891666666667,5127.97,12,0.08364776761534852,0.019500894115995218
3524,CUST00371,CUST00371,ACC66298,3422.01,transfer,atm,2024-01-24T02:00:00+00:00,Transaction 3524,ZW,1111.2207692307693,5127.97,13,3.0795050765374463,0.667322546738768
3509,CUST00371,CUST00371,ACC42085,1393.1,deposit,online,2024-01-25T21:00:00+00:00,Transaction 3509,ZW,1276.277142857143,5127.97,14,1.0915340823869422,0.27166695592992934
3522,CUST00371,CUST00371,ACC16931,100.0,transfer,atm,2024-01-29T01:00:00+00:00,Transaction 3522,NL,1284.0653333333332,5127.97,15,0.0778776573154637,0.019500894115995218
3528,CUST00371,CUST00371,ACC90400,100.0,transfer,atm,2024-01-31T00:00:00+00:00,Transaction 3528,ZW,1210.06125,5127.97,16,0.08264044485351466,0.019500894115995218
3540,CUST00371,CUST00371,ACC95607,8484.72,deposit,online,2024-02-05T06:00:00+00:00,Transaction 3540,ZW,1144.7635294117647,5127.97,17,7.4117665194661315,1.6545962632386693
3545,CUST00371,CUST00371,ACC46534,8566.47,withdraw,branch,2024-02-07T12:00:00+00:00,Transaction 3545,ZW,1552.5388888888888,8484.72,18,5.517716858049718,1.0096349673295053
3510,CUST00371,CUST00371,ACC55883,7495.51,transfer,card,2024-02-09T21:00:00+00:00,Transaction 3510,ZW,1921.6931578947367,8566.47,19,3.900471815287889,0.8749823439526434
3538,CUST00371,CUST00371,ACC58952,4721.24,deposit,atm,2024-02-14T13:00:00+00:00,Transaction 3538,ZW,2200.384,8566.47,20,2.1456436694686016,0.5511301621321267
3508,CUST00371,CUST00371,ACC37506,6469.28,transfer,online,2024-02-14T21:00:00+00:00,Transaction 3508,ZW,2320.424761904762,8566.47,21,2.7879723170552517,0.7551862085549824
3541,CUST00371,CUST00371,ACC57519,4115.03,transfer,atm,2024-02-15T01:00:00+00:00,Transaction 3541,ZW,2509.009090909091,8566.47,22,1.6401016699819921,0.48036472432635613
3547,CUST00371,CUST00371,ACC65421,2637.73,withdraw,atm,2024-02-16T09:00:00+00:00,Transaction 3547,ZW,2578.8360869565217,8566.47,23,1.0228374006945837,0.3079132945075393
3546,CUST00371,CUST00371,ACC85435,100.0,withdraw,branch,2024-02-16T14:00:00+00:00,Transaction 3546,ZW,2581.2900000000004,8566.47,24,0.03874031976259931,0.01167341973998625
3507,CUST00371,CUST00371,ACC93500,6174.48,transfer,online,2024-02-16T20:00:00+00:00,Transaction 3507,ZW,2482.0384000000004,8566.47,25,2.487664977302526,0.720772967161503
3529,CUST00371,CUST00371,ACC83210,6029.66,transfer,mobile,2024-02-20T02:00:00+00:00,Transaction 3529,DE,2624.055384615385,8566.47,26,2.2978402191323353,0.7038675206940549
3512,CUST00371,CUST00371,ACC34017,4707.11,withdraw,online,2024-02-20T20:00:00+00:00,Transaction 3512,ZW,2750.1888888888893,8566.47,27,1.711558802021679,0.5494807079228667
3519,CUST00371,CUST00371,ACC79346,100.0,deposit,branch,2024-02-23T09:00:00+00:00,Transaction 3519,ZW,2820.0789285714286,8566.47,28,0.03546000042298715,0.01167341973998625
3511,CUST00371,CUST00371,ACC68901,100.0,transfer,online,2024-02-23T20:00:00+00:00,Transaction 3511,ZW,2726.283103448276,8566.47,29,0.036679976438806855,0.01167341973998625
3539,CUST00371,CUST00371,ACC13145,132.34,withdraw,card,2024-02-24T14:00:00+00:00,Transaction 3539,ZW,2638.7403333333336,8566.47,30,0.05015271807090782,0.015448603683897803
3515,CUST00371,CUST00371,ACC16001,3845.65,withdraw,online,2024-02-24T20:00:00+00:00,Transaction 3515,ZW,2557.8887096774192,8566.47,31,1.5034469582083512,0.4489188662307812
3505,CUST00371,CUST00371,ACC79700,1671.3,deposit,branch,2024-02-25T20:00:00+00:00,Transaction 3505,ZW,2598.1312500000004,8566.47,32,0.6432700426508475,0.19509786411439017
3532,CUST00371,CUST00371,ACC19699,100.0,transfer,card,2024-02-26T16:00:00+00:00,Transaction 3532,ZW,2570.045454545455,8566.47,33,0.03890981765444544,0.01167341973998625
3526,CUST00371,CUST00371,ACC36592,100.0,transfer,branch,2024-02-27T03:00:00+00:00,Transaction 3526,ZW,2497.3970588235297,8566.47,34,0.04004169046595572,0.01167341973998625
3550,CUST00371,CUST00371,ACC39889,3832.66,transfer,branch,2024-02-29T12:00:00+00:00,Transaction 3550,ZW,2428.9000000000005,8566.47,35,1.5779406315616118,0.447402489006557
3521,CUST00371,CUST00371,ACC87868,100.0,deposit,online,2024-02-29T16:00:00+00:00,Transaction 3521,ZW,2467.893333333334,8566.47,36,0.040520389860177634,0.01167341973998625
3513,CUST00371,CUST00371,ACC78123,3479.73,transfer,card,2024-03-03T21:00:00+00:00,Transaction 3513,KE,2403.8962162162165,8566.47,37,1.447537533661569,0.40620348871822354
3502,CUST00371,CUST00371,ACC86834,100.0,transfer,online,2024-03-04T19:00:00+00:00,Transaction 3502,ZW,2432.2076315789477,8566.47,38,0.04111491087423392,0.01167341973998625
3514,CUST00371,CUST00371,ACC94439,8099.51,withdraw,mobile,2024-03-06T18:00:00+00:00,Transaction 3514,ZW,2372.4074358974362,8566.47,39,3.4140467937524024,0.9454897991821604
3520,CUST00371,CUST00371,ACC59142,100.0,withdraw,online,2024-03-08T12:00:00+00:00,Transaction 3520,ZW,2515.585,8566.47,40,0.03975218487946144,0.01167341973998625
3548,CUST00371,CUST00371,ACC74055,6779.46,deposit,online,2024-03-10T09:00:00+00:00,Transaction 3548,ZW,2456.6682926829267,8566.47,41,2.759615541175139,0.7913948219044719
3533,CUST00371,CUST00371,ACC66649,5957.85,transfer,online,2024-03-11T22:00:00+00:00,Transaction 3533,ZW,2559.591904761905,8566.47,42,2.3276562130533085,0.6954848379787708
3542,CUST00371,CUST00371,ACC98444,4120.8,transfer,card,2024-03-12T13:00:00+00:00,Transaction 3542,ZW,2638.621162790698,8566.47,43,1.5617247591699364,0.4810382806453534
3544,CUST00371,CUST00371,ACC88844,3391.39,deposit,online,2024-03-14T05:00:00+00:00,Transaction 3544,ZW,2672.3070454545455,8566.47,44,1.2690869508309597,0.39589118971991966
3517,CUST00371,CUST00371,ACC87708,100.0,transfer,card,2024-03-14T21:00:00+00:00,Transaction 3517,ZW,2688.286666666667,8566.47,45,0.037198413859633024,0.01167341973998625
3536,CUST00371,CUST00371,ACC57365,100.0,deposit,branch,2024-03-17T19:00:00+00:00,Transaction 3536,ZW,2632.0195652173916,8566.47,46,0.03799363854338997,0.01167341973998625
3501,CUST00371,CUST00371,ACC63469,100.0,transfer,atm,2024-03-20T19:00:00+00:00,Transaction 3501,ZW,2578.1468085106385,8566.47,47,0.03878755068171183,0.01167341973998625
3549,CUST00371,CUST00371,ACC86972,9505.16,deposit,atm,2024-03-21T08:00:00+00:00,Transaction 3549,ZW,2526.5187499999997,8566.47,48,3.762156920466156,1.109577223757277
3523,CUST00371,CUST00371,ACC70671,100.0,withdraw,branch,2024-03-30T14:00:00+00:00,Transaction 3523,ZW,2668.94,9505.16,49,0.03746805848014567,0.010520601441743221
3552,CUST00372,CUST00372,ACC97380,100.0,withdraw,atm,2024-01-08T19:00:00+00:00,Transaction 3552,GB,100.0,100.0,0,1.0,1.0
3557,CUST00372,CUST00372,ACC39730,870.1,deposit,mobile,2024-01-09T21:00:00+00:00,Transaction 3557,ZW,100.0,100.0,1,8.701,8.701
3574,CUST00372,CUST00372,ACC86415,100.0,withdraw,mobile,2024-01-10T15:00:00+00:00,Transaction 3574,ZW,485.05,870.1,2,0.20616431295742707,0.11492931846914148
3579,CUST00372,CUST00372,ACC54692,100.0,withdraw,online,2024-01-12T08:00:00+00:00,Transaction 3579,ZW,356.7,870.1,3,0.28034763106251753,0.11492931846914148
3569,CUST00372,CUST00372,ACC23424,972.85,deposit,atm,2024-01-14T16:00:00+00:00,Transaction 3569,ZW,292.525,870.1,4,3.325698658234339,1.118089874727043
3600,CUST00372,CUST00372,ACC45558,1199.51,deposit,online,2024-01-14T20:00:00+00:00,Transaction 3600,ZW,428.59,972.85,5,2.798735388133181,1.232985557896901
3553,CUST00372,CUST00372,ACC70701,2091.72,withdraw,mobile,2024-01-17T19:00:00+00:00,Transaction 3553,ZW,557.0766666666667,1199.51,6,3.7548153156657067,1.743812056589774
3554,CUST00372,CUST00372,ACC41161,100.0,withdraw,online,2024-01-19T18:00:00+00:00,Transaction 3554,ZW,776.3114285714286,2091.72,7,0.12881428292769104,0.04780754594305166
3594,CUST00372,CUST00372,ACC67163,254.55,transfer,online,2024-01-22T20:00:00+00:00,Transaction 3594,NL,691.7725,2091.72,8,0.3679677928798846,0.121694108198038
3588,CUST00372,CUST00372,ACC32204,173.37,transfer,online,2024-01-23T08:00:00+00:00,Transaction 3588,ZW,643.1922222222223,2091.72,9,0.2695461698852771,0.08288394240146865
3581,CUST00372,CUST00372,ACC49455,124.45,transfer,online,2024-01-26T13:00:00+00:00,Transaction 3581,ZW,596.21,2091.72,10,0.2087351772026635,0.059496490926127785
3580,CUST00372,CUST00372,ACC99987,100.0,deposit,online,2024-01-30T20:00:00+00:00,Transaction 3580,ZW,553.3227272727273,2091.72,11,0.18072635565303824,0.04780754594305166
3587,CUST00372,CUST00372,ACC65708,2723.71,deposit,online,2024-02-01T07:00:00+00:00,Transaction 3587,ZW,515.5458333333333,2091.72,12,5.2831578181700625,1.3021389096054923
3573,CUST00372,CUST00372,ACC22536,1109.57,deposit,online,2024-02-03T09:00:00+00:00,Transaction 3573,ZW,685.4046153846155,2723.71,13,1.6188539952818433,0.40737450022212346
3583,CUST00372,CUST00372,ACC71442,442.43,withdraw,card,2024-02-05T11:00:00+00:00,Transaction 3583,ZW,715.7021428571428,2723.71,14,0.618176156681301,0.16243652958648314
3556,CUST00372,CUST00372,ACC74246,899.53,deposit,card,2024-02-05T20:00:00+00:00,Transaction 3556,ZW,697.484,2723.71,15,1.289678329538742,0.33025909513127316
3562,CUST00372,CUST00372,ACC27949,696.23,withdraw,atm,2024-02-08T21:00:00+00:00,Transaction 3562,ZW,710.1118749999999,2723.71,16,0.9804511437018287,0.2556182559817308
3585,CUST00372,CUST00372,ACC65117,100.0,transfer,online,2024-02-10T04:00:00+00:00,Transaction 3585,ZW,709.295294117647,2723.71,17,0.14098500417149748,0.03671462820931744
3591,CUST00372,CUST00372,ACC18224,265.19,withdraw,online,2024-02-12T01:00:00+00:00,Transaction 3591,ZW,675.4455555555555,2723.71,18,0.39261491591558495,0.09736352254828891
3582,CUST00372,CUST00372,ACC88685,3174.2,transfer,online,2024-02-13T04:00:00+00:00,Transaction 3582,ZW,653.8531578947368,2723.71,19,4.854606820620435,1.165395728620154
3584,CUST00372,CUST00372,ACC89004,100.0,transfer,online,2024-02-16T04:00:00+00:00,Transaction 3584,ZW,779.8705,3174.2,20,0.12822641707822005,0.03150400100812804
3596,CUST00372,CUST00372,ACC99759,1147.38,transfer,online,2024-02-16T09:00:00+00:00,Transaction 3596,ZW,747.4957142857143,3174.2,21,1.5349653223047626,0.3614706067670595
3571,CUST00372,CUST00372,ACC45699,1035.05,deposit,online,2024-02-17T04:00:00+00:00,Transaction 3571,ZW,765.6722727272728,3174.2,22,1.351818574170411,0.3260821624346292
3599,CUST00372,CUST00372,ACC56732,472.3,withdraw,online,2024-02-19T09:00:00+00:00,Transaction 3599,ZW,777.3843478260869,3174.2,23,0.6075501794199502,0.1487933967613887
3593,CUST00372,CUST00372,ACC94486,1129.03,deposit,online,2024-02-21T00:00:00+00:00,Transaction 3593,CA,764.6725,3174.2,24,1.4764883005469662,0.35568962258206793
3558,CUST00372,CUST00372,ACC55469,1638.37,transfer,online,2024-02-26T20:00:00+00:00,Transaction 3558,ZW,779.2467999999999,3174.2,25,2.1025046236955993,0.5161521013168673
3592,CUST00372,CUST00372,ACC25072,2199.11,deposit,atm,2024-02-28T13:00:00+00:00,Transaction 3592,ZW,812.2899999999998,3174.2,26,2.707296655135482,0.6928076365698445
3568,CUST00372,CUST00372,ACC83471,500.54,deposit,mobile,2024-03-01T04:00:00+00:00,Transaction 3568,ZW,863.6537037037036,3174.2,27,0.5795609951691029,0.15769012664608406
3590,CUST00372,CUST00372,ACC47352,226.35,withdraw,online,2024-03-02T21:00:00+00:00,Transaction 3590,ZW,850.6853571428571,3174.2,28,0.26607957701332413,0.0713093062818978
3575,CUST00372,CUST00372,ACC30304,2527.92,deposit,online,2024-03-04T13:00:00+00:00,Transaction 3575,JP,829.1565517241378,3174.2,29,3.048784930594198,0.7963959422846703
3564,CUST00372,CUST00372,ACC63149,1946.61,withdraw,atm,2024-03-05T19:00:00+00:00,Transaction 3564,ZW,885.7819999999999,3174.2,30,2.197617472470653,0.613260034024321
3597,CUST00372,CUST00372,ACC50308,2422.34,deposit,online,2024-03-05T20:00:00+00:00,Transaction 3597,ZW,920.0022580645161,3174.2,31,2.6329717984563152,0.7631340180202887
3559,CUST00372,CUST00372,ACC70037,755.96,withdraw,online,2024-03-05T21:00:00+00:00,Transaction 3559,GB,966.9503125,3174.2,32,0.781798185726322,0.2381576460210447
3595,CUST00372,CUST00372,ACC13692,2204.43,deposit,mobile,2024-03-06T09:00:00+00:00,Transaction 3595,ZW,960.5566666666666,3174.2,33,2.294950497454601,0.6944836494234767
3567,CUST00372,CUST00372,ACC10078,100.0,transfer,mobile,2024-03-06T16:00:00+00:00,Transaction 3567,ZW,997.1411764705881,3174.2,34,0.10028670198331703,0.03150400100812804
3565,CUST00372,CUST00372,ACC49205,100.0,deposit,online,2024-03-09T19:00:00+00:00,Transaction 3565,ZW,971.5085714285713,3174.2,35,0.10293269966002802,0.03150400100812804
3578,CUST00372,CUST00372,ACC68887,100.0,withdraw,mobile,2024-03-10T12:00:00+00:00,Transaction 3578,ZW,947.2999999999998,3174.2,36,0.10556317956296846,0.03150400100812804
3566,CUST00372,CUST00372,ACC57437,100.0,withdraw,branch,2024-03-15T19:00:00+00:00,Transaction 3566,ZW,924.3999999999999,3174.2,37,0.10817827780181741,0.03150400100812804
3555,CUST00372,CUST00372,ACC80229,846.68,deposit,online,2024-03-18T18:00:00+00:00,Transaction 3555,ZW,902.7052631578946,3174.2,38,0.9379362617628882,0.2667380757356184
3598,CUST00372,CUST00372,ACC29961,100.0,transfer,online,2024-03-18T22:00:00+00:00,Transaction 3598,ZW,901.2687179487178,3174.2,39,0.11095469975658247,0.03150400100812804
3551,CUST00372,CUST00372,ACC23950,749.49,deposit,online,2024-03-19T21:00:00+00:00,Transaction 3551,ZW,881.2370000000001,3174.2,40,0.850497652731331,0.23611933715581881
3589,CUST00372,CUST00372,ACC54474,1135.38,transfer,atm,2024-03-21T14:00:00+00:00,Transaction 3589,NG,878.0236585365853,3174.2,41,1.2931086639423297,0.35769012664608413
3576,CUST00372,CUST00372,ACC68270,100.0,deposit,atm,2024-03-22T04:00:00+00:00,Transaction 3576,ZW,884.1511904761904,3174.2,42,0.11310282797463804,0.03150400100812804
3561,CUST00372,CUST00372,ACC69086,100.0,transfer,online,2024-03-23T21:00:00+00:00,Transaction 3561,ZW,865.9151162790697,3174.2,43,0.11548476071154727,0.03150400100812804
3560,CUST00372,CUST00372,ACC97750,2255.34,transfer,atm,2024-03-24T20:00:00+00:00,Transaction 3560,KE,848.5079545454545,3174.2,44,2.658006902490602,0.7105223363367148
3570,CUST00372,CUST00372,ACC68178,2162.14,withdraw,atm,2024-03-25T04:00:00+00:00,Transaction 3570,ZW,879.770888888889,3174.2,45,2.457617122033539,0.6811606073971395
3577,CUST00372,CUST00372,ACC73574,810.43,deposit,online,2024-03-25T10:00:00+00:00,Transaction 3577,ZW,907.6484782608696,3174.2,46,0.892889724833618,0.25531787537017203
3586,CUST00372,CUST00372,ACC11443,285.47,deposit,online,2024-03-28T12:00:00+00:00,Transaction 3586,ZW,905.58,3174.2,47,0.31523443538947415,0.08993447167790311
3563,CUST00372,CUST00372,ACC16078,2083.93,deposit,card,2024-03-28T18:00:00+00:00,Transaction 3563,ZW,892.6610416666667,3174.2,48,2.3345143371655857,0.6565213282086825
3572,CUST00372,CUST00372,ACC92591,100.0,deposit,card,2024-03-30T00:00:00+00:00,Transaction 3572,ZW,916.9726530612246,3174.2,49,0.10905450633250584,0.03150400100812804
3631,CUST00373,CUST00373,ACC43931,9535.11,withdraw,mobile,2024-01-05T06:00:00+00:00,Transaction 3631,ZW,9535.11,9535.11,0,1.0,1.0
3649,CUST00373,CUST00373,ACC32383,9003.48,withdraw,mobile,2024-01-06T14:00:00+00:00,Transaction 3649,ZW,9535.11,9535.11,1,0.9442450060880262,0.9442450060880262
3627,CUST00373,CUST00373,ACC87799,9171.01,withdraw,atm,2024-01-06T16:00:00+00:00,Transaction 3627,KP,9269.295,9535.11,2,0.9893967124792123,0.9618148086388096
3622,CUST00373,CUST00373,ACC67152,9022.86,withdraw,mobile,2024-01-08T03:00:00+00:00,Transaction 3622,SG,9236.533333333333,9535.11,3,0.9768665011403991,0.9462774944389735
3625,CUST00373,CUST00373,ACC75115,8548.76,withdraw,card,2024-01-11T21:00:00+00:00,Transaction 3625,ZW,9183.115,9535.11,4,0.9309215881539108,0.8965559914882996
3601,CUST00373,CUST00373,ACC22154,22908.44,transfer,online,2024-01-13T05:00:00+00:00,Transaction 3601,ZW,9056.244,9535.11,5,2.52957407066329,2.4025354715362486
3635,CUST00373,CUST00373,ACC97808,9436.67,transfer,mobile,2024-01-13T12:00:00+00:00,Transaction 3635,ZW,11364.943333333335,22908.44,6,0.8303314608109206,0.4119298389589165
3620,CUST00373,CUST00373,ACC17271,8918.62,withdraw,online,2024-01-13T21:00:00+00:00,Transaction 3620,ML,11089.475714285714,22908.44,7,0.8042418081596799,0.3893159027851744
3617,CUST00373,CUST00373,ACC13426,8673.43,transfer,online,2024-01-15T18:00:00+00:00,Transaction 3617,ZW,10818.118750000001,22908.44,8,0.801750304321627,0.3786128605876263
3613,CUST00373,CUST00373,ACC93889,100.0,transfer,online,2024-01-21T22:00:00+00:00,Transaction 3613,ZW,10579.82,22908.44,9,0.009451956649546022,0.004365203392286861
3633,CUST00373,CUST00373,ACC91035,8922.75,withdraw,online,2024-01-22T09:00:00+00:00,Transaction 3633,ZW,9531.838,22908.44,10,0.9360996273751191,0.38949618568527583
3604,CUST00373,CUST00373,ACC21613,6737.91,withdraw,online,2024-01-23T12:00:00+00:00,Transaction 3604,ZW,9476.466363636364,22908.44,11,0.711015028329029,0.2941234758892356
3624,CUST00373,CUST00373,ACC76328,9126.42,withdraw,online,2024-01-24T16:00:00+00:00,Transaction 3624,BF,9248.253333333334,22908.44,12,0.986826341262278,0.3983867954343465
3605,CUST00373,CUST00373,ACC89197,100.0,transfer,online,2024-01-26T22:00:00+00:00,Transaction 3605,ZW,9238.88153846154,22908.44,13,0.01082382099864569,0.004365203392286861
3619,CUST00373,CUST00373,ACC41784,9810.75,deposit,atm,2024-01-27T09:00:00+00:00,Transaction 3619,ZW,8586.104285714286,22908.44,14,1.1426311250753503,0.4282591918087832
3636,CUST00373,CUST00373,ACC89038,9027.25,withdraw,branch,2024-01-31T12:00:00+00:00,Transaction 3636,KP,8667.747333333335,22908.44,15,1.0414759051967442,0.3940578232302156
3603,CUST00373,CUST00373,ACC20643,20898.39,withdraw,mobile,2024-02-01T21:00:00+00:00,Transaction 3603,ZW,8690.216250000001,22908.44,16,2.404818176993006,0.912257229213338
3626,CUST00373,CUST00373,ACC25916,9194.76,withdraw,mobile,2024-02-03T08:00:00+00:00,Transaction 3626,US,9408.34411764706,22908.44,17,0.9772984369006609,0.40136997543263536
3634,CUST00373,CUST00373,ACC59462,9732.77,withdraw,online,2024-02-04T13:00:00+00:00,Transaction 3634,ZW,9396.478333333336,22908.44,18,1.0357891174477243,0.4248552062034779
3644,CUST00373,CUST00373,ACC95469,8872.29,transfer,mobile,2024-02-09T03:00:00+00:00,Transaction 3644,SD,9414.177894736844,22908.44,19,0.9424391698567971,0.3872935040535279
3608,CUST00373,CUST00373,ACC74358,100.0,withdraw,branch,2024-02-09T10:00:00+00:00,Transaction 3608,ZW,9387.083500000002,22908.44,20,0.01065293602640266,0.004365203392286861
3621,CUST00373,CUST00373,ACC88805,8686.77,withdraw,mobile,2024-02-11T03:00:00+00:00,Transaction 3621,ZW,8944.84142857143,22908.44,21,0.9711485742221094,0.37919517872015734
3648,CUST00373,CUST00373,ACC29268,9040.32,deposit,online,2024-02-16T13:00:00+00:00,Transaction 3648,FR,8933.11090909091,22908.44,22,1.0120013164506876,0.3946283553135875
3641,CUST00373,CUST00373,ACC40431,8543.15,transfer,online,2024-02-18T06:00:00+00:00,Transaction 3641,ZW,8937.772173913045,22908.44,23,0.9558478146193029,0.3729258736081549
3645,CUST00373,CUST00373,ACC17511,9764.21,withdraw,atm,2024-02-18T10:00:00+00:00,Transaction 3645,SY,8921.329583333334,22908.44,24,1.094479237516493,0.4262276261500128
3609,CUST00373,CUST00373,ACC79312,7927.55,withdraw,online,2024-02-19T07:00:00+00:00,Transaction 3609,ZW,8955.0448,22908.44,25,0.8852607861883617,0.346053681525237
3610,CUST00373,CUST00373,ACC95817,100.0,withdraw,mobile,2024-02-19T19:00:00+00:00,Transaction 3610,ZW,8915.525769230768,22908.44,26,0.011216388420424925,0.004365203392286861
3615,CUST00373,CUST00373,ACC28341,11664.61,withdraw,atm,2024-02-21T10:00:00+00:00,Transaction 3615,ZW,8589.024814814815,22908.44,27,1.3580831644449611,0.5091839514170324
3642,CUST00373,CUST00373,ACC60242,9544.06,withdraw,online,2024-02-24T16:00:00+00:00,Transaction 3642,ZW,8698.867142857142,22908.44,28,1.0971612559730686,0.4166176308818933
3623,CUST00373,CUST00373,ACC25247,9054.41,withdraw,mobile,2024-02-25T16:00:00+00:00,Transaction 3623,ZW,8728.01172413793,22908.44,29,1.0373966358179139,0.3952434124715607
3632,CUST00373,CUST00373,ACC47273,9059.69,withdraw,online,2024-02-26T09:00:00+00:00,Transaction 3632,ZW,8738.891666666665,22908.44,30,1.03670926995891,0.3954738952106735
3606,CUST00373,CUST00373,ACC33056,8993.97,deposit,branch,2024-02-26T14:00:00+00:00,Transaction 3606,ZW,8749.239999999998,22908.44,31,1.0279715723880019,0.3926050835412625
3616,CUST00373,CUST00373,ACC80409,9304.88,transfer,mobile,2024-02-29T20:00:00+00:00,Transaction 3616,ZW,8756.887812500001,22908.44,32,1.0625784181816018,0.4061769374082216
3629,CUST00373,CUST00373,ACC60423,8779.65,withdraw,mobile,2024-03-02T02:00:00+00:00,Transaction 3629,NL,8773.493636363637,22908.44,33,1.0007017003592327,0.38324957963091333
3640,CUST00373,CUST00373,ACC28515,9831.48,transfer,atm,2024-03-06T16:00:00+00:00,Transaction 3640,ZW,8773.674705882355,22908.44,34,1.1205658210018241,0.4291640984720042
3643,CUST00373,CUST00373,ACC86168,9664.77,transfer,atm,2024-03-06T16:00:00+00:00,Transaction 3643,DE,8803.897714285715,22908.44,35,1.0977830858163407,0.4218868678967228
3637,CUST00373,CUST00373,ACC79789,9017.23,transfer,atm,2024-03-07T12:00:00+00:00,Transaction 3637,ZW,8827.810833333335,22908.44,36,1.0214570939775272,0.39362042985030843
3628,CUST00373,CUST00373,ACC19384,9366.29,withdraw,atm,2024-03-07T14:00:00+00:00,Transaction 3628,ZW,8832.930270270272,22908.44,37,1.060383102029561,0.408857608811425
3646,CUST00373,CUST00373,ACC23405,8911.41,transfer,atm,2024-03-08T20:00:00+00:00,Transaction 3646,ZW,8846.96605263158,22908.44,38,1.007284299158043,0.3890011716205905
3630,CUST00373,CUST00373,ACC89936,9301.59,withdraw,online,2024-03-11T01:00:00+00:00,Transaction 3630,ZW,8848.61846153846,22908.44,39,1.0511912159429668,0.40603332221661537
3650,CUST00373,CUST00373,ACC68746,9468.5,deposit,online,2024-03-11T18:00:00+00:00,Transaction 3650,ZW,8859.942749999998,22908.44,40,1.0686863636901043,0.4133192831986814
3614,CUST00373,CUST00373,ACC51010,11861.99,transfer,online,2024-03-13T12:00:00+00:00,Transaction 3614,ZW,8874.785609756096,22908.44,41,1.3365945411639077,0.5177999898727281
3607,CUST00373,CUST00373,ACC30605,13659.18,deposit,atm,2024-03-16T02:00:00+00:00,Transaction 3607,ZW,8945.909523809523,22908.44,42,1.5268631952565712,0.5962509887185684
3612,CUST00373,CUST00373,ACC91322,100.0,withdraw,online,2024-03-17T01:00:00+00:00,Transaction 3612,ZW,9055.520465116279,22908.44,43,0.011042987577049879,0.004365203392286861
3602,CUST00373,CUST00373,ACC78467,22436.32,deposit,atm,2024-03-18T04:00:00+00:00,Transaction 3602,ZW,8851.985909090909,22908.44,44,2.5346086438025286,0.9793910017443354
3639,CUST00373,CUST00373,ACC12761,9211.83,withdraw,mobile,2024-03-19T02:00:00+00:00,Transaction 3639,ZW,9153.859999999999,22908.44,45,1.00633284756376,0.4021151156516987
3647,CUST00373,CUST00373,ACC17786,9975.06,withdraw,atm,2024-03-19T12:00:00+00:00,Transaction 3647,ZW,9155.120217391304,22908.44,46,1.0895607881861689,0.43543165750264967
3618,CUST00373,CUST00373,ACC17121,9579.3,transfer,online,2024-03-26T01:00:00+00:00,Transaction 3618,ZW,9172.565744680851,22908.44,47,1.0443424737026292,0.4181559285573352
3611,CUST00373,CUST00373,ACC63516,100.0,transfer,online,2024-03-26T16:00:00+00:00,Transaction 3611,ZW,9181.039375,22908.44,48,0.010892012975382757,0.004365203392286861
3638,CUST00373,CUST00373,ACC28408,9132.62,transfer,online,2024-03-26T17:00:00+00:00,Transaction 3638,ZW,8995.712040816326,22908.44,49,1.0152192465212848,0.3986574380446683
3699,CUST00374,CUST00374,ACC68508,2854.22,transfer,branch,2024-01-02T03:00:00+00:00,Transaction 3699,ZW,2854.22,2854.22,0,1.0,1.0
3687,CUST00374,CUST00374,ACC61180,7737.29,transfer,branch,2024-01-05T00:00:00+00:00,Transaction 3687,ZW,2854.22,2854.22,1,2.710824673641135,2.710824673641135
3693,CUST00374,CUST00374,ACC17344,6837.68,transfer,mobile,2024-01-07T14:00:00+00:00,Transaction 3693,ZW,5295.755,7737.29,2,1.2911624499245151,0.8837306085205544
3682,CUST00374,CUST00374,ACC90480,100.0,withdraw,branch,2024-01-07T17:00:00+00:00,Transaction 3682,ZW,5809.7300000000005,7737.29,3,0.017212503851297734,0.012924421858299224
3657,CUST00374,CUST00374,ACC81130,1221.68,transfer,online,2024-01-07T19:00:00+00:00,Transaction 3657,ZW,4382.297500000001,7737.29,4,0.27877614424853625,0.15789507695846997
3660,CUST00374,CUST00374,ACC25905,6139.21,withdraw,online,2024-01-11T18:00:00+00:00,Transaction 3660,ZW,3750.1740000000004,7737.29,5,1.6370467076994293,0.7934573991668917
3690,CUST00374,CUST00374,ACC14869,1575.88,transfer,card,2024-01-13T09:00:00+00:00,Transaction 3690,ZA,4148.346666666667,7737.29,6,0.37988146281570806,0.20367337918056583
3673,CUST00374,CUST00374,ACC29272,12886.69,withdraw,mobile,2024-01-16T17:00:00+00:00,Transaction 3673,ZW,3780.851428571429,7737.29,7,3.408409519246609,1.6655301791712602
3651,CUST00374,CUST00374,ACC99723,2562.24,transfer,online,2024-01-19T20:00:00+00:00,Transaction 3651,ZW,4919.08125,12886.69,8,0.5208777553735262,0.19882840356988488
3665,CUST00374,CUST00374,ACC12731,1584.92,transfer,online,2024-01-20T19:00:00+00:00,Transaction 3665,CH,4657.21,12886.69,9,0.3403153390119836,0.12298891336720291
3695,CUST00374,CUST00374,ACC44470,4034.56,transfer,branch,2024-01-21T13:00:00+00:00,Transaction 3695,ZW,4349.981,12886.69,10,0.927489108573118,0.31307961935919926
3655,CUST00374,CUST00374,ACC25726,1784.32,transfer,atm,2024-01-25T19:00:00+00:00,Transaction 3655,ZW,4321.306363636363,12886.69,11,0.4129121728130614,0.13846224282573724
3676,CUST00374,CUST00374,ACC20298,114.89,withdraw,online,2024-01-31T07:00:00+00:00,Transaction 3676,ZW,4109.890833333333,12886.69,12,0.027954513795885497,0.008915400308380197
3675,CUST00374,CUST00374,ACC74341,1181.75,deposit,mobile,2024-01-31T19:00:00+00:00,Transaction 3675,AU,3802.5830769230765,12886.69,13,0.3107755901959761,0.09170314487273303
3664,CUST00374,CUST00374,ACC29390,2821.07,transfer,atm,2024-01-31T21:00:00+00:00,Transaction 3664,ZW,3615.380714285714,12886.69,14,0.7802967994084007,0.21891346808218404
3653,CUST00374,CUST00374,ACC98228,2500.16,transfer,mobile,2024-02-03T19:00:00+00:00,Transaction 3653,ZW,3562.4266666666663,12886.69,15,0.7018137449379075,0.19401102998520176
3700,CUST00374,CUST00374,ACC92352,5556.14,deposit,branch,2024-02-04T19:00:00+00:00,Transaction 3700,ZW,3496.035,12886.69,16,1.5892689861514546,0.43115338384022583
3663,CUST00374,CUST00374,ACC15775,100.0,transfer,branch,2024-02-05T20:00:00+00:00,Transaction 3663,ZW,3617.2176470588233,12886.69,17,0.027645557928014222,0.0077599445629560415
3656,CUST00374,CUST00374,ACC56121,2970.54,deposit,mobile,2024-02-06T18:00:00+00:00,Transaction 3656,NL,3421.8166666666666,12886.69,18,0.8681178126628643,0.23051225722043442
3672,CUST00374,CUST00374,ACC38924,4267.48,deposit,online,2024-02-09T05:00:00+00:00,Transaction 3672,NG,3398.0652631578946,12886.69,19,1.2558558089711729,0.33115408223523646
3686,CUST00374,CUST00374,ACC67487,4867.9,deposit,card,2024-02-10T05:00:00+00:00,Transaction 3686,ZW,3441.536,12886.69,20,1.4144556384126157,0.37774634138013713
3662,CUST00374,CUST00374,ACC71558,2039.55,deposit,mobile,2024-02-11T21:00:00+00:00,Transaction 3662,ZW,3509.458095238095,12886.69,21,0.581158100382341,0.15826794933376995
3671,CUST00374,CUST00374,ACC50426,8910.73,deposit,mobile,2024-02-13T00:00:00+00:00,Transaction 3671,ZW,3442.6440909090907,12886.69,22,2.588339010567591,0.6914677081546928
3680,CUST00374,CUST00374,ACC89393,6313.1,withdraw,branch,2024-02-13T16:00:00+00:00,Transaction 3680,ZW,3680.3869565217387,12886.69,23,1.7153359346666055,0.48989306020397794
3658,CUST00374,CUST00374,ACC21934,2705.36,withdraw,branch,2024-02-17T18:00:00+00:00,Transaction 3658,ZW,3790.0833333333335,12886.69,24,0.7137996086277787,0.2099344362283876
3674,CUST00374,CUST00374,ACC27976,15892.84,transfer,branch,2024-02-26T01:00:00+00:00,Transaction 3674,CH,3746.6944,12886.69,25,4.241829811366521,1.233275573479303
3694,CUST00374,CUST00374,ACC87927,100.0,withdraw,online,2024-02-26T07:00:00+00:00,Transaction 3694,ZW,4213.8538461538465,15892.84,26,0.023731245470526702,0.006292141618489836
3697,CUST00374,CUST00374,ACC58547,6567.69,transfer,mobile,2024-02-29T09:00:00+00:00,Transaction 3697,ZA,4061.4888888888886,15892.84,27,1.6170646232634995,0.41324835586339503
3670,CUST00374,CUST00374,ACC34032,4079.02,deposit,branch,2024-03-03T09:00:00+00:00,Transaction 3670,ZW,4150.996071428572,15892.84,28,0.9826605301016821,0.25665771504652407
3652,CUST00374,CUST00374,ACC50845,2599.72,deposit,online,2024-03-05T19:00:00+00:00,Transaction 3652,ZW,4148.514137931034,15892.84,29,0.6266629240165839,0.16357806408420394
3689,CUST00374,CUST00374,ACC77007,3448.04,transfer,mobile,2024-03-05T19:00:00+00:00,Transaction 3689,ZW,4096.8876666666665,15892.84,30,0.8416242476097506,0.21695555986217693
3692,CUST00374,CUST00374,ACC51020,2381.81,transfer,mobile,2024-03-07T10:00:00+00:00,Transaction 3692,SG,4075.9570967741934,15892.84,31,0.5843560036206022,0.14986685828335275
3681,CUST00374,CUST00374,ACC35193,4896.22,deposit,branch,2024-03-10T01:00:00+00:00,Transaction 3681,JP,4023.0150000000003,15892.84,32,1.2170523848407226,0.30807709635282304
3691,CUST00374,CUST00374,ACC62037,6597.52,transfer,online,2024-03-10T22:00:00+00:00,Transaction 3691,ZW,4049.475757575758,15892.84,33,1.6292281754390954,0.4151253017081906
3659,CUST00374,CUST00374,ACC45902,4975.17,deposit,card,2024-03-12T21:00:00+00:00,Transaction 3659,ZW,4124.418235294118,15892.84,34,1.2062719433799647,0.3130447421606208
3668,CUST00374,CUST00374,ACC42748,10702.12,transfer,card,2024-03-14T03:00:00+00:00,Transaction 3668,ZW,4148.725428571429,15892.84,35,2.579616362725929,0.6733925465807244
3678,CUST00374,CUST00374,ACC38770,11290.13,withdraw,online,2024-03-14T03:00:00+00:00,Transaction 3678,CH,4330.764166666667,15892.84,36,2.606960242005019,0.7103909685116064
3679,CUST00374,CUST00374,ACC58496,10520.08,deposit,card,2024-03-15T22:00:00+00:00,Transaction 3679,ZW,4518.855135135135,15892.84,37,2.328040993880057,0.6619383319784254
3669,CUST00374,CUST00374,ACC73078,4829.49,transfer,card,2024-03-17T08:00:00+00:00,Transaction 3669,KE,4676.782105263158,15892.84,38,1.0326523432778678,0.30387835025080473
3677,CUST00374,CUST00374,ACC12811,7295.59,withdraw,card,2024-03-17T15:00:00+00:00,Transaction 3677,FR,4680.697692307692,15892.84,39,1.5586543886373285,0.4590488547043826
3683,CUST00374,CUST00374,ACC18798,100.0,deposit,branch,2024-03-19T21:00:00+00:00,Transaction 3683,ZW,4746.07,15892.84,40,0.021070064284766134,0.006292141618489836
3685,CUST00374,CUST00374,ACC74970,4039.9,deposit,branch,2024-03-20T05:00:00+00:00,Transaction 3685,ZW,4632.751219512194,15892.84,41,0.8720304217901391,0.2541962292453709
3667,CUST00374,CUST00374,ACC86673,3859.78,transfer,mobile,2024-03-21T17:00:00+00:00,Transaction 3667,ZW,4618.635714285714,15892.84,42,0.8356969977219618,0.242862823762147
3688,CUST00374,CUST00374,ACC25824,100.0,deposit,mobile,2024-03-22T09:00:00+00:00,Transaction 3688,ZW,4600.987906976744,15892.84,43,0.021734462689711534,0.006292141618489836
3661,CUST00374,CUST00374,ACC95212,2211.99,transfer,mobile,2024-03-22T21:00:00+00:00,Transaction 3661,ZW,4498.692727272727,15892.84,44,0.49169617355506506,0.1391815433868333
3684,CUST00374,CUST00374,ACC51296,2039.12,withdraw,mobile,2024-03-23T16:00:00+00:00,Transaction 3684,ZW,4447.877111111111,15892.84,45,0.45844791775072524,0.12830431817094992
3698,CUST00374,CUST00374,ACC40547,9039.19,deposit,branch,2024-03-24T02:00:00+00:00,Transaction 3698,GB,4395.512826086956,15892.84,46,2.056458565278949,0.5687586359643714
3696,CUST00374,CUST00374,ACC60199,5485.11,transfer,card,2024-03-29T01:00:00+00:00,Transaction 3696,ZW,4494.314468085106,15892.84,47,1.2204553194821373,0.3451308891299478
3654,CUST00374,CUST00374,ACC11497,4047.53,withdraw,online,2024-03-29T18:00:00+00:00,Transaction 3654,ZW,4514.956041666666,15892.84,48,0.8964716295456735,0.2546763196508617
3666,CUST00374,CUST00374,ACC24791,100.0,withdraw,atm,2024-03-30T09:00:00+00:00,Transaction 3666,ZW,4505.4167346938775,15892.84,49,0.022195505075024883,0.006292141618489836
3711,CUST00375,CUST00375,ACC73852,4777.15,transfer,online,2024-01-06T14:00:00+00:00,Transaction 3711,ZW,4777.15,4777.15,0,1.0,1.0
3714,CUST00375,CUST00375,ACC96255,2153.86,withdraw,mobile,2024-01-08T13:00:00+00:00,Transaction 3714,ZW,4777.15,4777.15,1,0.4508671488230431,0.4508671488230431
3736,CUST00375,CUST00375,ACC14295,3788.64,transfer,atm,2024-01-11T06:00:00+00:00,Transaction 3736,DE,3465.505,4777.15,2,1.0932432646901389,0.7930753692054887
3704,CUST00375,CUST00375,ACC20111,1297.16,deposit,mobile,2024-01-11T14:00:00+00:00,Transaction 3704,ZW,3573.2166666666667,4777.15,3,0.363023046461405,0.271534282992998
3739,CUST00375,CUST00375,ACC26257,2719.22,transfer,mobile,2024-01-12T12:00:00+00:00,Transaction 3739,ZW,3004.2025,4777.15,4,0.905138718178951,0.5692138618213789
3733,CUST00375,CUST00375,ACC33547,2376.12,withdraw,mobile,2024-01-12T18:00:00+00:00,Transaction 3733,ZW,2947.2059999999997,4777.15,5,0.8062280003501622,0.4973927969605309
3746,CUST00375,CUST00375,ACC33923,2702.75,withdraw,atm,2024-01-14T13:00:00+00:00,Transaction 3746,ZW,2852.0249999999996,4777.15,6,0.9476599959677774,0.5657661995122616
3749,CUST00375,CUST00375,ACC86878,4151.19,transfer,mobile,2024-01-17T06:00:00+00:00,Transaction 3749,ZW,2830.7,4777.15,7,1.4664888543469812,0.8689678992704856
3726,CUST00375,CUST00375,ACC58974,2524.28,deposit,branch,2024-01-20T17:00:00+00:00,Transaction 3726,ZW,2995.76125,4777.15,8,0.8426172145727568,0.5284071046544488
3728,CUST00375,CUST00375,ACC94620,100.0,withdraw,mobile,2024-01-21T14:00:00+00:00,Transaction 3728,ZW,2943.374444444444,4777.15,9,0.033974610396155284,0.02093298305475022
3734,CUST00375,CUST00375,ACC73946,2660.44,deposit,branch,2024-01-23T16:00:00+00:00,Transaction 3734,ZW,2659.037,4777.15,10,1.000527634628627,0.5569094543817967
3744,CUST00375,CUST00375,ACC20019,3120.34,withdraw,branch,2024-01-24T05:00:00+00:00,Transaction 3744,ZW,2659.164545454545,4777.15,11,1.1734287016325362,0.653180243450593
3708,CUST00375,CUST00375,ACC69892,3003.84,transfer,mobile,2024-01-25T13:00:00+00:00,Transaction 3708,ZW,2697.5958333333333,4777.15,12,1.1135248516039746,0.628793318191809
3727,CUST00375,CUST00375,ACC99235,2892.53,transfer,online,2024-01-26T09:00:00+00:00,Transaction 3727,ZW,2721.1530769230767,4777.15,13,1.0629795231037522,0.6054928147535665
3729,CUST00375,CUST00375,ACC85811,2122.2,transfer,mobile,2024-01-27T00:00:00+00:00,Transaction 3729,ZW,2733.3942857142856,4777.15,14,0.7763973207566103,0.44423976638790913
3730,CUST00375,CUST00375,ACC65867,1223.91,transfer,mobile,2024-01-27T07:00:00+00:00,Transaction 3730,ZW,2692.6479999999997,4777.15,15,0.45453768929321625,0.2562008729053934
3748,CUST00375,CUST00375,ACC65217,1637.14,transfer,mobile,2024-02-05T06:00:00+00:00,Transaction 3748,ZW,2600.8518750000003,4777.15,16,0.6294629908517954,0.34270223878253775
3738,CUST00375,CUST00375,ACC17701,1847.96,transfer,online,2024-02-05T16:00:00+00:00,Transaction 3738,ZW,2544.1629411764707,4777.15,17,0.7263528487469703,0.38683315365856213
3717,CUST00375,CUST00375,ACC52211,1769.62,transfer,online,2024-02-06T22:00:00+00:00,Transaction 3717,ZW,2505.485,4777.15,18,0.7062983813513152,0.3704342547334708
3742,CUST00375,CUST00375,ACC59935,2970.02,withdraw,card,2024-02-07T00:00:00+00:00,Transaction 3742,ZW,2466.755263157895,4777.15,19,1.204018916816999,0.6217137833226924
3740,CUST00375,CUST00375,ACC76670,100.0,transfer,card,2024-02-07T16:00:00+00:00,Transaction 3740,ZW,2491.9185,4777.15,20,0.04012972334368078,0.02093298305475022
3737,CUST00375,CUST00375,ACC82263,3459.16,transfer,mobile,2024-02-08T13:00:00+00:00,Transaction 3737,ZW,2378.017619047619,4777.15,21,1.4546401894975747,0.7241053766366976
3701,CUST00375,CUST00375,ACC24843,3232.97,withdraw,online,2024-02-10T15:00:00+00:00,Transaction 3701,ZW,2427.1604545454543,4777.15,22,1.3319968170812395,0.6767570622651581
3722,CUST00375,CUST00375,ACC72205,3546.35,transfer,mobile,2024-02-11T05:00:00+00:00,Transaction 3722,ZW,2462.195652173913,4777.15,23,1.4403201455046308,0.7423568445621344
3732,CUST00375,CUST00375,ACC60260,1672.02,transfer,mobile,2024-02-11T17:00:00+00:00,Transaction 3732,ZW,2507.36875,4777.15,24,0.6668424817849389,0.3500036632720346
3731,CUST00375,CUST00375,ACC90593,4553.18,deposit,online,2024-02-16T01:00:00+00:00,Transaction 3731,ZW,2473.9548,4777.15,25,1.8404459127547521,0.9531163978522761
3713,CUST00375,CUST00375,ACC79164,664.56,transfer,mobile,2024-02-17T13:00:00+00:00,Transaction 3713,ZW,2553.9249999999997,4777.15,26,0.26021124347817576,0.13911223218864804
3706,CUST00375,CUST00375,ACC23492,2086.34,transfer,mobile,2024-02-22T16:00:00+00:00,Transaction 3706,ZW,2483.948518518518,4777.15,27,0.8399288408941501,0.43673319866447574
3712,CUST00375,CUST00375,ACC56642,763.97,transfer,card,2024-02-23T15:00:00+00:00,Transaction 3712,ZW,2469.748214285714,4777.15,28,0.3093311275947014,0.15992171064337526
3743,CUST00375,CUST00375,ACC13086,100.0,withdraw,atm,2024-02-25T05:00:00+00:00,Transaction 3743,ZW,2410.9282758620684,4777.15,29,0.04147779965135765,0.02093298305475022
3705,CUST00375,CUST00375,ACC67517,3610.83,transfer,online,2024-03-03T14:00:00+00:00,Transaction 3705,ZW,2333.897333333333,4777.15,30,1.5471246093087216,0.7558544320358374
3707,CUST00375,CUST00375,ACC38768,3137.45,deposit,mobile,2024-03-03T15:00:00+00:00,Transaction 3707,ZW,2375.088709677419,4777.15,31,1.320982238354425,0.6567618768512608
3716,CUST00375,CUST00375,ACC66403,2749.05,withdraw,mobile,2024-03-07T01:00:00+00:00,Transaction 3716,ZW,2398.9125000000004,4777.15,32,1.145956761657626,0.575458170666611
3741,CUST00375,CUST00375,ACC26290,3359.5,transfer,mobile,2024-03-11T12:00:00+00:00,Transaction 3741,ZW,2409.522727272728,4777.15,33,1.3942595195200855,0.7032435657243336
3703,CUST00375,CUST00375,ACC14755,100.0,transfer,atm,2024-03-13T16:00:00+00:00,Transaction 3703,ZW,2437.463235294118,4777.15,34,0.04102625982292342,0.02093298305475022
3725,CUST00375,CUST00375,ACC18010,3252.13,transfer,online,2024-03-13T17:00:00+00:00,Transaction 3725,ZW,2370.678571428572,4777.15,35,1.3718139773121014,0.6807678218184483
3721,CUST00375,CUST00375,ACC90509,2241.88,withdraw,mobile,2024-03-14T09:00:00+00:00,Transaction 3721,ZW,2395.163333333334,4777.15,36,0.9360029726573968,0.46929236050783424
3723,CUST00375,CUST00375,ACC35471,2251.02,transfer,mobile,2024-03-16T16:00:00+00:00,Transaction 3723,ZW,2391.0205405405413,4777.15,37,0.9414473702058238,0.47120563515903835
3709,CUST00375,CUST00375,ACC53562,3324.27,transfer,atm,2024-03-19T15:00:00+00:00,Transaction 3709,ZW,2387.3363157894746,4777.15,38,1.3924598633270857,0.6958688757941451
3735,CUST00375,CUST00375,ACC63884,3011.43,transfer,mobile,2024-03-22T00:00:00+00:00,Transaction 3735,ZW,2411.360256410257,4777.15,39,1.248851137856545,0.6303821316056645
3724,CUST00375,CUST00375,ACC98295,100.0,transfer,online,2024-03-22T12:00:00+00:00,Transaction 3724,ZW,2426.362,4777.15,40,0.04121396559952719,0.02093298305475022
3745,CUST00375,CUST00375,ACC73857,2639.88,withdraw,atm,2024-03-23T01:00:00+00:00,Transaction 3745,ZW,2369.621463414634,4777.15,41,1.1140513540909283,0.5526056330657401
3718,CUST00375,CUST00375,ACC37781,622.59,transfer,branch,2024-03-23T06:00:00+00:00,Transaction 3718,ZW,2376.0561904761903,4777.15,42,0.2620266315651506,0.1303266592005694
3710,CUST00375,CUST00375,ACC41604,100.0,withdraw,mobile,2024-03-23T15:00:00+00:00,Transaction 3710,ZW,2335.277906976744,4777.15,43,0.04282145593946043,0.02093298305475022
3719,CUST00375,CUST00375,ACC30004,4389.79,deposit,online,2024-03-24T00:00:00+00:00,Transaction 3719,ZW,2284.476136363636,4777.15,44,1.9215740230876486,0.9189139968391197
3747,CUST00375,CUST00375,ACC47764,3774.99,withdraw,mobile,2024-03-24T01:00:00+00:00,Transaction 3747,ZW,2331.2608888888885,4777.15,45,1.619291096072569,0.7902180170185152
3720,CUST00375,CUST00375,ACC65211,2252.19,withdraw,online,2024-03-24T06:00:00+00:00,Transaction 3720,ZW,2362.646304347826,4777.15,46,0.9532489039326113,0.471450551060779
3750,CUST00375,CUST00375,ACC24079,1878.1,withdraw,mobile,2024-03-25T09:00:00+00:00,Transaction 3750,ZW,2360.296170212766,4777.15,47,0.7957052270396646,0.39314235475126386
3715,CUST00375,CUST00375,ACC48354,3016.09,transfer,mobile,2024-03-27T14:00:00+00:00,Transaction 3715,ZW,2350.2504166666668,4777.15,48,1.2833058037609821,0.6313576086160159
3702,CUST00375,CUST00375,ACC54823,4263.13,transfer,mobile,2024-03-29T15:00:00+00:00,Transaction 3702,ZW,2363.838979591837,4777.15,49,1.8034773251501728,0.8924002805019731
3781,CUST00376,CUST00376,ACC60695,100.0,deposit,atm,2024-01-05T20:00:00+00:00,Transaction 3781,ZW,100.0,100.0,0,1.0,1.0
3778,CUST00376,CUST00376,ACC24202,264.31,withdraw,online,2024-01-10T13:00:00+00:00,Transaction 3778,ZW,100.0,100.0,1,2.6431,2.6431
3799,CUST00376,CUST00376,ACC62821,130.75,deposit,card,2024-01-11T14:00:00+00:00,Transaction 3799,ZW,182.155,264.31,2,0.7177952842359528,0.49468427225606293
3770,CUST00376,CUST00376,ACC84142,100.0,withdraw,atm,2024-01-13T22:00:00+00:00,Transaction 3770,ZW,165.02,264.31,3,0.6059871530723548,0.378343611668117
3785,CUST00376,CUST00376,ACC17111,100.0,deposit,online,2024-01-15T17:00:00+00:00,Transaction 3785,ZW,148.765,264.31,4,0.6722011225758747,0.378343611668117
3773,CUST00376,CUST00376,ACC56883,100.0,deposit,card,2024-01-17T13:00:00+00:00,Transaction 3773,ZW,139.012,264.31,5,0.719362357206572,0.378343611668117
3751,CUST00376,CUST00376,ACC90237,113.89,deposit,online,2024-01-17T19:00:00+00:00,Transaction 3751,ZW,132.51,264.31,6,0.8594823032223984,0.4308955393288184
3786,CUST00376,CUST00376,ACC63354,102.51,transfer,atm,2024-01-22T05:00:00+00:00,Transaction 3786,ZW,129.85,264.31,7,0.789449364651521,0.38784003632098674
3791,CUST00376,CUST00376,ACC27340,111.23,transfer,atm,2024-01-24T00:00:00+00:00,Transaction 3791,ZW,126.43249999999999,264.31,8,0.8797579736222887,0.42083159925844654
3800,CUST00376,CUST00376,ACC16076,100.0,transfer,atm,2024-01-24T14:00:00+00:00,Transaction 3800,ZW,124.74333333333331,264.31,9,0.8016460465489139,0.378343611668117
3765,CUST00376,CUST00376,ACC60641,186.12,withdraw,card,2024-01-24T21:00:00+00:00,Transaction 3765,ZW,122.26899999999998,264.31,10,1.5222174058837485,0.7041731300366993
3782,CUST00376,CUST00376,ACC60852,185.24,transfer,online,2024-01-25T08:00:00+00:00,Transaction 3782,ZW,128.07363636363635,264.31,11,1.446355434728601,0.7008437062540199
3774,CUST00376,CUST00376,ACC15730,100.0,transfer,branch,2024-01-26T01:00:00+00:00,Transaction 3774,ZW,132.8375,264.31,12,0.7527994730403689,0.378343611668117
3797,CUST00376,CUST00376,ACC24534,110.76,deposit,card,2024-01-27T13:00:00+00:00,Transaction 3797,ZW,130.31153846153845,264.31,13,0.8499631061656977,0.4190533842836064
3780,CUST00376,CUST00376,ACC27741,100.0,deposit,mobile,2024-01-29T02:00:00+00:00,Transaction 3780,ZW,128.915,264.31,14,0.7757049218477292,0.378343611668117
3775,CUST00376,CUST00376,ACC33587,180.75,deposit,mobile,2024-01-29T15:00:00+00:00,Transaction 3775,ZW,126.98733333333332,264.31,15,1.423370309899675,0.6838560780901214
3752,CUST00376,CUST00376,ACC94239,209.67,withdraw,online,2024-01-30T21:00:00+00:00,Transaction 3752,ZW,130.3475,264.31,16,1.608546385623046,0.7932730505845408
3758,CUST00376,CUST00376,ACC97632,198.97,transfer,mobile,2024-02-01T19:00:00+00:00,Transaction 3758,ZW,135.0135294117647,264.31,17,1.4737041603673706,0.7527902841360523
3771,CUST00376,CUST00376,ACC95944,181.28,withdraw,online,2024-02-02T16:00:00+00:00,Transaction 3771,ZW,138.56666666666666,264.31,18,1.3082511426509502,0.6858612992319625
3763,CUST00376,CUST00376,ACC93969,163.73,transfer,atm,2024-02-03T21:00:00+00:00,Transaction 3763,ZW,140.81473684210528,264.31,19,1.1627334160599219,0.6194619953842079
3772,CUST00376,CUST00376,ACC84202,100.0,transfer,branch,2024-02-04T00:00:00+00:00,Transaction 3772,ZW,141.9605,264.31,20,0.7044213002912783,0.378343611668117
3768,CUST00376,CUST00376,ACC87151,100.0,transfer,mobile,2024-02-05T20:00:00+00:00,Transaction 3768,ZW,139.96238095238095,264.31,21,0.7144776997900797,0.378343611668117
3792,CUST00376,CUST00376,ACC13551,223.68,deposit,online,2024-02-06T13:00:00+00:00,Transaction 3792,ZW,138.1459090909091,264.31,22,1.6191576100368188,0.846278990579244
3784,CUST00376,CUST00376,ACC55035,143.56,transfer,mobile,2024-02-07T12:00:00+00:00,Transaction 3784,ZW,141.86478260869563,264.31,23,1.0119495294049141,0.5431500889107488
3761,CUST00376,CUST00376,ACC69917,247.85,deposit,branch,2024-02-08T21:00:00+00:00,Transaction 3761,ZW,141.93541666666667,264.31,24,1.7462167358980756,0.9377246415194279
3757,CUST00376,CUST00376,ACC34291,222.75,transfer,branch,2024-02-11T20:00:00+00:00,Transaction 3757,ZW,146.172,264.31,25,1.5238896642311797,0.8427603949907305
3798,CUST00376,CUST00376,ACC35935,100.0,transfer,mobile,2024-02-12T12:00:00+00:00,Transaction 3798,ZW,149.1173076923077,264.31,26,0.6706129660437704,0.378343611668117
3790,CUST00376,CUST00376,ACC99998,100.0,transfer,card,2024-02-14T17:00:00+00:00,Transaction 3790,ZW,147.29814814814813,264.31,27,0.6788951609861582,0.378343611668117
3766,CUST00376,CUST00376,ACC49756,100.0,deposit,branch,2024-02-15T11:00:00+00:00,Transaction 3766,ZW,145.60892857142855,264.31,28,0.6867710722213366,0.378343611668117
3796,CUST00376,CUST00376,ACC10515,123.0,transfer,online,2024-02-16T17:00:00+00:00,Transaction 3796,ZW,144.0362068965517,264.31,29,0.8539519517362734,0.4653626423517839
3764,CUST00376,CUST00376,ACC17030,190.33,transfer,branch,2024-02-19T20:00:00+00:00,Transaction 3764,ZW,143.33499999999998,264.31,30,1.3278682806013886,0.7201013960879271
3777,CUST00376,CUST00376,ACC63362,100.0,transfer,online,2024-02-20T07:00:00+00:00,Transaction 3777,ZW,144.85096774193545,264.31,31,0.6903647352785289,0.378343611668117
3783,CUST00376,CUST00376,ACC24300,109.43,transfer,mobile,2024-02-21T02:00:00+00:00,Transaction 3783,ZW,143.44937499999997,264.31,32,0.7628475202488685,0.4140214142484204
3755,CUST00376,CUST00376,ACC59821,100.0,deposit,online,2024-02-22T20:00:00+00:00,Transaction 3755,ZW,142.41848484848484,264.31,33,0.7021560446060586,0.378343611668117
3788,CUST00376,CUST00376,ACC36310,208.31,deposit,branch,2024-02-23T03:00:00+00:00,Transaction 3788,ZW,141.17088235294116,264.31,34,1.4755875753415242,0.7881275774658545
3767,CUST00376,CUST00376,ACC73759,100.0,deposit,online,2024-02-29T05:00:00+00:00,Transaction 3767,ZW,143.08914285714286,264.31,35,0.6988650431698921,0.378343611668117
3779,CUST00376,CUST00376,ACC95277,100.0,transfer,branch,2024-03-02T13:00:00+00:00,Transaction 3779,ZW,141.89222222222222,264.31,36,0.704760264050179,0.378343611668117
3793,CUST00376,CUST00376,ACC13623,227.64,withdraw,atm,2024-03-04T10:00:00+00:00,Transaction 3793,ZW,140.76,264.31,37,1.617220801364024,0.8612613976013015
3776,CUST00376,CUST00376,ACC11612,122.48,withdraw,card,2024-03-07T02:00:00+00:00,Transaction 3776,ZW,143.04631578947368,264.31,38,0.8562261762844571,0.46339525557110967
3753,CUST00376,CUST00376,ACC22779,100.0,transfer,mobile,2024-03-07T18:00:00+00:00,Transaction 3753,ZW,142.51897435897436,264.31,39,0.701660957425372,0.378343611668117
3756,CUST00376,CUST00376,ACC59399,100.0,deposit,card,2024-03-12T18:00:00+00:00,Transaction 3756,ZW,141.456,264.31,40,0.7069336047958377,0.378343611668117
3762,CUST00376,CUST00376,ACC14115,341.81,withdraw,atm,2024-03-12T18:00:00+00:00,Transaction 3762,ZW,140.44487804878048,264.31,41,2.4337662202339607,1.2932162990427907
3769,CUST00376,CUST00376,ACC65605,251.76,deposit,mobile,2024-03-13T06:00:00+00:00,Transaction 3769,ZW,145.23928571428573,341.81,42,1.7334152998745909,0.7365495450688979
3760,CUST00376,CUST00376,ACC18093,100.0,withdraw,mobile,2024-03-13T18:00:00+00:00,Transaction 3760,ZW,147.71651162790698,341.81,43,0.6769723905469465,0.292560194259969
3759,CUST00376,CUST00376,ACC87848,100.0,deposit,mobile,2024-03-14T20:00:00+00:00,Transaction 3759,ZW,146.63204545454548,341.81,44,0.6819791655364927,0.292560194259969
3754,CUST00376,CUST00376,ACC34642,100.0,withdraw,online,2024-03-17T21:00:00+00:00,Transaction 3754,ZW,145.59577777777778,341.81,45,0.6868331041345827,0.292560194259969
3794,CUST00376,CUST00376,ACC81224,100.0,deposit,online,2024-03-19T12:00:00+00:00,Transaction 3794,ZW,144.60456521739133,341.81,46,0.6915410993398788,0.292560194259969
3789,CUST00376,CUST00376,ACC35425,260.83,transfer,mobile,2024-03-22T15:00:00+00:00,Transaction 3789,ZW,143.65553191489363,341.81,47,1.8156627630220634,0.7630847546882771
3787,CUST00376,CUST00376,ACC70407,198.59,deposit,card,2024-03-23T15:00:00+00:00,Transaction 3787,ZW,146.09666666666666,341.81,48,1.3593054826712907,0.5809952897808724
3795,CUST00376,CUST00376,ACC73668,165.33,deposit,mobile,2024-03-30T19:00:00+00:00,Transaction 3795,ZW,147.16795918367347,341.81,49,1.1234102920028899,0.4836897691700068
3810,CUST00377,CUST00377,ACC50684,828.46,transfer,branch,2024-01-01T18:00:00+00:00,Transaction 3810,ZW,828.46,828.46,0,1.0,1.0
3836,CUST00377,CUST00377,ACC46381,582.77,transfer,atm,2024-01-02T10:00:00+00:00,Transaction 3836,ZW,828.46,828.46,1,0.703437703691186,0.703437703691186
3814,CUST00377,CUST00377,ACC78197,169.54,transfer,card,2024-01-02T21:00:00+00:00,Transaction 3814,ZW,705.615,828.46,2,0.24027266994040658,0.20464476257151823
3830,CUST00377,CUST00377,ACC34913,971.32,deposit,online,2024-01-03T15:00:00+00:00,Transaction 3830,ZW,526.9233333333333,828.46,3,1.843380124875852,1.1724404316442556
3802,CUST00377,CUST00377,ACC71179,100.0,transfer,mobile,2024-01-04T19:00:00+00:00,Transaction 3802,ZW,638.0225,971.32,4,0.1567342844492161,0.10295268294691759
3807,CUST00377,CUST00377,ACC33374,100.0,deposit,online,2024-01-04T19:00:00+00:00,Transaction 3807,ZW,530.418,971.32,5,0.18853055514707268,0.10295268294691759
3821,CUST00377,CUST00377,ACC51520,100.0,deposit,atm,2024-01-05T20:00:00+00:00,Transaction 3821,ZW,458.6816666666667,971.32,6,0.21801612592611433,0.10295268294691759
3827,CUST00377,CUST00377,ACC62618,100.0,deposit,branch,2024-01-06T12:00:00+00:00,Transaction 3827,ZW,407.4414285714286,971.32,7,0.245434050117633,0.10295268294691759
3843,CUST00377,CUST00377,ACC14209,138.78,withdraw,branch,2024-01-09T20:00:00+00:00,Transaction 3843,ZW,369.01125,971.32,8,0.37608609493613,0.14287773339373225
3847,CUST00377,CUST00377,ACC46489,100.0,transfer,atm,2024-01-11T17:00:00+00:00,Transaction 3847,ZW,343.43000000000006,971.32,9,0.2911801531607605,0.10295268294691759
3825,CUST00377,CUST00377,ACC58992,100.0,transfer,mobile,2024-01-12T03:00:00+00:00,Transaction 3825,ZW,319.08700000000005,971.32,10,0.313394152691899,0.10295268294691759
3816,CUST00377,CUST00377,ACC34585,584.82,deposit,atm,2024-01-14T03:00:00+00:00,Transaction 3816,US,299.17,971.32,11,1.9548083029715546,0.6020878804101635
3808,CUST00377,CUST00377,ACC37097,236.42,transfer,atm,2024-01-15T19:00:00+00:00,Transaction 3808,ZW,322.9741666666667,971.32,12,0.7320090100085404,0.24340073302310256
3839,CUST00377,CUST00377,ACC59384,514.2,transfer,online,2024-01-16T14:00:00+00:00,Transaction 3839,ZW,316.3161538461539,971.32,13,1.6255888096378743,0.5293826957130503
3835,CUST00377,CUST00377,ACC64206,206.54,deposit,mobile,2024-01-20T20:00:00+00:00,Transaction 3835,ZW,330.4507142857143,971.32,14,0.6250251280177939,0.2126384713585636
3824,CUST00377,CUST00377,ACC89859,429.69,deposit,card,2024-01-21T11:00:00+00:00,Transaction 3824,ZW,322.19,971.32,15,1.3336540550606786,0.4423773833546102
3805,CUST00377,CUST00377,ACC13296,100.0,transfer,branch,2024-01-23T18:00:00+00:00,Transaction 3805,ZW,328.90875,971.32,16,0.304035693790451,0.10295268294691759
3812,CUST00377,CUST00377,ACC94222,1133.46,deposit,online,2024-01-24T20:00:00+00:00,Transaction 3812,ZW,315.4435294117647,971.32,17,3.5932263442323977,1.1669274801301321
3809,CUST00377,CUST00377,ACC94377,476.96,deposit,online,2024-01-27T21:00:00+00:00,Transaction 3809,ZW,360.8888888888889,1133.46,18,1.3216256157635466,0.42080002823213875
3813,CUST00377,CUST00377,ACC90625,167.96,transfer,mobile,2024-01-28T18:00:00+00:00,Transaction 3813,ZW,366.9978947368421,1133.46,19,0.4576593010715679,0.14818343832159936
3820,CUST00377,CUST00377,ACC53948,767.83,transfer,branch,2024-01-30T18:00:00+00:00,Transaction 3820,ZW,357.046,1133.46,20,2.1505072175574016,0.6774213470259206
3844,CUST00377,CUST00377,ACC33521,903.21,transfer,online,2024-02-02T21:00:00+00:00,Transaction 3844,ZW,376.60714285714283,1133.46,21,2.398281650071124,0.7968609390715156
3801,CUST00377,CUST00377,ACC17263,642.35,transfer,branch,2024-02-03T20:00:00+00:00,Transaction 3801,ZW,400.5436363636363,1133.46,22,1.603695432117259,0.5667160729094983
3842,CUST00377,CUST00377,ACC22988,297.18,transfer,card,2024-02-13T00:00:00+00:00,Transaction 3842,ZW,411.0569565217391,1133.46,23,0.7229655046217017,0.2621883436557091
3832,CUST00377,CUST00377,ACC11462,100.0,withdraw,branch,2024-02-17T10:00:00+00:00,Transaction 3832,ZW,406.3120833333334,1133.46,24,0.24611623454466952,0.08822543362800628
3806,CUST00377,CUST00377,ACC15018,345.82,withdraw,online,2024-02-19T20:00:00+00:00,Transaction 3806,ZW,394.05960000000005,1133.46,25,0.8775829849088816,0.3051011945723713
3822,CUST00377,CUST00377,ACC82117,100.0,transfer,atm,2024-02-23T00:00:00+00:00,Transaction 3822,ZW,392.20423076923083,1133.46,26,0.2549692026622707,0.08822543362800628
3818,CUST00377,CUST00377,ACC25604,151.12,withdraw,online,2024-02-24T12:00:00+00:00,Transaction 3818,ZW,381.3818518518519,1133.46,27,0.3962432907234996,0.1333262752986431
3850,CUST00377,CUST00377,ACC58231,100.0,deposit,online,2024-02-24T22:00:00+00:00,Transaction 3850,ZW,373.15821428571434,1133.46,28,0.26798284526957633,0.08822543362800628
3834,CUST00377,CUST00377,ACC30876,198.79,transfer,online,2024-03-03T03:00:00+00:00,Transaction 3834,ZW,363.73896551724147,1133.46,29,0.5465182970356725,0.17538333950911367
3841,CUST00377,CUST00377,ACC76802,136.67,withdraw,card,2024-03-03T14:00:00+00:00,Transaction 3841,ZW,358.24066666666675,1133.46,30,0.3815033096931112,0.12057770013939617
3828,CUST00377,CUST00377,ACC50138,123.44,deposit,mobile,2024-03-07T19:00:00+00:00,Transaction 3828,ZW,351.0932258064517,1133.46,31,0.35158752982619257,0.10890547527041095
3831,CUST00377,CUST00377,ACC61469,305.67,transfer,online,2024-03-11T19:00:00+00:00,Transaction 3831,ZW,343.9790625,1133.46,32,0.888629667685079,0.2696786829707268
3829,CUST00377,CUST00377,ACC80601,730.08,withdraw,online,2024-03-12T00:00:00+00:00,Transaction 3829,ZW,342.8181818181818,1133.46,33,2.12964200477327,0.6441162458313483
3845,CUST00377,CUST00377,ACC82098,293.33,transfer,online,2024-03-12T03:00:00+00:00,Transaction 3845,ZW,354.2082352941176,1133.46,34,0.8281286846886344,0.2587916644610308
3846,CUST00377,CUST00377,ACC77929,330.94,withdraw,card,2024-03-12T06:00:00+00:00,Transaction 3846,ZW,352.46885714285713,1133.46,35,0.9389198316203823,0.291973250048524
3826,CUST00377,CUST00377,ACC49857,100.0,withdraw,online,2024-03-12T13:00:00+00:00,Transaction 3826,ZW,351.87083333333334,1133.46,36,0.2841951947329157,0.08822543362800628
3803,CUST00377,CUST00377,ACC84029,429.67,transfer,online,2024-03-14T18:00:00+00:00,Transaction 3803,ZW,345.0635135135135,1133.46,37,1.2451910537425543,0.37907822066945457
3817,CUST00377,CUST00377,ACC10826,100.0,deposit,online,2024-03-16T03:00:00+00:00,Transaction 3817,ZW,347.29,1133.46,38,0.28794379337153386,0.08822543362800628
3815,CUST00377,CUST00377,ACC79830,882.0,transfer,branch,2024-03-16T19:00:00+00:00,Transaction 3815,ZW,340.9492307692308,1133.46,39,2.586895409648177,0.7781483245990154
3849,CUST00377,CUST00377,ACC62703,138.93,deposit,mobile,2024-03-17T10:00:00+00:00,Transaction 3849,ZW,354.4755,1133.46,40,0.39193117718996096,0.12257159493938913
3838,CUST00377,CUST00377,ACC36440,114.96,transfer,atm,2024-03-17T16:00:00+00:00,Transaction 3838,ZW,349.21829268292686,1133.46,41,0.329192377400396,0.10142395849875602
3819,CUST00377,CUST00377,ACC27379,286.25,transfer,branch,2024-03-19T19:00:00+00:00,Transaction 3819,ZW,343.6407142857143,1133.46,42,0.8329920993063769,0.252545303760168
3840,CUST00377,CUST00377,ACC27775,100.0,transfer,branch,2024-03-21T07:00:00+00:00,Transaction 3840,SG,342.3060465116279,1133.46,43,0.2921362360352085,0.08822543362800628
3804,CUST00377,CUST00377,ACC64177,200.07,deposit,online,2024-03-21T21:00:00+00:00,Transaction 3804,ZW,336.7990909090909,1133.46,44,0.594033669924611,0.17651262505955215
3811,CUST00377,CUST00377,ACC30597,439.49,deposit,online,2024-03-21T21:00:00+00:00,Transaction 3811,CA,333.7606666666667,1133.46,45,1.3167818856226317,0.3877419582517248
3848,CUST00377,CUST00377,ACC66246,484.7,transfer,branch,2024-03-23T08:00:00+00:00,Transaction 3848,ZW,336.0591304347826,1133.46,46,1.4423057018951115,0.4276286767949464
3837,CUST00377,CUST00377,ACC38290,1076.15,withdraw,online,2024-03-26T17:00:00+00:00,Transaction 3837,ZW,339.22170212765957,1133.46,47,3.1724090565261407,0.9494380039877897
3833,CUST00377,CUST00377,ACC60360,312.04,transfer,atm,2024-03-27T13:00:00+00:00,Transaction 3833,ZW,354.574375,1133.46,48,0.8800410351142832,0.2752986430928308
3823,CUST00377,CUST00377,ACC11349,490.97,deposit,mobile,2024-03-30T21:00:00+00:00,Transaction 3823,ZW,353.7063265306123,1133.46,49,1.388072429508857,0.43316041148342244
3856,CUST00378,CUST00378,ACC28972,1041.47,deposit,mobile,2024-01-03T11:00:00+00:00,Transaction 3856,ZW,1041.47,1041.47,0,1.0,1.0
3899,CUST00378,CUST00378,ACC55512,100.0,transfer,mobile,2024-01-04T02:00:00+00:00,Transaction 3899,ZW,1041.47,1041.47,1,0.09601812822260843,0.09601812822260843
3858,CUST00378,CUST00378,ACC13256,22113.08,deposit,branch,2024-01-04T10:00:00+00:00,Transaction 3858,ZW,570.735,1041.47,2,38.74491664257493,21.23256550836798
3872,CUST00378,CUST00378,ACC61419,100.0,withdraw,branch,2024-01-06T04:00:00+00:00,Transaction 3872,ZW,7751.516666666667,22113.08,3,0.01290070115310767,0.004522210384080372
3880,CUST00378,CUST00378,ACC11867,100.0,withdraw,mobile,2024-01-08T15:00:00+00:00,Transaction 3880,ZW,5838.637500000001,22113.08,4,0.017127283548601876,0.004522210384080372
3870,CUST00378,CUST00378,ACC25800,50370.92,transfer,branch,2024-01-11T20:00:00+00:00,Transaction 3870,ZW,4690.910000000001,22113.08,5,10.737984740700629,2.277878974796817
3894,CUST00378,CUST00378,ACC22062,100.0,deposit,branch,2024-01-19T02:00:00+00:00,Transaction 3894,ZW,12304.245,50370.92,6,0.008127276399323972,0.001985272454821155
3875,CUST00378,CUST00378,ACC63077,33627.98,deposit,online,2024-01-22T06:00:00+00:00,Transaction 3875,ZW,10560.781428571428,50370.92,7,3.184232173295618,0.6676070240527671
3862,CUST00378,CUST00378,ACC42377,11372.61,transfer,card,2024-01-22T10:00:00+00:00,Transaction 3862,ZW,13444.18125,50370.92,8,0.8459131715440091,0.22577729372423613
3852,CUST00378,CUST00378,ACC71049,9224.51,deposit,branch,2024-01-23T09:00:00+00:00,Transaction 3852,ZW,13214.006666666666,50370.92,9,0.69808576858596,0.1831316561222229
3867,CUST00378,CUST00378,ACC18300,5054.9,transfer,mobile,2024-01-23T17:00:00+00:00,Transaction 3867,ZW,12815.056999999999,50370.92,10,0.39445005980074843,0.10035353731875454
3879,CUST00378,CUST00378,ACC65493,31287.4,withdraw,card,2024-01-28T20:00:00+00:00,Transaction 3879,ZW,12109.588181818182,50370.92,11,2.5836881923842916,0.621140134029714
3885,CUST00378,CUST00378,ACC26169,34799.57,transfer,card,2024-01-30T04:00:00+00:00,Transaction 3885,ZW,13707.739166666666,50370.92,12,2.5386804911361813,0.6908662776062061
3869,CUST00378,CUST00378,ACC68901,37349.29,deposit,card,2024-01-31T22:00:00+00:00,Transaction 3869,ZW,15330.187692307692,50370.92,13,2.4363230737703847,0.7414851664412722
3876,CUST00378,CUST00378,ACC69662,100.0,withdraw,branch,2024-02-02T14:00:00+00:00,Transaction 3876,ZW,16902.980714285713,50370.92,14,0.005916116316424833,0.001985272454821155
3860,CUST00378,CUST00378,ACC67237,100.0,transfer,mobile,2024-02-03T11:00:00+00:00,Transaction 3860,ZW,15782.782000000001,50370.92,15,0.006336018580247766,0.001985272454821155
3890,CUST00378,CUST00378,ACC31929,25307.43,deposit,branch,2024-02-05T09:00:00+00:00,Transaction 3890,ZW,14802.608125,50370.92,16,1.7096602021949425,0.5024214368131454
3893,CUST00378,CUST00378,ACC77877,31932.21,transfer,mobile,2024-02-05T19:00:00+00:00,Transaction 3893,ZW,15420.538823529414,50370.92,17,2.070758380457904,0.6339413693456463
3897,CUST00378,CUST00378,ACC91227,17626.7,deposit,online,2024-02-13T01:00:00+00:00,Transaction 3897,ZW,16337.853888888892,50370.92,18,1.0788871120941796,0.3499380197939605
3883,CUST00378,CUST00378,ACC46413,20251.09,withdraw,mobile,2024-02-13T04:00:00+00:00,Transaction 3883,ZW,16405.687894736846,50370.92,19,1.2343944447764856,0.4020393115710414
3854,CUST00378,CUST00378,ACC32155,31789.29,deposit,mobile,2024-02-13T08:00:00+00:00,Transaction 3854,ZW,16597.958000000006,50370.92,20,1.9152530690823528,0.6311040179532159
3874,CUST00378,CUST00378,ACC30403,100.0,transfer,branch,2024-02-16T11:00:00+00:00,Transaction 3874,ZW,17321.354761904764,50370.92,21,0.005773220476953235,0.001985272454821155
3896,CUST00378,CUST00378,ACC47441,7606.07,transfer,mobile,2024-02-19T11:00:00+00:00,Transaction 3896,ZW,16538.565909090914,50370.92,22,0.4598990046542728,0.1510012126044154
3891,CUST00378,CUST00378,ACC87065,23327.34,withdraw,online,2024-02-21T11:00:00+00:00,Transaction 3891,ZW,16150.196521739133,50370.92,23,1.444399761241295,0.46311125546247717
3853,CUST00378,CUST00378,ACC50520,1747.21,transfer,branch,2024-02-22T11:00:00+00:00,Transaction 3853,ZW,16449.244166666667,50370.92,24,0.10621825430378184,0.0346868788578807
3881,CUST00378,CUST00378,ACC29514,100.0,deposit,card,2024-02-24T07:00:00+00:00,Transaction 3881,ZW,15861.162800000002,50370.92,25,0.006304708000349129,0.001985272454821155
3887,CUST00378,CUST00378,ACC35458,5665.44,transfer,branch,2024-03-02T00:00:00+00:00,Transaction 3887,ZW,15254.964230769234,50370.92,26,0.37138336834463487,0.11247441976441963
3888,CUST00378,CUST00378,ACC63450,32316.19,withdraw,mobile,2024-03-02T06:00:00+00:00,Transaction 3888,ZW,14899.796666666669,50370.92,27,2.168901410063985,0.6415644185176685
3866,CUST00378,CUST00378,ACC39443,4688.61,transfer,branch,2024-03-05T18:00:00+00:00,Transaction 3866,ZW,15521.810714285717,50370.92,28,0.302065917843256,0.09308168284399014
3882,CUST00378,CUST00378,ACC88431,18103.37,withdraw,branch,2024-03-06T11:00:00+00:00,Transaction 3882,ZW,15148.25206896552,50370.92,29,1.19507979650594,0.3594012180043565
3861,CUST00378,CUST00378,ACC86668,30057.38,withdraw,mobile,2024-03-07T08:00:00+00:00,Transaction 3861,ZW,15246.756000000001,50370.92,30,1.9713950954550594,0.5967208857809229
3892,CUST00378,CUST00378,ACC69954,26982.2,withdraw,branch,2024-03-07T12:00:00+00:00,Transaction 3892,ZW,15724.51806451613,50370.92,31,1.7159317626966195,0.5356701843047537
3857,CUST00378,CUST00378,ACC95741,100.0,transfer,mobile,2024-03-08T08:00:00+00:00,Transaction 3857,ZW,16076.320625,50370.92,32,0.006220328788696325,0.001985272454821155
3859,CUST00378,CUST00378,ACC87015,100.0,withdraw,branch,2024-03-08T08:00:00+00:00,Transaction 3859,ZW,15592.189696969697,50370.92,33,0.0064134673797250396,0.001985272454821155
3864,CUST00378,CUST00378,ACC32285,100.0,deposit,online,2024-03-09T08:00:00+00:00,Transaction 3864,ZW,15136.53705882353,50370.92,34,0.0066065309133377425,0.001985272454821155
3863,CUST00378,CUST00378,ACC17584,100.0,transfer,card,2024-03-11T08:00:00+00:00,Transaction 3863,ZW,14706.921714285714,50370.92,35,0.0067995194332790936,0.001985272454821155
3865,CUST00378,CUST00378,ACC42705,100.0,transfer,branch,2024-03-11T10:00:00+00:00,Transaction 3865,ZW,14301.173888888889,50370.92,36,0.006992432983259766,0.001985272454821155
3878,CUST00378,CUST00378,ACC16907,3182.5,deposit,online,2024-03-12T21:00:00+00:00,Transaction 3878,ZW,13917.358378378378,50370.92,37,0.2286712688913899,0.06318129587468325
3851,CUST00378,CUST00378,ACC97006,29124.82,withdraw,online,2024-03-13T10:00:00+00:00,Transaction 3851,ZW,13634.862105263159,50370.92,38,2.1360553392584443,0.5782070289762427
3886,CUST00378,CUST00378,ACC64705,100.0,withdraw,online,2024-03-14T13:00:00+00:00,Transaction 3886,ZW,14032.040512820511,50370.92,39,0.007126547269346466,0.001985272454821155
3855,CUST00378,CUST00378,ACC29869,14104.88,transfer,mobile,2024-03-15T11:00:00+00:00,Transaction 3855,ZW,13683.7395,50370.92,40,1.030776711292991,0.2800202974255781
3884,CUST00378,CUST00378,ACC38061,11084.47,transfer,online,2024-03-15T20:00:00+00:00,Transaction 3884,ZW,13694.011219512195,50370.92,41,0.809439237511801,0.22005692967291446
3889,CUST00378,CUST00378,ACC72828,43687.32,transfer,branch,2024-03-16T13:00:00+00:00,Transaction 3889,ZW,13631.879285714283,50370.92,42,3.2047907030531535,0.8673123302095733
3868,CUST00378,CUST00378,ACC36402,2375.82,deposit,atm,2024-03-18T06:00:00+00:00,Transaction 3868,ZW,14330.843023255811,50370.92,43,0.16578368740377422,0.047166500036131966
3898,CUST00378,CUST00378,ACC52383,2427.93,transfer,card,2024-03-21T01:00:00+00:00,Transaction 3898,ZW,14059.137954545451,50370.92,44,0.17269408749311171,0.04820102551233926
3873,CUST00378,CUST00378,ACC58907,18809.25,transfer,card,2024-03-21T10:00:00+00:00,Transaction 3873,ZW,13800.666666666664,50370.92,45,1.3629232887300133,0.3734148592084481
3895,CUST00378,CUST00378,ACC48138,1352.48,transfer,card,2024-03-25T20:00:00+00:00,Transaction 3895,ZW,13909.548913043476,50370.92,46,0.09723392242660951,0.026850412896965156
3900,CUST00378,CUST00378,ACC99623,11485.17,withdraw,branch,2024-03-26T17:00:00+00:00,Transaction 3900,ZW,13642.377234042551,50370.92,47,0.841874535718045,0.22801191639938284
3871,CUST00378,CUST00378,ACC31310,100.0,withdraw,branch,2024-03-28T04:00:00+00:00,Transaction 3871,ZW,13597.435416666665,50370.92,48,0.007354327999045164,0.001985272454821155
3877,CUST00378,CUST00378,ACC41521,28296.31,transfer,online,2024-03-29T12:00:00+00:00,Transaction 3877,ZW,13321.977551020405,50370.92,49,2.1240322535923073,0.5617588481608039
3932,CUST00379,CUST00379,ACC61804,508.78,transfer,branch,2024-01-03T01:00:00+00:00,Transaction 3932,ZW,508.78,508.78,0,1.0,1.0
3933,CUST00379,CUST00379,ACC42237,679.06,withdraw,atm,2024-01-04T12:00:00+00:00,Transaction 3933,ZW,508.78,508.78,1,1.3346829670977634,1.3346829670977634
3927,CUST00379,CUST00379,ACC11329,490.81,deposit,branch,2024-01-05T18:00:00+00:00,Transaction 3927,ZW,593.92,679.06,2,0.8263907596982759,0.7227785468147145
3922,CUST00379,CUST00379,ACC38659,436.93,transfer,mobile,2024-01-07T19:00:00+00:00,Transaction 3922,ZW,559.55,679.06,3,0.7808596193369672,0.6434335699349101
3908,CUST00379,CUST00379,ACC11169,618.89,transfer,branch,2024-01-10T20:00:00+00:00,Transaction 3908,ZW,528.895,679.06,4,1.170156647349663,0.9113922186551999
3944,CUST00379,CUST00379,ACC10258,1020.42,withdraw,atm,2024-01-11T07:00:00+00:00,Transaction 3944,ZW,546.894,679.06,5,1.8658460323207056,1.5026949017759845
3938,CUST00379,CUST00379,ACC87298,679.79,withdraw,online,2024-01-12T14:00:00+00:00,Transaction 3938,ZW,625.8149999999999,1020.42,6,1.0862475332166854,0.6661864722369221
3946,CUST00379,CUST00379,ACC97235,515.85,transfer,branch,2024-01-18T06:00:00+00:00,Transaction 3946,ZW,633.5257142857143,1020.42,7,0.8142526631008324,0.5055271358852238
3909,CUST00379,CUST00379,ACC48430,790.22,transfer,online,2024-01-19T18:00:00+00:00,Transaction 3909,ZW,618.81625,1020.42,8,1.2769865044752786,0.7744066168832442
3911,CUST00379,CUST00379,ACC65272,123.53,transfer,branch,2024-01-19T19:00:00+00:00,Transaction 3911,ZW,637.8611111111111,1020.42,9,0.19366284893088884,0.12105799572724957
3937,CUST00379,CUST00379,ACC37006,354.53,transfer,branch,2024-01-20T04:00:00+00:00,Transaction 3937,ZW,586.428,1020.42,10,0.6045584453675472,0.3474353697497109
3920,CUST00379,CUST00379,ACC22207,388.18,deposit,atm,2024-01-23T10:00:00+00:00,Transaction 3920,ZW,565.3463636363635,1020.42,11,0.6866233250412862,0.38041198722094827
3949,CUST00379,CUST00379,ACC65536,648.88,transfer,mobile,2024-01-23T20:00:00+00:00,Transaction 3949,ZW,550.5825,1020.42,12,1.1785336439134917,0.6358950236177261
3939,CUST00379,CUST00379,ACC59744,441.69,transfer,online,2024-01-30T07:00:00+00:00,Transaction 3939,ZW,558.1438461538462,1020.42,13,0.7913551372888433,0.43285117892632446
3921,CUST00379,CUST00379,ACC33212,792.93,transfer,online,2024-01-30T18:00:00+00:00,Transaction 3921,ZW,549.8257142857143,1020.42,14,1.442147901412915,0.7770623860763215
3913,CUST00379,CUST00379,ACC60823,460.32,deposit,atm,2024-01-31T18:00:00+00:00,Transaction 3913,ZW,566.0326666666666,1020.42,15,0.813239283009579,0.45110836714294117
3915,CUST00379,CUST00379,ACC56826,834.57,transfer,mobile,2024-02-01T21:00:00+00:00,Transaction 3915,ZW,559.4256250000001,1020.42,16,1.4918336999668185,0.8178691127182925
3934,CUST00379,CUST00379,ACC33483,303.21,transfer,branch,2024-02-02T17:00:00+00:00,Transaction 3934,KE,575.6105882352941,1020.42,17,0.5267623740723405,0.29714235314870346
3942,CUST00379,CUST00379,ACC12869,777.37,transfer,atm,2024-02-03T06:00:00+00:00,Transaction 3942,ZW,560.4772222222223,1020.42,18,1.3869787552076156,0.7618137629603497
3912,CUST00379,CUST00379,ACC15427,223.64,deposit,card,2024-02-04T21:00:00+00:00,Transaction 3912,ZW,571.8926315789474,1020.42,19,0.3910524242680812,0.2191646576899708
3950,CUST00379,CUST00379,ACC57319,562.29,transfer,branch,2024-02-05T03:00:00+00:00,Transaction 3950,ZW,554.48,1020.42,20,1.0140852690809405,0.5510378079614277
3948,CUST00379,CUST00379,ACC95671,471.21,deposit,mobile,2024-02-05T19:00:00+00:00,Transaction 3948,ZW,554.8519047619047,1020.42,21,0.8492536403965365,0.4617804433468572
3907,CUST00379,CUST00379,ACC91536,553.55,withdraw,branch,2024-02-06T21:00:00+00:00,Transaction 3907,ZW,551.05,1020.42,22,1.004536793394429,0.5424727073165951
3947,CUST00379,CUST00379,ACC45047,162.19,withdraw,card,2024-02-12T08:00:00+00:00,Transaction 3947,ZW,551.1586956521738,1020.42,23,0.2942709627543555,0.15894435624546754
3917,CUST00379,CUST00379,ACC74359,408.28,withdraw,atm,2024-02-13T01:00:00+00:00,Transaction 3917,ZW,534.9516666666667,1020.42,24,0.7632091372740838,0.40010975872679877
3919,CUST00379,CUST00379,ACC92036,294.18,transfer,online,2024-02-14T10:00:00+00:00,Transaction 3919,ZW,529.8848,1020.42,25,0.5551772762683511,0.28829305580055276
3943,CUST00379,CUST00379,ACC18118,786.01,transfer,branch,2024-02-15T05:00:00+00:00,Transaction 3943,ZW,520.8192307692308,1020.42,26,1.5091800639525008,0.770280864741969
3901,CUST00379,CUST00379,ACC54048,450.57,withdraw,online,2024-02-15T18:00:00+00:00,Transaction 3901,ZW,530.6411111111112,1020.42,27,0.8491049610848093,0.44155347797965544
3904,CUST00379,CUST00379,ACC89323,397.24,transfer,branch,2024-02-16T21:00:00+00:00,Transaction 3904,ZW,527.7814285714286,1020.42,28,0.7526600567875771,0.38929068422806296
3906,CUST00379,CUST00379,ACC31721,409.57,transfer,card,2024-02-17T20:00:00+00:00,Transaction 3906,ZW,523.28,1020.42,29,0.7826975997553891,0.4013739440622489
3936,CUST00379,CUST00379,ACC30898,458.9,withdraw,branch,2024-02-18T14:00:00+00:00,Transaction 3936,ZW,519.4896666666667,1020.42,30,0.88336694538037,0.4497167832853139
3923,CUST00379,CUST00379,ACC55964,487.54,transfer,atm,2024-02-23T00:00:00+00:00,Transaction 3923,ZW,517.5351612903225,1020.42,31,0.9420422735809131,0.4777836577095706
3902,CUST00379,CUST00379,ACC80250,464.76,deposit,online,2024-02-26T18:00:00+00:00,Transaction 3902,ZW,516.5978125,1020.42,32,0.8996553774605849,0.45545951666960666
3924,CUST00379,CUST00379,ACC91249,628.13,transfer,branch,2024-03-02T22:00:00+00:00,Transaction 3924,ZW,515.0269696969697,1020.42,33,1.2196060341647306,0.6155602595009898
3930,CUST00379,CUST00379,ACC81428,687.28,withdraw,card,2024-03-06T16:00:00+00:00,Transaction 3930,ZW,518.3535294117647,1020.42,34,1.3258904608596676,0.6735265870915897
3929,CUST00379,CUST00379,ACC16112,194.49,withdraw,card,2024-03-09T02:00:00+00:00,Transaction 3929,ZW,523.18,1020.42,35,0.3717458618448718,0.1905979890633269
3925,CUST00379,CUST00379,ACC82221,641.23,transfer,branch,2024-03-09T19:00:00+00:00,Transaction 3925,ZW,514.0497222222223,1020.42,36,1.2474085137678532,0.6283981105819173
3903,CUST00379,CUST00379,ACC96413,100.0,withdraw,atm,2024-03-11T21:00:00+00:00,Transaction 3903,ZW,517.487027027027,1020.42,37,0.19324155926091893,0.09799886321318674
3935,CUST00379,CUST00379,ACC17779,686.15,transfer,card,2024-03-12T05:00:00+00:00,Transaction 3935,ZW,506.5005263157895,1020.42,38,1.3546876347611214,0.6724191999372807
3931,CUST00379,CUST00379,ACC48040,617.76,transfer,mobile,2024-03-12T10:00:00+00:00,Transaction 3931,ZW,511.1069230769231,1020.42,39,1.20867077338928,0.6053977773857824
3941,CUST00379,CUST00379,ACC80136,427.06,withdraw,atm,2024-03-12T18:00:00+00:00,Transaction 3941,ZW,513.77325,1020.42,40,0.8312227232538869,0.41851394523823526
3914,CUST00379,CUST00379,ACC47042,555.76,withdraw,branch,2024-03-17T19:00:00+00:00,Transaction 3914,ZW,511.65829268292686,1020.42,41,1.086193672511046,0.5446384821936066
3926,CUST00379,CUST00379,ACC29009,598.54,withdraw,branch,2024-03-20T07:00:00+00:00,Transaction 3926,ZW,512.7083333333334,1020.42,42,1.1674083705810645,0.5865623958762078
3928,CUST00379,CUST00379,ACC44469,373.31,deposit,mobile,2024-03-20T12:00:00+00:00,Transaction 3928,ZW,514.7044186046512,1020.42,43,0.7252900626189156,0.3658395562611474
3916,CUST00379,CUST00379,ACC94991,742.89,transfer,atm,2024-03-21T05:00:00+00:00,Transaction 3916,ZW,511.49090909090916,1020.42,44,1.4524011801507177,0.7280237549244429
3940,CUST00379,CUST00379,ACC79920,100.0,deposit,branch,2024-03-22T15:00:00+00:00,Transaction 3940,ZW,516.6331111111111,1020.42,45,0.19356095815255098,0.09799886321318674
3910,CUST00379,CUST00379,ACC20780,777.83,deposit,online,2024-03-23T20:00:00+00:00,Transaction 3910,ZW,507.57586956521743,1020.42,46,1.5324408559183056,0.7622645577311304
3918,CUST00379,CUST00379,ACC69676,536.67,transfer,online,2024-03-24T18:00:00+00:00,Transaction 3918,ZW,513.3259574468086,1020.42,47,1.045476060998942,0.5259304992062092
3905,CUST00379,CUST00379,ACC87530,604.94,transfer,card,2024-03-24T20:00:00+00:00,Transaction 3905,ZW,513.8122916666666,1020.42,48,1.1773560302299115,0.5928343231218519
3945,CUST00379,CUST00379,ACC17130,496.31,deposit,branch,2024-03-29T22:00:00+00:00,Transaction 3945,ZW,515.6720408163264,1020.42,49,0.9624528008428076,0.4863781580133671
3976,CUST00380,CUST00380,ACC58379,344.64,withdraw,mobile,2024-01-03T04:00:00+00:00,Transaction 3976,US,344.64,344.64,0,1.0,1.0
3987,CUST00380,CUST00380,ACC34548,100.0,transfer,mobile,2024-01-03T13:00:00+00:00,Transaction 3987,ZW,344.64,344.64,1,0.2901578458681523,0.2901578458681523
4000,CUST00380,CUST00380,ACC18450,388.51,transfer,card,2024-01-04T20:00:00+00:00,Transaction 4000,ZW,222.32,344.64,2,1.7475260885210508,1.1272922469823585
3978,CUST00380,CUST00380,ACC96118,100.0,deposit,card,2024-01-05T02:00:00+00:00,Transaction 3978,ZW,277.71666666666664,388.51,3,0.36007921742783416,0.2573936320815423
3993,CUST00380,CUST00380,ACC76501,100.0,deposit,branch,2024-01-05T08:00:00+00:00,Transaction 3993,ZW,233.2875,388.51,4,0.4286556287842255,0.2573936320815423
3964,CUST00380,CUST00380,ACC37019,145.66,deposit,online,2024-01-05T20:00:00+00:00,Transaction 3964,ZW,206.63000000000002,388.51,5,0.7049315201084062,0.37491956448997454
3953,CUST00380,CUST00380,ACC10284,392.52,transfer,card,2024-01-08T20:00:00+00:00,Transaction 3953,ZW,196.46833333333336,388.51,6,1.997879217176644,1.0103214846464699
3979,CUST00380,CUST00380,ACC56546,137.67,withdraw,mobile,2024-01-10T12:00:00+00:00,Transaction 3979,ZW,224.4757142857143,392.52,7,0.6132957430966123,0.3507337205747478
3983,CUST00380,CUST00380,ACC73612,236.63,deposit,atm,2024-01-12T10:00:00+00:00,Transaction 3983,ZW,213.625,392.52,8,1.1076887068461088,0.6028482625089168
3984,CUST00380,CUST00380,ACC63037,208.86,withdraw,branch,2024-01-13T05:00:00+00:00,Transaction 3984,ZW,216.18111111111114,392.52,9,0.9661343626486022,0.5321002751452156
3977,CUST00380,CUST00380,ACC61375,100.0,deposit,online,2024-01-15T01:00:00+00:00,Transaction 3977,ZW,215.449,392.52,10,0.4641469674957878,0.25476408845409154
3999,CUST00380,CUST00380,ACC21655,792.33,withdraw,branch,2024-01-15T15:00:00+00:00,Transaction 3999,ZW,204.95363636363638,392.52,11,3.865898717670072,2.0185723020483035
3968,CUST00380,CUST00380,ACC93895,352.47,transfer,card,2024-01-17T07:00:00+00:00,Transaction 3968,ZW,253.90166666666667,792.33,12,1.388214597514786,0.44485252356972477
3989,CUST00380,CUST00380,ACC56087,100.0,transfer,mobile,2024-01-17T15:00:00+00:00,Transaction 3989,ZW,261.4838461538462,792.33,13,0.3824328021439771,0.1262100387464819
3995,CUST00380,CUST00380,ACC39808,617.2,deposit,card,2024-01-20T01:00:00+00:00,Transaction 3995,ZW,249.9492857142857,792.33,14,2.4693009153285383,0.7789683591432863
3955,CUST00380,CUST00380,ACC34179,100.0,transfer,mobile,2024-01-20T19:00:00+00:00,Transaction 3955,ZW,274.43266666666665,792.33,15,0.36438810734387794,0.1262100387464819
3951,CUST00380,CUST00380,ACC32442,232.36,deposit,card,2024-01-26T20:00:00+00:00,Transaction 3951,ZW,263.530625,792.33,16,0.881719155031792,0.2932616460313253
3960,CUST00380,CUST00380,ACC43239,602.71,transfer,atm,2024-01-27T19:00:00+00:00,Transaction 3960,ZW,261.6970588235294,792.33,17,2.303082819155512,0.760680524528921
3961,CUST00380,CUST00380,ACC57354,396.63,withdraw,card,2024-01-27T20:00:00+00:00,Transaction 3961,ZW,280.6422222222222,792.33,18,1.4132941111260682,0.5005868766801711
3962,CUST00380,CUST00380,ACC81033,154.16,withdraw,online,2024-01-28T19:00:00+00:00,Transaction 3962,ZW,286.7468421052631,792.33,19,0.5376170801679091,0.19456539573157647
3957,CUST00380,CUST00380,ACC36264,247.6,transfer,branch,2024-01-29T19:00:00+00:00,Transaction 3957,ZW,280.11749999999995,792.33,20,0.8839147857595475,0.31249605593628915
3982,CUST00380,CUST00380,ACC23424,170.55,transfer,card,2024-01-31T17:00:00+00:00,Transaction 3982,ZW,278.56904761904764,792.33,21,0.6122360020171113,0.21525122108212488
3985,CUST00380,CUST00380,ACC31229,100.0,deposit,mobile,2024-02-02T09:00:00+00:00,Transaction 3985,ZW,273.65909090909093,792.33,22,0.36541815463831906,0.1262100387464819
3996,CUST00380,CUST00380,ACC20702,175.97,transfer,card,2024-02-02T13:00:00+00:00,Transaction 3996,ZW,266.10869565217394,792.33,23,0.6612711379789232,0.2220918051821842
3988,CUST00380,CUST00380,ACC46958,251.92,withdraw,card,2024-02-06T20:00:00+00:00,Transaction 3988,ZW,262.35291666666666,792.33,24,0.960233273564394,0.31794832961013714
3975,CUST00380,CUST00380,ACC40907,100.0,transfer,card,2024-02-11T12:00:00+00:00,Transaction 3975,ZW,261.9356,792.33,25,0.38177322975571093,0.1262100387464819
3980,CUST00380,CUST00380,ACC85437,100.0,withdraw,online,2024-02-11T17:00:00+00:00,Transaction 3980,ZW,255.7073076923077,792.33,26,0.3910721242285726,0.1262100387464819
3991,CUST00380,CUST00380,ACC45906,100.0,transfer,online,2024-02-12T08:00:00+00:00,Transaction 3991,ZW,249.94037037037037,792.33,27,0.40009543016927,0.1262100387464819
3959,CUST00380,CUST00380,ACC33387,217.71,deposit,online,2024-02-14T21:00:00+00:00,Transaction 3959,ZW,244.58535714285716,792.33,28,0.8901186994315452,0.2747718753549657
3992,CUST00380,CUST00380,ACC45604,366.93,transfer,branch,2024-02-18T02:00:00+00:00,Transaction 3992,ZW,243.65862068965518,792.33,29,1.5059183991169103,0.463102495172466
3952,CUST00380,CUST00380,ACC12789,724.8,transfer,online,2024-02-18T20:00:00+00:00,Transaction 3952,ZW,247.76766666666668,792.33,30,2.925321167814471,0.9147703608345007
3981,CUST00380,CUST00380,ACC14941,100.0,withdraw,card,2024-02-22T21:00:00+00:00,Transaction 3981,ZW,263.15580645161293,792.33,31,0.3800030155078004,0.1262100387464819
3969,CUST00380,CUST00380,ACC97173,310.08,deposit,mobile,2024-02-24T07:00:00+00:00,Transaction 3969,ZW,258.0571875,792.33,32,1.2015941233956136,0.39135208814509104
3974,CUST00380,CUST00380,ACC89160,228.41,withdraw,mobile,2024-02-25T22:00:00+00:00,Transaction 3974,ZW,259.63363636363636,792.33,33,0.8797396331193955,0.2882763495008393
3994,CUST00380,CUST00380,ACC26566,186.79,withdraw,branch,2024-02-29T19:00:00+00:00,Transaction 3994,ZW,258.71529411764703,792.33,34,0.721990559688597,0.23574773137455352
3958,CUST00380,CUST00380,ACC86383,100.0,withdraw,mobile,2024-03-01T19:00:00+00:00,Transaction 3958,ZW,256.66028571428575,792.33,35,0.38962007589799075,0.1262100387464819
3973,CUST00380,CUST00380,ACC51625,402.44,deposit,mobile,2024-03-03T12:00:00+00:00,Transaction 3973,ZW,252.30861111111113,792.33,36,1.5950307769035055,0.5079196799313417
3986,CUST00380,CUST00380,ACC96774,100.0,deposit,card,2024-03-05T00:00:00+00:00,Transaction 3986,ZW,256.36621621621623,792.33,37,0.3900669966422611,0.1262100387464819
3966,CUST00380,CUST00380,ACC34466,793.8,deposit,branch,2024-03-05T22:00:00+00:00,Transaction 3966,ZW,252.25131578947372,792.33,38,3.146861682428238,1.0018552875695732
3970,CUST00380,CUST00380,ACC17204,100.0,withdraw,card,2024-03-07T04:00:00+00:00,Transaction 3970,ZW,266.1371794871795,793.8,39,0.3757460727309514,0.12597631645250693
3998,CUST00380,CUST00380,ACC68302,100.0,transfer,mobile,2024-03-12T08:00:00+00:00,Transaction 3998,ZW,261.98375,793.8,40,0.3817030636442146,0.12597631645250693
3971,CUST00380,CUST00380,ACC41673,469.36,transfer,mobile,2024-03-16T16:00:00+00:00,Transaction 3971,ZW,258.03292682926826,793.8,41,1.8189926602295985,0.5912824389014866
3954,CUST00380,CUST00380,ACC19442,100.0,withdraw,mobile,2024-03-16T20:00:00+00:00,Transaction 3954,ZW,263.0645238095238,793.8,42,0.3801348754741504,0.12597631645250693
3972,CUST00380,CUST00380,ACC54939,732.4,withdraw,card,2024-03-17T16:00:00+00:00,Transaction 3972,ZW,259.2723255813953,793.8,43,2.824829060940683,0.9226505416981607
3956,CUST00380,CUST00380,ACC66939,100.0,deposit,branch,2024-03-20T18:00:00+00:00,Transaction 3956,ZW,270.02522727272725,793.8,44,0.3703357682910099,0.12597631645250693
3967,CUST00380,CUST00380,ACC62720,115.31,deposit,card,2024-03-23T16:00:00+00:00,Transaction 3967,ZW,266.24688888888886,793.8,45,0.4330942625516334,0.14526329050138576
3963,CUST00380,CUST00380,ACC32239,100.0,transfer,online,2024-03-23T20:00:00+00:00,Transaction 3963,ZW,262.965652173913,793.8,46,0.3802778012006859,0.12597631645250693
3997,CUST00380,CUST00380,ACC40900,100.0,transfer,online,2024-03-26T21:00:00+00:00,Transaction 3997,ZW,259.4982978723404,793.8,47,0.38535898238991445,0.12597631645250693
3990,CUST00380,CUST00380,ACC32873,183.52,withdraw,card,2024-03-29T02:00:00+00:00,Transaction 3990,ZW,256.17541666666665,793.8,48,0.7163841183043521,0.23119173595364073
3965,CUST00380,CUST00380,ACC31067,401.65,withdraw,branch,2024-03-29T21:00:00+00:00,Transaction 3965,ZW,254.69265306122446,793.8,49,1.5769987676222803,0.5059838750314941
4038,CUST00381,CUST00381,ACC21371,1176.89,withdraw,online,2024-01-03T10:00:00+00:00,Transaction 4038,ZW,1176.89,1176.89,0,1.0,1.0
4009,CUST00381,CUST00381,ACC82701,923.35,deposit,mobile,2024-01-04T06:00:00+00:00,Transaction 4009,ZW,1176.89,1176.89,1,0.7845678015787372,0.7845678015787372
4020,CUST00381,CUST00381,ACC92931,512.32,transfer,mobile,2024-01-08T03:00:00+00:00,Transaction 4020,ZW,1050.1200000000001,1176.89,2,0.48786805317487525,0.43531680955739277
4023,CUST00381,CUST00381,ACC69881,902.38,deposit,online,2024-01-09T00:00:00+00:00,Transaction 4023,ZW,870.8533333333335,1176.89,3,1.0362020393789997,0.7667496537484386
4032,CUST00381,CUST00381,ACC81216,100.0,withdraw,card,2024-01-10T19:00:00+00:00,Transaction 4032,ZW,878.7350000000001,1176.89,4,0.11379995106602102,0.0849697082989914
4035,CUST00381,CUST00381,ACC58310,1713.36,transfer,card,2024-01-11T10:00:00+00:00,Transaction 4035,ZW,722.988,1176.89,5,2.3698318644292846,1.455836994111599
4030,CUST00381,CUST00381,ACC91534,956.72,deposit,online,2024-01-12T02:00:00+00:00,Transaction 4030,ZW,888.0500000000001,1713.36,6,1.0773267270986993,0.5583881962926648
4015,CUST00381,CUST00381,ACC14896,785.76,deposit,online,2024-01-14T08:00:00+00:00,Transaction 4015,ZW,897.86,1713.36,7,0.8751475731183035,0.4586076481299902
4042,CUST00381,CUST00381,ACC59786,942.83,deposit,mobile,2024-01-15T00:00:00+00:00,Transaction 4042,ZW,883.8475000000001,1713.36,8,1.0667337974028324,0.5502813185786992
4001,CUST00381,CUST00381,ACC17660,844.69,transfer,mobile,2024-01-18T10:00:00+00:00,Transaction 4001,ZW,890.4011111111112,1713.36,9,0.9486623381971421,0.4930020544427325
4016,CUST00381,CUST00381,ACC27023,692.22,transfer,online,2024-01-19T02:00:00+00:00,Transaction 4016,ZW,885.8300000000002,1713.36,10,0.7814366187643226,0.40401316711023955
4041,CUST00381,CUST00381,ACC29422,736.31,transfer,card,2024-01-21T21:00:00+00:00,Transaction 4041,ZW,868.2290909090909,1713.36,11,0.8480595820960534,0.4297462296306672
4014,CUST00381,CUST00381,ACC40993,1056.68,withdraw,online,2024-01-25T14:00:00+00:00,Transaction 4014,ZW,857.2358333333333,1713.36,12,1.232659624004674,0.6167297007050475
4036,CUST00381,CUST00381,ACC74457,810.97,withdraw,branch,2024-01-26T12:00:00+00:00,Transaction 4036,ZW,872.5776923076924,1713.36,13,0.9293957514032253,0.4733214269038615
4037,CUST00381,CUST00381,ACC83686,1024.02,withdraw,mobile,2024-01-27T20:00:00+00:00,Transaction 4037,ZW,868.1771428571428,1713.36,14,1.179505828303638,0.5976677405799132
4017,CUST00381,CUST00381,ACC84152,1132.92,transfer,card,2024-01-31T21:00:00+00:00,Transaction 4017,ZW,878.5666666666667,1713.36,15,1.2895094282353834,0.6612270626138116
4027,CUST00381,CUST00381,ACC74962,1175.91,deposit,mobile,2024-02-06T00:00:00+00:00,Transaction 4027,ZW,894.46375,1713.36,16,1.3146536122900454,0.6863181117803615
4040,CUST00381,CUST00381,ACC86907,1346.73,deposit,card,2024-02-06T10:00:00+00:00,Transaction 4040,ZW,911.0194117647059,1713.36,17,1.4782670737951604,0.7860169491525424
4031,CUST00381,CUST00381,ACC95580,1677.71,withdraw,branch,2024-02-06T16:00:00+00:00,Transaction 4031,JP,935.2255555555556,1713.36,18,1.7939094906398099,0.9791929308493253
4028,CUST00381,CUST00381,ACC55167,342.78,transfer,atm,2024-02-08T11:00:00+00:00,Transaction 4028,ZW,974.3036842105263,1713.36,19,0.35182049042311997,0.20006303403838072
4046,CUST00381,CUST00381,ACC97471,856.07,withdraw,mobile,2024-02-08T17:00:00+00:00,Transaction 4046,ZW,942.7275,1713.36,20,0.9080778910130447,0.4996439744128497
4019,CUST00381,CUST00381,ACC94373,1101.8,deposit,mobile,2024-02-09T20:00:00+00:00,Transaction 4019,ZW,938.6009523809523,1713.36,21,1.1738747944001762,0.643063921184106
4013,CUST00381,CUST00381,ACC15664,1339.76,deposit,mobile,2024-02-11T01:00:00+00:00,Transaction 4013,CH,946.0190909090908,1713.36,22,1.416208206445959,0.7819489190829715
4008,CUST00381,CUST00381,ACC86290,715.61,withdraw,branch,2024-02-11T16:00:00+00:00,Transaction 4008,ZW,963.1382608695651,1713.36,23,0.7429982060456354,0.41766470560769486
4034,CUST00381,CUST00381,ACC29080,381.33,withdraw,online,2024-02-12T14:00:00+00:00,Transaction 4034,ZW,952.8245833333334,1713.36,24,0.4002100771434406,0.2225626838492786
4047,CUST00381,CUST00381,ACC65223,1117.47,transfer,branch,2024-02-14T07:00:00+00:00,Transaction 4047,DE,929.9648000000001,1713.36,25,1.2016261260641263,0.6522096932343466
4005,CUST00381,CUST00381,ACC36500,911.3,withdraw,mobile,2024-02-16T19:00:00+00:00,Transaction 4005,ZW,937.1765384615386,1713.36,26,0.9723888324135628,0.5318788812625485
4003,CUST00381,CUST00381,ACC92752,1119.48,deposit,branch,2024-02-18T09:00:00+00:00,Transaction 4003,ZW,936.2181481481483,1713.36,27,1.1957469551453856,0.6533828267264323
4043,CUST00381,CUST00381,ACC87556,868.85,transfer,branch,2024-02-20T12:00:00+00:00,Transaction 4043,ZW,942.7632142857144,1713.36,28,0.9215993866055595,0.5071030022879022
4004,CUST00381,CUST00381,ACC91894,892.97,transfer,branch,2024-02-22T10:00:00+00:00,Transaction 4004,ZW,940.2144827586208,1713.36,29,0.9497513773453012,0.5211806041929309
4029,CUST00381,CUST00381,ACC13484,1505.66,transfer,card,2024-02-24T18:00:00+00:00,Transaction 4029,ZW,938.6396666666667,1713.36,30,1.604087333477987,0.8787762058178084
4011,CUST00381,CUST00381,ACC56782,690.63,transfer,online,2024-02-26T21:00:00+00:00,Transaction 4011,ZW,956.9306451612904,1713.36,31,0.721713745392274,0.4030851659896344
4022,CUST00381,CUST00381,ACC83491,789.47,transfer,online,2024-02-28T07:00:00+00:00,Transaction 4022,ZW,948.6087500000001,1713.36,32,0.8322398459849754,0.4607729840780689
4021,CUST00381,CUST00381,ACC94402,100.0,withdraw,branch,2024-02-28T08:00:00+00:00,Transaction 4021,ZW,943.7863636363637,1713.36,33,0.10595618230242783,0.0583648503525237
4012,CUST00381,CUST00381,ACC21293,833.37,withdraw,mobile,2024-02-28T16:00:00+00:00,Transaction 4012,ZW,918.969117647059,1713.36,34,0.9068531074621657,0.48639515338282674
4039,CUST00381,CUST00381,ACC89442,880.52,deposit,mobile,2024-03-01T14:00:00+00:00,Transaction 4039,ZW,916.5234285714287,1713.36,35,0.9607173941777498,0.5139141803240417
4025,CUST00381,CUST00381,ACC67831,587.53,deposit,mobile,2024-03-02T07:00:00+00:00,Transaction 4025,ZW,915.5233333333334,1713.36,36,0.6417422457829218,0.34291100527618246
4018,CUST00381,CUST00381,ACC40426,1776.8,withdraw,card,2024-03-03T07:00:00+00:00,Transaction 4018,ZW,906.6586486486488,1713.36,37,1.9597232129735644,1.0370266610636412
4049,CUST00381,CUST00381,ACC76004,177.4,deposit,mobile,2024-03-06T17:00:00+00:00,Transaction 4049,ZW,929.5571052631581,1776.8,38,0.19084357377891054,0.09984241332733004
4044,CUST00381,CUST00381,ACC91902,428.16,deposit,card,2024-03-08T00:00:00+00:00,Transaction 4044,ZW,910.2710256410259,1776.8,39,0.4703654054005329,0.24097253489419182
4006,CUST00381,CUST00381,ACC80631,286.88,withdraw,mobile,2024-03-08T07:00:00+00:00,Transaction 4006,ZW,898.2182499999999,1776.8,40,0.31938785478918963,0.1614588023412877
4033,CUST00381,CUST00381,ACC88651,1311.53,deposit,mobile,2024-03-08T14:00:00+00:00,Transaction 4033,ZW,883.3075609756096,1776.8,41,1.4847942641308542,0.7381416028815849
4002,CUST00381,CUST00381,ACC57378,1451.81,transfer,online,2024-03-09T17:00:00+00:00,Transaction 4002,ZW,893.5033333333331,1776.8,42,1.624851240995184,0.8170925258892391
4010,CUST00381,CUST00381,ACC45874,1475.72,deposit,mobile,2024-03-13T04:00:00+00:00,Transaction 4010,ZW,906.4872093023254,1776.8,43,1.6279545754824083,0.830549302116164
4045,CUST00381,CUST00381,ACC87092,164.74,transfer,mobile,2024-03-13T13:00:00+00:00,Transaction 4045,ZW,919.424318181818,1776.8,44,0.179177336015842,0.09271724448446646
4026,CUST00381,CUST00381,ACC64478,1095.69,deposit,card,2024-03-16T12:00:00+00:00,Transaction 4026,ZW,902.6535555555553,1776.8,45,1.2138544109823362,0.6166647906348492
4024,CUST00381,CUST00381,ACC68968,1392.93,deposit,card,2024-03-21T20:00:00+00:00,Transaction 4024,CH,906.8499999999998,1776.8,46,1.5360092628328834,0.7839542998649258
4048,CUST00381,CUST00381,ACC66379,769.87,deposit,online,2024-03-23T19:00:00+00:00,Transaction 4048,ZW,917.1921276595743,1776.8,47,0.8393770255796891,0.43329018460153085
4050,CUST00381,CUST00381,ACC55980,477.33,transfer,card,2024-03-24T09:00:00+00:00,Transaction 4050,ZW,914.1229166666666,1776.8,48,0.5221726655104278,0.2686458802341288
4007,CUST00381,CUST00381,ACC21717,1353.23,transfer,online,2024-03-29T20:00:00+00:00,Transaction 4007,ZW,905.208775510204,1776.8,49,1.4949368992112093,0.7616107609185052
4057,CUST00382,CUST00382,ACC24450,713.66,deposit,online,2024-01-02T13:00:00+00:00,Transaction 4057,ZW,713.66,713.66,0,1.0,1.0
4088,CUST00382,CUST00382,ACC96161,100.0,transfer,branch,2024-01-02T15:00:00+00:00,Transaction 4088,ZW,713.66,713.66,1,0.1401227475268335,0.1401227475268335
4098,CUST00382,CUST00382,ACC31420,3528.74,transfer,branch,2024-01-04T13:00:00+00:00,Transaction 4098,ZW,406.83,713.66,2,8.673745790625077,4.944567441078385
4058,CUST00382,CUST00382,ACC70946,2986.96,deposit,online,2024-01-06T16:00:00+00:00,Transaction 4058,NG,1447.4666666666665,3528.74,3,2.0635777450257926,0.8464664441131963
4079,CUST00382,CUST00382,ACC91467,3753.01,deposit,mobile,2024-01-07T19:00:00+00:00,Transaction 4079,ZW,1832.34,3528.74,4,2.048206118951723,1.0635552633517915
4067,CUST00382,CUST00382,ACC68553,1556.1,deposit,mobile,2024-01-10T02:00:00+00:00,Transaction 4067,ZW,2216.4739999999997,3753.01,5,0.702061021243651,0.41462719257342767
4069,CUST00382,CUST00382,ACC94618,3403.45,withdraw,online,2024-01-10T17:00:00+00:00,Transaction 4069,ZW,2106.4116666666664,3753.01,6,1.6157572870766794,0.9068587613675422
4075,CUST00382,CUST00382,ACC73042,2045.78,transfer,card,2024-01-13T03:00:00+00:00,Transaction 4075,ZW,2291.702857142857,3753.01,7,0.8926899024555666,0.5451037966858601
4094,CUST00382,CUST00382,ACC67730,1613.04,deposit,online,2024-01-14T19:00:00+00:00,Transaction 4094,ZW,2260.9625,3753.01,8,0.7134306738833571,0.42979901465756815
4062,CUST00382,CUST00382,ACC50099,6219.8,transfer,card,2024-01-20T13:00:00+00:00,Transaction 4062,DE,2188.9711111111114,3753.01,9,2.84142626114552,1.6572830874418134
4092,CUST00382,CUST00382,ACC30830,100.0,deposit,card,2024-01-25T11:00:00+00:00,Transaction 4092,ZW,2592.054,6219.8,10,0.038579443175180764,0.016077687385446477
4054,CUST00382,CUST00382,ACC29889,2702.16,withdraw,card,2024-01-27T16:00:00+00:00,Transaction 4054,ZW,2365.5036363636364,6219.8,11,1.142319106367508,0.4344448374545805
4073,CUST00382,CUST00382,ACC53141,3040.95,deposit,branch,2024-01-28T12:00:00+00:00,Transaction 4073,ZW,2393.5583333333334,6219.8,12,1.2704724834364456,0.4889144345477346
4085,CUST00382,CUST00382,ACC24520,760.37,withdraw,online,2024-01-29T06:00:00+00:00,Transaction 4085,ZW,2443.3576923076926,6219.8,13,0.3111988074418399,0.12224991157271937
4086,CUST00382,CUST00382,ACC72907,3851.75,transfer,online,2024-01-31T05:00:00+00:00,Transaction 4086,ZW,2323.1442857142856,6219.8,14,1.6579900024658698,0.6192723238689347
4081,CUST00382,CUST00382,ACC62626,100.0,deposit,card,2024-02-02T03:00:00+00:00,Transaction 4081,ZW,2425.051333333334,6219.8,15,0.041236240497452004,0.016077687385446477
4060,CUST00382,CUST00382,ACC95592,637.04,withdraw,branch,2024-02-03T16:00:00+00:00,Transaction 4060,ZW,2279.7356250000003,6219.8,16,0.27943591046878513,0.10242129972024823
4090,CUST00382,CUST00382,ACC17646,100.0,withdraw,online,2024-02-03T21:00:00+00:00,Transaction 4090,ZW,2183.1064705882354,6219.8,17,0.04580628629306161,0.016077687385446477
4071,CUST00382,CUST00382,ACC74684,640.11,deposit,branch,2024-02-04T08:00:00+00:00,Transaction 4071,ZW,2067.3783333333336,6219.8,18,0.3096240246302281,0.10291488472298145
4100,CUST00382,CUST00382,ACC52205,100.0,withdraw,branch,2024-02-05T05:00:00+00:00,Transaction 4100,ZW,1992.2589473684213,6219.8,19,0.05019427827496531,0.016077687385446477
4061,CUST00382,CUST00382,ACC52815,4905.22,deposit,online,2024-02-05T13:00:00+00:00,Transaction 4061,ZW,1897.6460000000002,6219.8,20,2.584897288535375,0.7886459371683977
4063,CUST00382,CUST00382,ACC39924,6629.37,deposit,mobile,2024-02-05T16:00:00+00:00,Transaction 4063,ZW,2040.8638095238098,6219.8,21,3.2483157225208554,1.065849384224573
4087,CUST00382,CUST00382,ACC97445,2987.57,transfer,card,2024-02-10T18:00:00+00:00,Transaction 4087,ZW,2249.4322727272734,6629.37,22,1.3281440104786033,0.4506566989020073
4093,CUST00382,CUST00382,ACC82641,5573.6,transfer,card,2024-02-11T11:00:00+00:00,Transaction 4093,CA,2281.5252173913045,6629.37,23,2.442927195156253,0.8407435397330365
4068,CUST00382,CUST00382,ACC84398,2244.8,withdraw,card,2024-02-15T18:00:00+00:00,Transaction 4068,ZW,2418.695,6629.37,24,0.9281037915074039,0.3386143781384959
4091,CUST00382,CUST00382,ACC17385,1670.69,transfer,online,2024-02-18T01:00:00+00:00,Transaction 4091,ZW,2411.7392,6629.37,25,0.6927324480192552,0.2520133889042247
4080,CUST00382,CUST00382,ACC94224,1806.4,deposit,mobile,2024-02-20T02:00:00+00:00,Transaction 4080,ZW,2383.2373076923077,6629.37,26,0.7579606085258627,0.2724844140544275
4097,CUST00382,CUST00382,ACC50838,4313.29,transfer,branch,2024-02-20T15:00:00+00:00,Transaction 4097,KE,2361.8729629629634,6629.37,27,1.826215917467885,0.650633468941996
4072,CUST00382,CUST00382,ACC21313,1783.94,deposit,online,2024-02-20T21:00:00+00:00,Transaction 4072,ZW,2431.566428571429,6629.37,28,0.7336587555405936,0.2690964601462884
4078,CUST00382,CUST00382,ACC62220,2872.93,withdraw,card,2024-02-28T06:00:00+00:00,Transaction 4078,ZW,2409.2344827586207,6629.37,29,1.1924659141979566,0.43336395464425725
4064,CUST00382,CUST00382,ACC58082,746.72,deposit,online,2024-02-29T14:00:00+00:00,Transaction 4064,ZW,2424.691,6629.37,30,0.3079650149235511,0.11263815415341126
4053,CUST00382,CUST00382,ACC16170,100.0,deposit,branch,2024-03-01T16:00:00+00:00,Transaction 4053,ZW,2370.562903225806,6629.37,31,0.04218407360712612,0.015084389617716314
4084,CUST00382,CUST00382,ACC64819,3081.87,withdraw,online,2024-03-02T09:00:00+00:00,Transaction 4084,ZW,2299.6078125,6629.37,32,1.3401719994374042,0.46488127831151377
4099,CUST00382,CUST00382,ACC91061,4214.81,deposit,online,2024-03-06T11:00:00+00:00,Transaction 4099,ZW,2323.312727272727,6629.37,33,1.8141380411356203,0.6357783620464691
4065,CUST00382,CUST00382,ACC92216,1119.68,withdraw,atm,2024-03-07T13:00:00+00:00,Transaction 4065,ZW,2378.9449999999997,6629.37,34,0.4706624154824934,0.16889689367164604
4055,CUST00382,CUST00382,ACC35514,100.0,transfer,mobile,2024-03-07T16:00:00+00:00,Transaction 4055,ZW,2342.9659999999994,6629.37,35,0.04268094372688294,0.015084389617716314
4051,CUST00382,CUST00382,ACC63137,2319.67,transfer,online,2024-03-08T16:00:00+00:00,Transaction 4051,ZW,2280.6613888888883,6629.37,36,1.0171040783612846,0.34990806064528
4076,CUST00382,CUST00382,ACC53504,3137.52,deposit,online,2024-03-09T00:00:00+00:00,Transaction 4076,ZW,2281.7156756756754,6629.37,37,1.3750705372486425,0.4732757411337729
4070,CUST00382,CUST00382,ACC27041,211.15,transfer,card,2024-03-10T16:00:00+00:00,Transaction 4070,ZW,2304.236842105263,6629.37,38,0.0916355455054191,0.031850688677808
4056,CUST00382,CUST00382,ACC72957,830.25,transfer,branch,2024-03-14T14:00:00+00:00,Transaction 4056,ZW,2250.567948717948,6629.37,39,0.368906879915782,0.1252381448010897
4074,CUST00382,CUST00382,ACC27483,5130.96,deposit,mobile,2024-03-15T21:00:00+00:00,Transaction 4074,ZW,2215.0600000000004,6629.37,40,2.316397749948082,0.773973997529177
4059,CUST00382,CUST00382,ACC61351,5878.39,deposit,card,2024-03-18T16:00:00+00:00,Transaction 4059,ZW,2286.1795121951222,6629.37,41,2.571272277020689,0.886719250848874
4052,CUST00382,CUST00382,ACC12675,2028.31,transfer,online,2024-03-19T14:00:00+00:00,Transaction 4052,ZW,2371.7083333333335,6629.37,42,0.8552105549797087,0.30595818305510175
4096,CUST00382,CUST00382,ACC20484,100.0,deposit,mobile,2024-03-21T05:00:00+00:00,Transaction 4096,US,2363.7223255813956,6629.37,43,0.042306153695698324,0.015084389617716314
4095,CUST00382,CUST00382,ACC14721,961.37,withdraw,card,2024-03-21T09:00:00+00:00,Transaction 4095,ZW,2312.2740909090912,6629.37,44,0.41576818413513805,0.14501679646783933
4083,CUST00382,CUST00382,ACC82086,3116.37,withdraw,online,2024-03-22T00:00:00+00:00,Transaction 4083,KE,2282.2540000000004,6629.37,45,1.3654790395810454,0.4700853927296259
4066,CUST00382,CUST00382,ACC65963,100.0,deposit,card,2024-03-25T22:00:00+00:00,Transaction 4066,ZW,2300.386956521739,6629.37,46,0.043470947231940185,0.015084389617716314
4082,CUST00382,CUST00382,ACC35307,100.0,transfer,card,2024-03-26T03:00:00+00:00,Transaction 4082,ZW,2253.5702127659574,6629.37,47,0.04437403344857994,0.015084389617716314
4077,CUST00382,CUST00382,ACC18494,7229.16,transfer,online,2024-03-29T15:00:00+00:00,Transaction 4077,ZW,2208.7041666666664,6629.37,48,3.273032264393338,1.0904746604881006
4089,CUST00382,CUST00382,ACC31630,100.0,deposit,online,2024-03-29T16:00:00+00:00,Transaction 4089,ZW,2311.1624489795918,7229.16,49,0.043268269629489396,0.013832865782469886
4117,CUST00383,CUST00383,ACC67511,1887.7,transfer,atm,2024-01-01T01:00:00+00:00,Transaction 4117,ZW,1887.7,1887.7,0,1.0,1.0
4150,CUST00383,CUST00383,ACC90863,13392.61,withdraw,mobile,2024-01-04T01:00:00+00:00,Transaction 4150,ZW,1887.7,1887.7,1,7.0946707633628225,7.0946707633628225
4145,CUST00383,CUST00383,ACC74970,7718.12,transfer,card,2024-01-04T03:00:00+00:00,Transaction 4145,CA,7640.155000000001,13392.61,2,1.0102046359007113,0.5762969279326434
4122,CUST00383,CUST00383,ACC41552,3963.66,deposit,online,2024-01-05T11:00:00+00:00,Transaction 4122,ZW,7666.143333333333,13392.61,3,0.5170344236541363,0.2959587414253084
4116,CUST00383,CUST00383,ACC45864,3500.55,withdraw,atm,2024-01-08T02:00:00+00:00,Transaction 4116,ZW,6740.5225,13392.61,4,0.5193291766328204,0.2613792233179343
4120,CUST00383,CUST00383,ACC60850,5914.0,deposit,online,2024-01-08T11:00:00+00:00,Transaction 4120,ZW,6092.528,13392.61,5,0.9706972212519991,0.4415868154153671
4101,CUST00383,CUST00383,ACC43537,8054.1,transfer,card,2024-01-08T15:00:00+00:00,Transaction 4101,ZW,6062.7733333333335,13392.61,6,1.3284514457629952,0.6013838975375225
4131,CUST00383,CUST00383,ACC38279,5033.56,deposit,atm,2024-01-10T00:00:00+00:00,Transaction 4131,ZW,6347.248571428571,13392.61,7,0.7930302308716893,0.375846082279705
4114,CUST00383,CUST00383,ACC76420,3706.05,deposit,atm,2024-01-13T14:00:00+00:00,Transaction 4114,ZW,6183.0375,13392.61,8,0.5993898629920973,0.2767235064711061
4123,CUST00383,CUST00383,ACC68796,100.0,transfer,mobile,2024-01-15T14:00:00+00:00,Transaction 4123,CH,5907.8166666666675,13392.61,9,0.016926727019852227,0.007466804454098193
4121,CUST00383,CUST00383,ACC24206,3684.69,deposit,mobile,2024-01-17T12:00:00+00:00,Transaction 4121,LR,5327.035000000001,13392.61,10,0.6916962250107235,0.2751285970397107
4109,CUST00383,CUST00383,ACC81004,4089.27,transfer,atm,2024-01-18T16:00:00+00:00,Transaction 4109,ZW,5177.73090909091,13392.61,11,0.7897803249721181,0.3053377945001012
4134,CUST00383,CUST00383,ACC70560,2857.55,transfer,atm,2024-01-23T11:00:00+00:00,Transaction 4134,DE,5087.025833333334,13392.61,12,0.5617329444791824,0.2133676706780829
4108,CUST00383,CUST00383,ACC33869,16409.26,transfer,online,2024-01-25T13:00:00+00:00,Transaction 4108,ZW,4915.527692307693,13392.61,13,3.338249935134908,1.225247356564553
4139,CUST00383,CUST00383,ACC36170,6864.8,withdraw,online,2024-01-26T08:00:00+00:00,Transaction 4139,ZW,5736.508571428572,16409.26,14,1.196686087804528,0.41834915163755104
4102,CUST00383,CUST00383,ACC61115,12914.33,transfer,mobile,2024-01-31T15:00:00+00:00,Transaction 4102,ZW,5811.728000000001,16409.26,15,2.2221153502022113,0.7870147709281223
4107,CUST00383,CUST00383,ACC69083,100.0,withdraw,atm,2024-02-01T13:00:00+00:00,Transaction 4107,ZW,6255.640625,16409.26,16,0.015985573020349135,0.006094120027350412
4136,CUST00383,CUST00383,ACC79497,8625.79,transfer,online,2024-02-02T01:00:00+00:00,Transaction 4136,ZW,5893.544117647059,16409.26,17,1.4635998013778788,0.5256659959071891
4113,CUST00383,CUST00383,ACC60449,3104.45,withdraw,mobile,2024-02-02T15:00:00+00:00,Transaction 4113,ZW,6045.335555555556,16409.26,18,0.5135281526510245,0.18918890918907982
4133,CUST00383,CUST00383,ACC70859,10189.32,transfer,atm,2024-02-03T05:00:00+00:00,Transaction 4133,ZW,5890.552105263158,16409.26,19,1.7297733417714662,0.6209493907708209
4142,CUST00383,CUST00383,ACC55350,697.79,deposit,atm,2024-02-05T07:00:00+00:00,Transaction 4142,CD,6105.4905,16409.26,20,0.11428893387025989,0.04252416013884843
4115,CUST00383,CUST00383,ACC18887,10000.22,transfer,online,2024-02-06T14:00:00+00:00,Transaction 4115,ZW,5847.980952380952,16409.26,21,1.710029509574326,0.6094254097991013
4141,CUST00383,CUST00383,ACC44681,7648.14,transfer,atm,2024-02-08T22:00:00+00:00,Transaction 4141,ZW,6036.71909090909,16409.26,22,1.2669365403332427,0.4660868314597978
4147,CUST00383,CUST00383,ACC25286,100.0,transfer,mobile,2024-02-10T00:00:00+00:00,Transaction 4147,ZW,6106.7808695652175,16409.26,23,0.016375239612473547,0.006094120027350412
4140,CUST00383,CUST00383,ACC39718,8687.26,withdraw,atm,2024-02-12T18:00:00+00:00,Transaction 4140,ZW,5856.498333333333,16409.26,24,1.4833539609419624,0.5294120514880013
4127,CUST00383,CUST00383,ACC93996,12173.77,transfer,mobile,2024-02-13T05:00:00+00:00,Transaction 4127,ZW,5969.7288,16409.26,25,2.0392500912269247,0.7418841556535762
4104,CUST00383,CUST00383,ACC61028,5916.7,withdraw,card,2024-02-14T15:00:00+00:00,Transaction 4104,ZW,6208.345769230769,16409.26,26,0.9530235943564552,0.3605707996582418
4149,CUST00383,CUST00383,ACC65536,11167.29,transfer,mobile,2024-02-16T18:00:00+00:00,Transaction 4149,ZW,6197.544074074074,16409.26,27,1.8018895656935554,0.6805480564022998
4124,CUST00383,CUST00383,ACC77036,100.0,deposit,online,2024-02-20T11:00:00+00:00,Transaction 4124,ZW,6375.035000000001,16409.26,28,0.015686188389553938,0.006094120027350412
4148,CUST00383,CUST00383,ACC26154,5375.7,deposit,atm,2024-02-23T17:00:00+00:00,Transaction 4148,CH,6158.654482758621,16409.26,29,0.8728692306167636,0.32760161031027607
4126,CUST00383,CUST00383,ACC95051,2967.21,transfer,mobile,2024-02-25T07:00:00+00:00,Transaction 4126,ZW,6132.5560000000005,16409.26,30,0.48384556129613815,0.18082533886354413
4110,CUST00383,CUST00383,ACC30607,100.0,transfer,mobile,2024-03-01T13:00:00+00:00,Transaction 4110,NL,6030.448064516129,16409.26,31,0.01658251574844195,0.006094120027350412
4130,CUST00383,CUST00383,ACC49751,100.0,withdraw,card,2024-03-01T18:00:00+00:00,Transaction 4130,SG,5845.1215624999995,16409.26,32,0.017108284050337062,0.006094120027350412
4103,CUST00383,CUST00383,ACC34670,11065.22,transfer,online,2024-03-02T14:00:00+00:00,Transaction 4103,ZW,5671.026969696969,16409.26,33,1.9511845136915773,0.6743277880903832
4112,CUST00383,CUST00383,ACC99544,874.29,transfer,atm,2024-03-02T16:00:00+00:00,Transaction 4112,ZW,5829.679705882352,16409.26,34,0.14997221873404307,0.05328028198712191
4111,CUST00383,CUST00383,ACC51821,293.18,deposit,atm,2024-03-03T16:00:00+00:00,Transaction 4111,ZW,5688.097142857143,16409.26,35,0.05154272028707567,0.017866741096185936
4135,CUST00383,CUST00383,ACC94382,9522.04,deposit,online,2024-03-04T06:00:00+00:00,Transaction 4135,LR,5538.238333333333,16409.26,36,1.7193265126726522,0.5802845466523171
4143,CUST00383,CUST00383,ACC56208,11343.1,transfer,atm,2024-03-04T17:00:00+00:00,Transaction 4143,JP,5645.9086486486485,16409.26,37,2.0090831619663168,0.6912621288223845
4129,CUST00383,CUST00383,ACC46173,3854.18,withdraw,branch,2024-03-09T15:00:00+00:00,Transaction 4129,ZW,5795.8347368421055,16409.26,38,0.6649913558611874,0.23487835527013406
4144,CUST00383,CUST00383,ACC57633,1997.69,transfer,card,2024-03-11T08:00:00+00:00,Transaction 4144,KE,5746.048717948718,16409.26,39,0.3476632548832888,0.12174162637437644
4146,CUST00383,CUST00383,ACC48260,918.93,withdraw,branch,2024-03-12T01:00:00+00:00,Transaction 4146,ZW,5652.339749999999,16409.26,40,0.16257515305940343,0.05600069716733113
4118,CUST00383,CUST00383,ACC30681,100.0,transfer,mobile,2024-03-15T14:00:00+00:00,Transaction 4118,ZW,5536.890731707316,16409.26,41,0.018060677886840782,0.006094120027350412
4128,CUST00383,CUST00383,ACC25005,5895.27,withdraw,online,2024-03-16T02:00:00+00:00,Transaction 4128,ZW,5407.440952380952,16409.26,42,1.0902144012139887,0.35926482973638063
4106,CUST00383,CUST00383,ACC35187,100.0,withdraw,mobile,2024-03-16T14:00:00+00:00,Transaction 4106,NL,5418.785813953487,16409.26,43,0.018454318630291292,0.006094120027350412
4137,CUST00383,CUST00383,ACC50112,5314.67,transfer,atm,2024-03-17T17:00:00+00:00,Transaction 4137,ZW,5297.904318181817,16409.26,44,1.0031645875069215,0.3238823688575841
4138,CUST00383,CUST00383,ACC35417,6898.14,withdraw,online,2024-03-18T21:00:00+00:00,Transaction 4138,GB,5298.276888888888,16409.26,45,1.301959135896845,0.4203809312546697
4105,CUST00383,CUST00383,ACC72109,100.0,transfer,online,2024-03-19T15:00:00+00:00,Transaction 4105,ZW,5333.0565217391295,16409.26,46,0.018750973216272913,0.006094120027350412
4132,CUST00383,CUST00383,ACC71085,4768.11,deposit,atm,2024-03-21T18:00:00+00:00,Transaction 4132,ZW,5221.714893617021,16409.26,47,0.9131310493088193,0.2905743464360977
4125,CUST00383,CUST00383,ACC22062,11748.84,transfer,online,2024-03-23T10:00:00+00:00,Transaction 4125,KE,5212.2647916666665,16409.26,48,2.2540758134130034,0.715988411421356
4119,CUST00383,CUST00383,ACC43634,12189.59,transfer,atm,2024-03-29T04:00:00+00:00,Transaction 4119,ZW,5345.664285714285,16409.26,49,2.280276004719446,0.742848245441903
4171,CUST00384,CUST00384,ACC21160,351.21,transfer,online,2024-01-03T01:00:00+00:00,Transaction 4171,ZW,351.21,351.21,0,1.0,1.0
4181,CUST00384,CUST00384,ACC97659,310.17,transfer,mobile,2024-01-03T04:00:00+00:00,Transaction 4181,ZW,351.21,351.21,1,0.8831468352267875,0.8831468352267875
4158,CUST00384,CUST00384,ACC30838,100.0,transfer,online,2024-01-03T13:00:00+00:00,Transaction 4158,ZW,330.69,351.21,2,0.3023980162690133,0.2847299336579255
4163,CUST00384,CUST00384,ACC95824,264.28,deposit,mobile,2024-01-03T13:00:00+00:00,Transaction 4163,ZW,253.79333333333332,351.21,3,1.041319708949539,0.7524842686711654
4182,CUST00384,CUST00384,ACC96757,176.16,transfer,online,2024-01-03T16:00:00+00:00,Transaction 4182,ZW,256.41499999999996,351.21,4,0.6870112902911297,0.5015802511318015
4160,CUST00384,CUST00384,ACC38819,161.61,withdraw,mobile,2024-01-09T16:00:00+00:00,Transaction 4160,ZW,240.36399999999998,351.21,5,0.6723552611871996,0.4601520457845734
4156,CUST00384,CUST00384,ACC99232,184.14,withdraw,mobile,2024-01-10T13:00:00+00:00,Transaction 4156,ZW,227.23833333333332,351.21,6,0.8103386312461952,0.5243016998377039
4174,CUST00384,CUST00384,ACC27602,105.35,transfer,mobile,2024-01-12T06:00:00+00:00,Transaction 4174,ZW,221.08142857142852,351.21,7,0.47652125590441796,0.29996298510862446
4188,CUST00384,CUST00384,ACC99289,336.65,deposit,mobile,2024-01-15T10:00:00+00:00,Transaction 4188,ZW,206.61499999999998,351.21,8,1.6293589526413863,0.958543321659406
4152,CUST00384,CUST00384,ACC72142,483.07,transfer,branch,2024-01-16T14:00:00+00:00,Transaction 4152,ZW,221.0633333333333,351.21,9,2.1852108747116215,1.3754448905213406
4200,CUST00384,CUST00384,ACC53945,213.27,transfer,branch,2024-01-16T21:00:00+00:00,Transaction 4200,ZW,247.26399999999998,483.07,10,0.8625194124498513,0.4414888111453827
4170,CUST00384,CUST00384,ACC99022,100.0,transfer,mobile,2024-01-16T22:00:00+00:00,Transaction 4170,ZW,244.17363636363635,483.07,11,0.40954462360987526,0.20700933612105907
4157,CUST00384,CUST00384,ACC28749,100.0,withdraw,online,2024-01-20T15:00:00+00:00,Transaction 4157,ZW,232.15916666666666,483.07,12,0.43073896859553973,0.20700933612105907
4190,CUST00384,CUST00384,ACC55699,151.37,transfer,online,2024-01-21T02:00:00+00:00,Transaction 4190,ZW,221.9930769230769,483.07,13,0.6818681109251502,0.31335003208644713
4153,CUST00384,CUST00384,ACC96376,440.82,withdraw,online,2024-01-21T13:00:00+00:00,Transaction 4153,ZW,216.9485714285714,483.07,14,2.03191013011642,0.9125385554888525
4151,CUST00384,CUST00384,ACC37116,301.93,withdraw,mobile,2024-01-24T15:00:00+00:00,Transaction 4151,ZW,231.87333333333333,483.07,15,1.3021333486673758,0.6250232885503136
4193,CUST00384,CUST00384,ACC77971,338.71,withdraw,mobile,2024-01-25T08:00:00+00:00,Transaction 4193,ZW,236.25187499999998,483.07,16,1.4336817432665878,0.7011613223756391
4194,CUST00384,CUST00384,ACC68505,309.28,withdraw,mobile,2024-01-26T17:00:00+00:00,Transaction 4194,ZW,242.27882352941174,483.07,17,1.2765457397165152,0.6402384747552115
4168,CUST00384,CUST00384,ACC73230,335.27,withdraw,branch,2024-01-29T08:00:00+00:00,Transaction 4168,ZW,246.00111111111107,483.07,18,1.3628800231254603,0.6940402012130746
4155,CUST00384,CUST00384,ACC52731,117.12,withdraw,online,2024-01-29T15:00:00+00:00,Transaction 4155,ZW,250.6994736842105,483.07,19,0.4671728994035636,0.24244933446498437
4169,CUST00384,CUST00384,ACC60227,100.0,transfer,online,2024-02-03T06:00:00+00:00,Transaction 4169,ZW,244.02049999999994,483.07,20,0.40980163551832743,0.20700933612105907
4187,CUST00384,CUST00384,ACC96921,389.74,withdraw,online,2024-02-03T18:00:00+00:00,Transaction 4187,ZW,237.16238095238091,483.07,21,1.643346632104586,0.8067981865982156
4196,CUST00384,CUST00384,ACC78133,103.1,withdraw,mobile,2024-02-06T01:00:00+00:00,Transaction 4196,ZW,244.0977272727272,483.07,22,0.4223718145675634,0.21342662554081188
4192,CUST00384,CUST00384,ACC70313,192.56,withdraw,online,2024-02-06T17:00:00+00:00,Transaction 4192,ZW,237.96739130434779,483.07,23,0.809186497967387,0.39861717763471133
4180,CUST00384,CUST00384,ACC70667,100.0,withdraw,mobile,2024-02-08T05:00:00+00:00,Transaction 4180,ZW,236.07541666666668,483.07,24,0.42359344912730923,0.20700933612105907
4164,CUST00384,CUST00384,ACC33757,119.55,transfer,online,2024-02-08T16:00:00+00:00,Transaction 4164,ZW,230.63240000000002,483.07,25,0.5183573513521951,0.24747966133272611
4172,CUST00384,CUST00384,ACC75990,117.95,withdraw,online,2024-02-14T06:00:00+00:00,Transaction 4172,ZW,226.36,483.07,26,0.5210726276727337,0.24416751195478917
4183,CUST00384,CUST00384,ACC28248,100.65,transfer,mobile,2024-02-15T22:00:00+00:00,Transaction 4183,ZW,222.34481481481484,483.07,27,0.4526752741404325,0.20835489680584596
4173,CUST00384,CUST00384,ACC48566,437.47,transfer,mobile,2024-02-18T14:00:00+00:00,Transaction 4173,ZW,217.99857142857144,483.07,28,2.006756269700326,0.9056037427287972
4186,CUST00384,CUST00384,ACC27942,100.0,transfer,online,2024-02-22T10:00:00+00:00,Transaction 4186,ZW,225.56655172413795,483.07,29,0.44332814078878774,0.20700933612105907
4165,CUST00384,CUST00384,ACC65506,191.03,withdraw,branch,2024-02-23T13:00:00+00:00,Transaction 4165,ZW,221.381,483.07,30,0.8629015136800358,0.39544993479205914
4176,CUST00384,CUST00384,ACC66569,311.26,transfer,online,2024-02-23T22:00:00+00:00,Transaction 4176,ZW,220.40193548387097,483.07,31,1.412238051887607,0.6443372596104084
4162,CUST00384,CUST00384,ACC35222,100.0,withdraw,online,2024-02-24T14:00:00+00:00,Transaction 4162,ZW,223.24124999999998,483.07,32,0.4479458881367131,0.20700933612105907
4179,CUST00384,CUST00384,ACC95647,100.0,transfer,mobile,2024-02-26T03:00:00+00:00,Transaction 4179,ZW,219.50666666666666,483.07,33,0.4555670290955476,0.20700933612105907
4185,CUST00384,CUST00384,ACC15380,100.0,deposit,mobile,2024-02-26T04:00:00+00:00,Transaction 4185,ZW,215.99176470588233,483.07,34,0.4629806147293198,0.20700933612105907
4195,CUST00384,CUST00384,ACC68995,582.27,deposit,branch,2024-02-28T12:00:00+00:00,Transaction 4195,ZW,212.67771428571427,483.07,35,2.737804484854347,1.2053532614320905
4161,CUST00384,CUST00384,ACC58978,582.55,withdraw,online,2024-02-28T13:00:00+00:00,Transaction 4161,ZW,222.94416666666666,582.27,36,2.6129860615325957,1.0004808765692892
4159,CUST00384,CUST00384,ACC69640,446.19,withdraw,online,2024-03-01T16:00:00+00:00,Transaction 4159,ZW,232.66324324324322,582.55,37,1.9177502805353757,0.7659256716161703
4175,CUST00384,CUST00384,ACC49196,100.0,withdraw,online,2024-03-02T15:00:00+00:00,Transaction 4175,ZW,238.2823684210526,582.55,38,0.4196701613410892,0.17165908505707667
4184,CUST00384,CUST00384,ACC69292,100.0,deposit,branch,2024-03-04T16:00:00+00:00,Transaction 4184,ZW,234.73666666666665,582.55,39,0.42600928700245666,0.17165908505707667
4191,CUST00384,CUST00384,ACC40465,107.07,deposit,mobile,2024-03-05T01:00:00+00:00,Transaction 4191,ZW,231.36825,582.55,40,0.46276876797054045,0.18379538237061196
4178,CUST00384,CUST00384,ACC25575,672.82,transfer,mobile,2024-03-05T06:00:00+00:00,Transaction 4178,ZW,228.33658536585364,582.55,41,2.9466149672071613,1.1549566560810232
4166,CUST00384,CUST00384,ACC48686,252.88,deposit,online,2024-03-06T13:00:00+00:00,Transaction 4166,ZW,238.91952380952378,672.82,42,1.0584317094219813,0.3758508962278172
4167,CUST00384,CUST00384,ACC77495,251.11,deposit,card,2024-03-10T00:00:00+00:00,Transaction 4167,NG,239.24418604651157,672.82,43,1.0495970838396116,0.37322017775928185
4198,CUST00384,CUST00384,ACC14210,100.0,deposit,mobile,2024-03-14T20:00:00+00:00,Transaction 4198,ZW,239.5138636363636,672.82,44,0.41751236643162626,0.14862816206414792
4189,CUST00384,CUST00384,ACC36236,290.29,withdraw,mobile,2024-03-15T22:00:00+00:00,Transaction 4189,ZW,236.41355555555552,672.82,45,1.2278906736876343,0.43145269165601496
4199,CUST00384,CUST00384,ACC27336,280.23,deposit,online,2024-03-17T07:00:00+00:00,Transaction 4199,ZW,237.58478260869563,672.82,46,1.1794947341452482,0.4165006985523617
4197,CUST00384,CUST00384,ACC10171,267.58,deposit,online,2024-03-29T06:00:00+00:00,Transaction 4197,ZW,238.49212765957446,672.82,47,1.1219657547017476,0.39769923605124696
4154,CUST00384,CUST00384,ACC11421,194.7,transfer,branch,2024-03-29T14:00:00+00:00,Transaction 4154,ZW,239.09812499999998,672.82,48,0.8143100243885225,0.28937903153889594
4177,CUST00384,CUST00384,ACC75692,100.0,withdraw,online,2024-03-29T19:00:00+00:00,Transaction 4177,ZW,238.19204081632654,672.82,49,0.4198293093979219,0.14862816206414792
4226,CUST00385,CUST00385,ACC97643,843.82,transfer,mobile,2024-01-01T13:00:00+00:00,Transaction 4226,ZW,843.82,843.82,0,1.0,1.0
4241,CUST00385,CUST00385,ACC37792,830.04,transfer,mobile,2024-01-03T15:00:00+00:00,Transaction 4241,ZW,843.82,843.82,1,0.9836695029745679,0.9836695029745679
4217,CUST00385,CUST00385,ACC76228,593.4,transfer,card,2024-01-05T21:00:00+00:00,Transaction 4217,ZW,836.9300000000001,843.82,2,0.7090198702400439,0.7032305467990803
4212,CUST00385,CUST00385,ACC59058,224.99,withdraw,online,2024-01-08T14:00:00+00:00,Transaction 4212,ZW,755.7533333333334,843.82,3,0.2977029542266877,0.2666326941764831
4248,CUST00385,CUST00385,ACC76623,502.02,transfer,mobile,2024-01-09T02:00:00+00:00,Transaction 4248,ZW,623.0625,843.82,4,0.8057297622630153,0.5949373089047426
4227,CUST00385,CUST00385,ACC40577,769.37,transfer,branch,2024-01-10T06:00:00+00:00,Transaction 4227,ZW,598.854,843.82,5,1.2847371813497113,0.9117702827617263
4246,CUST00385,CUST00385,ACC66688,696.57,transfer,branch,2024-01-10T14:00:00+00:00,Transaction 4246,ZW,627.2733333333333,843.82,6,1.1104728401228598,0.825495958853784
4223,CUST00385,CUST00385,ACC63966,484.31,transfer,mobile,2024-01-12T11:00:00+00:00,Transaction 4223,ZW,637.1728571428572,843.82,7,0.7600920136047405,0.5739494204925221
4221,CUST00385,CUST00385,ACC39784,667.94,transfer,branch,2024-01-13T08:00:00+00:00,Transaction 4221,ZW,618.065,843.82,8,1.0806953961152954,0.791566921855372
4209,CUST00385,CUST00385,ACC14820,675.37,transfer,online,2024-01-13T16:00:00+00:00,Transaction 4209,ZW,623.6066666666668,843.82,9,1.0830063822281137,0.8003721172761963
4219,CUST00385,CUST00385,ACC12598,681.74,deposit,online,2024-01-18T15:00:00+00:00,Transaction 4219,ZW,628.7830000000001,843.82,10,1.0842214245614146,0.8079211206181413
4245,CUST00385,CUST00385,ACC69330,628.96,transfer,mobile,2024-01-19T17:00:00+00:00,Transaction 4245,ZW,633.5972727272728,843.82,11,0.9926810405806958,0.745372235784883
4231,CUST00385,CUST00385,ACC53364,733.42,transfer,mobile,2024-01-25T08:00:00+00:00,Transaction 4231,ZW,633.2108333333334,843.82,12,1.1582556099666643,0.8691664098978454
4233,CUST00385,CUST00385,ACC28658,474.31,deposit,online,2024-01-25T21:00:00+00:00,Transaction 4233,ZW,640.9192307692308,843.82,13,0.7400464477103199,0.5620985518238486
4242,CUST00385,CUST00385,ACC30927,425.4,transfer,online,2024-01-27T08:00:00+00:00,Transaction 4242,ZW,629.0185714285715,843.82,14,0.6762916379938816,0.504135953165367
4205,CUST00385,CUST00385,ACC60704,660.84,withdraw,online,2024-01-27T14:00:00+00:00,Transaction 4205,ZW,615.444,843.82,15,1.0737613820266345,0.7831528051006139
4240,CUST00385,CUST00385,ACC94132,615.38,withdraw,card,2024-01-28T04:00:00+00:00,Transaction 4240,ZW,618.28125,843.82,16,0.9953075562294668,0.7292787561328244
4250,CUST00385,CUST00385,ACC68802,673.47,transfer,mobile,2024-01-28T11:00:00+00:00,Transaction 4250,ZW,618.110588235294,843.82,17,1.0895623094287337,0.7981204522291484
4201,CUST00385,CUST00385,ACC13005,677.66,withdraw,mobile,2024-01-29T16:00:00+00:00,Transaction 4201,ZW,621.186111111111,843.82,18,1.0909129935115172,0.8030859662013224
4228,CUST00385,CUST00385,ACC52975,731.21,withdraw,mobile,2024-01-29T16:00:00+00:00,Transaction 4228,ZW,624.1584210526315,843.82,19,1.1715134737216684,0.8665473679220687
4249,CUST00385,CUST00385,ACC32147,882.88,transfer,card,2024-01-31T13:00:00+00:00,Transaction 4249,ZW,629.5109999999999,843.82,20,1.4024854212237756,1.0462894930198383
4214,CUST00385,CUST00385,ACC92132,672.81,transfer,card,2024-02-05T13:00:00+00:00,Transaction 4214,ZW,641.5761904761903,882.88,21,1.0486829311739692,0.7620627944907574
4211,CUST00385,CUST00385,ACC43595,559.38,transfer,online,2024-02-06T15:00:00+00:00,Transaction 4211,ZW,642.9959090909089,882.88,22,0.8699588785733829,0.6335855382384922
4224,CUST00385,CUST00385,ACC76687,356.43,transfer,mobile,2024-02-07T06:00:00+00:00,Transaction 4224,ZW,639.3604347826085,882.88,23,0.5574789752531234,0.403712848858282
4203,CUST00385,CUST00385,ACC12873,427.42,withdraw,online,2024-02-08T14:00:00+00:00,Transaction 4203,ZW,627.5716666666667,882.88,24,0.6810696255142175,0.4841201522290685
4243,CUST00385,CUST00385,ACC92321,631.81,transfer,online,2024-02-08T14:00:00+00:00,Transaction 4243,ZW,619.5656,882.88,25,1.0197628790236255,0.7156238673432402
4238,CUST00385,CUST00385,ACC32152,686.08,deposit,online,2024-02-12T18:00:00+00:00,Transaction 4238,ZW,620.0365384615385,882.88,26,1.1065154348844206,0.7770931496919175
4230,CUST00385,CUST00385,ACC18276,500.47,withdraw,online,2024-02-14T05:00:00+00:00,Transaction 4230,ZW,622.4825925925927,882.88,27,0.8039903540363763,0.5668607285248278
4239,CUST00385,CUST00385,ACC10936,912.33,transfer,mobile,2024-02-14T19:00:00+00:00,Transaction 4239,ZW,618.1250000000001,882.88,28,1.475963599595551,1.0333567415730338
4244,CUST00385,CUST00385,ACC14783,736.88,transfer,online,2024-02-17T05:00:00+00:00,Transaction 4244,ZW,628.2700000000002,912.33,29,1.172871536123004,0.8076901998180482
4216,CUST00385,CUST00385,ACC53081,629.69,transfer,branch,2024-02-19T05:00:00+00:00,Transaction 4216,ZW,631.8903333333335,912.33,30,0.9965178556827633,0.690199818048294
4210,CUST00385,CUST00385,ACC20408,653.3,transfer,online,2024-02-19T16:00:00+00:00,Transaction 4210,ZW,631.8193548387098,912.33,31,1.0339980803006164,0.7160786119057796
4204,CUST00385,CUST00385,ACC19688,678.46,deposit,online,2024-02-22T16:00:00+00:00,Transaction 4204,ZW,632.490625,912.33,32,1.0726799310266457,0.7436563524163405
4222,CUST00385,CUST00385,ACC47850,774.17,transfer,branch,2024-02-25T05:00:00+00:00,Transaction 4222,ZW,633.8836363636364,912.33,33,1.2213124863754747,0.8485635680071903
4202,CUST00385,CUST00385,ACC63097,806.04,transfer,card,2024-02-25T13:00:00+00:00,Transaction 4202,ZW,638.0097058823529,912.33,34,1.2633663603679273,0.883496103383644
4235,CUST00385,CUST00385,ACC75479,657.79,transfer,online,2024-02-25T13:00:00+00:00,Transaction 4235,ZW,642.8105714285714,912.33,35,1.0233030215077803,0.7210000767266229
4247,CUST00385,CUST00385,ACC24007,416.83,transfer,mobile,2024-03-05T16:00:00+00:00,Transaction 4247,ZW,643.2266666666667,912.33,36,0.6480297251357737,0.45688511832341366
4225,CUST00385,CUST00385,ACC60296,1078.81,transfer,online,2024-03-05T17:00:00+00:00,Transaction 4225,ZW,637.1078378378379,912.33,37,1.6932926200706824,1.1824778314864137
4220,CUST00385,CUST00385,ACC82551,626.86,transfer,online,2024-03-10T02:00:00+00:00,Transaction 4220,ZW,648.7315789473685,1078.81,38,0.9662856262017377,0.581066174766641
4215,CUST00385,CUST00385,ACC18213,542.87,transfer,online,2024-03-13T15:00:00+00:00,Transaction 4215,ZW,648.1707692307693,1078.81,39,0.8375416260197335,0.50321187234082
4229,CUST00385,CUST00385,ACC74335,469.2,deposit,mobile,2024-03-19T21:00:00+00:00,Transaction 4229,ZW,645.53825,1078.81,40,0.726835319208428,0.4349236658911208
4236,CUST00385,CUST00385,ACC44033,663.11,deposit,atm,2024-03-20T17:00:00+00:00,Transaction 4236,ZW,641.2373170731707,1078.81,41,1.0341101217044943,0.6146680138300535
4208,CUST00385,CUST00385,ACC84561,752.0,deposit,card,2024-03-21T16:00:00+00:00,Transaction 4208,ZW,641.7580952380953,1078.81,42,1.1717810894477372,0.6970643579499635
4218,CUST00385,CUST00385,ACC74619,713.11,transfer,online,2024-03-22T09:00:00+00:00,Transaction 4218,ZW,644.3218604651163,1078.81,43,1.1067605241349838,0.6610153780554501
4237,CUST00385,CUST00385,ACC12817,352.74,transfer,branch,2024-03-24T01:00:00+00:00,Transaction 4237,ZW,645.8852272727273,1078.81,44,0.5461341815936197,0.32697138513732726
4213,CUST00385,CUST00385,ACC11053,674.24,withdraw,mobile,2024-03-25T14:00:00+00:00,Transaction 4213,ZW,639.3708888888889,1078.81,45,1.0545365948263727,0.6249849371066268
4234,CUST00385,CUST00385,ACC28991,639.61,transfer,online,2024-03-26T03:00:00+00:00,Transaction 4234,ZW,640.1289130434783,1078.81,46,0.9991893616537157,0.5928847526441172
4207,CUST00385,CUST00385,ACC43805,332.74,transfer,online,2024-03-26T13:00:00+00:00,Transaction 4207,ZW,640.1178723404256,1078.81,47,0.5198105136221587,0.30843243944716864
4206,CUST00385,CUST00385,ACC29409,712.94,deposit,online,2024-03-26T14:00:00+00:00,Transaction 4206,ZW,633.7141666666666,1078.81,48,1.1250182456075757,0.6608577970170837
4232,CUST00385,CUST00385,ACC18402,411.24,transfer,mobile,2024-03-29T06:00:00+00:00,Transaction 4232,ZW,635.3310204081632,1078.81,49,0.6472846229604879,0.3811978012810412
4271,CUST00386,CUST00386,ACC20795,127.84,transfer,mobile,2024-01-03T17:00:00+00:00,Transaction 4271,ZW,127.84,127.84,0,1.0,1.0
4256,CUST00386,CUST00386,ACC95292,789.26,transfer,mobile,2024-01-07T16:00:00+00:00,Transaction 4256,DE,127.84,127.84,1,6.173811013767208,6.173811013767208
4278,CUST00386,CUST00386,ACC17950,1093.71,withdraw,mobile,2024-01-09T02:00:00+00:00,Transaction 4278,ZW,458.55,789.26,2,2.3851488387307818,1.3857410739173404
4281,CUST00386,CUST00386,ACC38617,167.31,deposit,online,2024-01-10T19:00:00+00:00,Transaction 4281,ZW,670.27,1093.71,3,0.24961582645799454,0.15297473736182352
4252,CUST00386,CUST00386,ACC13367,696.55,deposit,mobile,2024-01-11T14:00:00+00:00,Transaction 4252,ZW,544.53,1093.71,4,1.2791765375645052,0.6368690054950581
4260,CUST00386,CUST00386,ACC65502,1302.17,transfer,online,2024-01-14T16:00:00+00:00,Transaction 4260,ZW,574.934,1093.71,5,2.26490344978728,1.1905989704766347
4265,CUST00386,CUST00386,ACC96384,325.42,withdraw,branch,2024-01-18T15:00:00+00:00,Transaction 4265,ZW,696.14,1302.17,6,0.46746344126181516,0.24990592626154803
4273,CUST00386,CUST00386,ACC47865,539.05,transfer,mobile,2024-01-19T16:00:00+00:00,Transaction 4273,ZW,643.1800000000001,1302.17,7,0.8381013091203083,0.41396284663292804
4291,CUST00386,CUST00386,ACC79805,598.8,transfer,online,2024-01-23T02:00:00+00:00,Transaction 4291,ZW,630.1637499999999,1302.17,8,0.9502292062975695,0.45984779253092906
4286,CUST00386,CUST00386,ACC39100,102.91,transfer,online,2024-01-25T15:00:00+00:00,Transaction 4286,ZW,626.6788888888889,1302.17,9,0.1642148823338552,0.07902961978850687
4290,CUST00386,CUST00386,ACC23953,173.67,withdraw,atm,2024-01-28T06:00:00+00:00,Transaction 4290,ZW,574.3019999999999,1302.17,10,0.3024018721857142,0.13336968291390525
4289,CUST00386,CUST00386,ACC33539,448.62,transfer,online,2024-01-28T19:00:00+00:00,Transaction 4289,GB,537.8809090909091,1302.17,11,0.8340507952926383,0.3445172289332422
4270,CUST00386,CUST00386,ACC15388,588.61,withdraw,atm,2024-02-01T03:00:00+00:00,Transaction 4270,ZW,530.4425,1302.17,12,1.109658445543108,0.45202239338949596
4279,CUST00386,CUST00386,ACC69288,236.73,transfer,online,2024-02-01T21:00:00+00:00,Transaction 4279,ZW,534.916923076923,1302.17,13,0.44255470295890664,0.18179653962232273
4295,CUST00386,CUST00386,ACC51003,948.39,transfer,online,2024-02-03T22:00:00+00:00,Transaction 4295,ZW,513.617857142857,1302.17,14,1.846489538497911,0.7283150433507145
4285,CUST00386,CUST00386,ACC47214,633.69,transfer,atm,2024-02-04T18:00:00+00:00,Transaction 4285,ZW,542.6026666666666,1302.17,15,1.167871149423028,0.48664152913982045
4288,CUST00386,CUST00386,ACC74053,739.23,transfer,atm,2024-02-06T04:00:00+00:00,Transaction 4288,ZW,548.295625,1302.17,16,1.3482325342282278,0.5676908544967246
4275,CUST00386,CUST00386,ACC21527,192.64,transfer,online,2024-02-07T00:00:00+00:00,Transaction 4275,ZW,559.5270588235294,1302.17,17,0.3442907665717686,0.14793767326846724
4267,CUST00386,CUST00386,ACC48675,151.12,transfer,online,2024-02-10T11:00:00+00:00,Transaction 4267,ZW,539.1444444444444,1302.17,18,0.28029594213053605,0.1160524355498898
4300,CUST00386,CUST00386,ACC48089,822.02,withdraw,card,2024-02-10T21:00:00+00:00,Transaction 4300,JP,518.7221052631579,1302.17,19,1.5847020816338127,0.631269342712549
4266,CUST00386,CUST00386,ACC29596,739.68,withdraw,branch,2024-02-12T18:00:00+00:00,Transaction 4266,NG,533.887,1302.17,20,1.385461717554464,0.5680364314951196
4296,CUST00386,CUST00386,ACC78838,514.01,transfer,mobile,2024-02-13T05:00:00+00:00,Transaction 4296,KE,543.6866666666667,1302.17,21,0.9454158645298149,0.3947334065444604
4272,CUST00386,CUST00386,ACC67009,739.53,transfer,atm,2024-02-13T14:00:00+00:00,Transaction 4272,ZW,542.3377272727273,1302.17,22,1.363596819492718,0.5679212391623213
4297,CUST00386,CUST00386,ACC25289,438.77,transfer,branch,2024-02-14T04:00:00+00:00,Transaction 4297,ZW,550.9113043478261,1302.17,23,0.7964439947722982,0.3369529324128186
4282,CUST00386,CUST00386,ACC12429,374.45,transfer,mobile,2024-02-14T20:00:00+00:00,Transaction 4282,ZW,546.23875,1302.17,24,0.6855061088214631,0.28755846010889513
4268,CUST00386,CUST00386,ACC68180,436.11,withdraw,online,2024-02-17T02:00:00+00:00,Transaction 4268,ZW,539.3672,1302.17,25,0.8085586220296673,0.3349101883778616
4263,CUST00386,CUST00386,ACC74080,250.7,withdraw,online,2024-02-18T13:00:00+00:00,Transaction 4263,ZW,535.3957692307692,1302.17,26,0.46825173900831085,0.19252478555027375
4254,CUST00386,CUST00386,ACC46360,622.67,transfer,branch,2024-02-19T16:00:00+00:00,Transaction 4254,ZW,524.8514814814815,1302.17,27,1.1863737113638495,0.47817873242356984
4262,CUST00386,CUST00386,ACC47388,864.92,transfer,mobile,2024-02-25T14:00:00+00:00,Transaction 4262,ZW,528.345,1302.17,28,1.637036406136142,0.6642143498928711
4264,CUST00386,CUST00386,ACC94953,382.42,transfer,branch,2024-02-25T15:00:00+00:00,Transaction 4264,ZW,539.9510344827587,1302.17,29,0.7082494070343542,0.29367901272491304
4274,CUST00386,CUST00386,ACC68551,1129.47,withdraw,card,2024-02-26T17:00:00+00:00,Transaction 4274,ZW,534.7,1302.17,30,2.1123433701140826,0.8673752275048573
4292,CUST00386,CUST00386,ACC93575,483.13,transfer,mobile,2024-02-27T04:00:00+00:00,Transaction 4292,ZW,553.886129032258,1302.17,31,0.8722550984335316,0.37101914496571103
4283,CUST00386,CUST00386,ACC33959,474.22,transfer,online,2024-03-03T12:00:00+00:00,Transaction 4283,ZW,551.675,1302.17,32,0.8596003081524449,0.3641767203974903
4277,CUST00386,CUST00386,ACC43911,621.26,deposit,mobile,2024-03-04T03:00:00+00:00,Transaction 4277,ZW,549.3278787878788,1302.17,33,1.1309456956214259,0.47709592449526556
4280,CUST00386,CUST00386,ACC32306,626.34,deposit,online,2024-03-05T08:00:00+00:00,Transaction 4280,ZW,551.4435294117646,1302.17,34,1.1358189308488738,0.48099710483270236
4253,CUST00386,CUST00386,ACC82580,667.56,transfer,online,2024-03-05T16:00:00+00:00,Transaction 4253,CH,553.5834285714285,1302.17,35,1.2058886981546724,0.5126519578856831
4269,CUST00386,CUST00386,ACC98665,406.53,withdraw,online,2024-03-06T08:00:00+00:00,Transaction 4269,ZW,556.7494444444444,1302.17,36,0.730184832794325,0.31219426035003106
4251,CUST00386,CUST00386,ACC40229,1077.35,withdraw,mobile,2024-03-09T13:00:00+00:00,Transaction 4251,ZW,552.6894594594594,1302.17,37,1.9492863154178268,0.8273497316018644
4259,CUST00386,CUST00386,ACC63041,880.89,transfer,mobile,2024-03-09T13:00:00+00:00,Transaction 4259,ZW,566.4963157894736,1302.17,38,1.554979221307706,0.6764784935914665
4298,CUST00386,CUST00386,ACC70643,284.11,withdraw,online,2024-03-11T11:00:00+00:00,Transaction 4298,CA,574.5576923076923,1302.17,39,0.49448472068815486,0.21818195780888824
4287,CUST00386,CUST00386,ACC33297,220.84,withdraw,atm,2024-03-11T13:00:00+00:00,Transaction 4287,ZW,567.2964999999999,1302.17,40,0.38928496826615366,0.1695938318345531
4284,CUST00386,CUST00386,ACC38992,100.0,transfer,mobile,2024-03-13T00:00:00+00:00,Transaction 4284,ZW,558.8463414634145,1302.17,41,0.17894006380740815,0.07679488853221929
4294,CUST00386,CUST00386,ACC63493,724.58,withdraw,online,2024-03-13T15:00:00+00:00,Transaction 4294,ZW,547.9214285714285,1302.17,42,1.3224158834035122,0.5564404033267546
4293,CUST00386,CUST00386,ACC72771,868.76,transfer,mobile,2024-03-15T17:00:00+00:00,Transaction 4293,ZW,552.0297674418605,1302.17,43,1.5737557125331967,0.6671632736125083
4299,CUST00386,CUST00386,ACC40924,100.0,deposit,online,2024-03-16T03:00:00+00:00,Transaction 4299,ZW,559.2281818181817,1302.17,44,0.1788178837391145,0.07679488853221929
4258,CUST00386,CUST00386,ACC94421,953.24,withdraw,mobile,2024-03-16T14:00:00+00:00,Transaction 4258,ZW,549.023111111111,1302.17,45,1.7362474925160005,0.7320395954445271
4276,CUST00386,CUST00386,ACC46695,1456.66,transfer,atm,2024-03-22T01:00:00+00:00,Transaction 4276,ZW,557.8104347826087,1302.17,46,2.6113889399858454,1.1186404232934255
4257,CUST00386,CUST00386,ACC45060,549.59,transfer,card,2024-03-22T16:00:00+00:00,Transaction 4257,ZW,576.9348936170212,1456.66,47,0.9526031551921122,0.3772946329273818
4255,CUST00386,CUST00386,ACC98351,546.45,deposit,mobile,2024-03-24T14:00:00+00:00,Transaction 4255,ZW,576.3652083333333,1456.66,48,0.9480967832533844,0.37513901665453847
4261,CUST00386,CUST00386,ACC47472,234.91,withdraw,mobile,2024-03-28T16:00:00+00:00,Transaction 4261,ZW,575.7546938775511,1456.66,49,0.40800362115668587,0.16126618428459627
4328,CUST00387,CUST00387,ACC25401,13554.51,transfer,mobile,2024-01-01T12:00:00+00:00,Transaction 4328,ZW,13554.51,13554.51,0,1.0,1.0
4336,CUST00387,CUST00387,ACC38585,21244.13,transfer,mobile,2024-01-05T12:00:00+00:00,Transaction 4336,NL,13554.51,13554.51,1,1.5673108065138468,1.5673108065138468
4341,CUST00387,CUST00387,ACC25168,10019.26,deposit,branch,2024-01-06T01:00:00+00:00,Transaction 4341,ZW,17399.32,21244.13,2,0.5758420444017353,0.47162486766932793
4319,CUST00387,CUST00387,ACC21357,9130.1,withdraw,branch,2024-01-11T17:00:00+00:00,Transaction 4319,ZW,14939.300000000001,21244.13,3,0.6111464392575288,0.4297704824815137
4334,CUST00387,CUST00387,ACC90192,100.0,transfer,branch,2024-01-13T00:00:00+00:00,Transaction 4334,ZA,13487.0,21244.13,4,0.007414547341884778,0.00470718264292301
4330,CUST00387,CUST00387,ACC40176,12818.33,transfer,card,2024-01-18T16:00:00+00:00,Transaction 4330,ZW,10809.6,21244.13,5,1.1858283377738306,0.603382204872593
4346,CUST00387,CUST00387,ACC61918,11982.05,deposit,mobile,2024-01-20T11:00:00+00:00,Transaction 4346,AU,11144.388333333334,21244.13,6,1.0751644362715882,0.5640169778663564
4304,CUST00387,CUST00387,ACC43503,4127.69,transfer,mobile,2024-01-22T11:00:00+00:00,Transaction 4304,ZW,11264.054285714286,21244.13,7,0.36644798536127177,0.19429790723366874
4323,CUST00387,CUST00387,ACC44781,14677.2,deposit,card,2024-01-23T14:00:00+00:00,Transaction 4323,ZW,10372.00875,21244.13,8,1.4150778652206593,0.690882610867096
4310,CUST00387,CUST00387,ACC40420,12307.92,transfer,atm,2024-01-24T10:00:00+00:00,Transaction 4310,ZW,10850.363333333335,21244.13,9,1.1343325215837625,0.5793562739448497
4343,CUST00387,CUST00387,ACC52962,100.0,transfer,mobile,2024-01-25T03:00:00+00:00,Transaction 4343,ZW,10996.119,21244.13,10,0.009094117660967474,0.00470718264292301
4316,CUST00387,CUST00387,ACC30810,13405.76,transfer,card,2024-01-27T15:00:00+00:00,Transaction 4316,ZW,10005.562727272727,21244.13,11,1.3398306887286973,0.6310336078719156
4337,CUST00387,CUST00387,ACC93148,13279.98,deposit,mobile,2024-02-01T17:00:00+00:00,Transaction 4337,ZW,10288.9125,21244.13,12,1.2907078371985377,0.6251129135436471
4348,CUST00387,CUST00387,ACC35460,100.0,withdraw,mobile,2024-02-05T22:00:00+00:00,Transaction 4348,ZW,10518.994615384614,21244.13,13,0.00950661195830868,0.00470718264292301
4338,CUST00387,CUST00387,ACC54428,13760.43,transfer,atm,2024-02-06T01:00:00+00:00,Transaction 4338,ZW,9774.780714285715,21244.13,14,1.4077482045084972,0.6477285725515707
4318,CUST00387,CUST00387,ACC37170,12918.58,transfer,mobile,2024-02-09T04:00:00+00:00,Transaction 4318,ZW,10040.490666666667,21244.13,15,1.2866482753565298,0.6081011554721233
4344,CUST00387,CUST00387,ACC74336,848.81,withdraw,mobile,2024-02-09T22:00:00+00:00,Transaction 4344,ZW,10220.37125,21244.13,16,0.08305079915761376,0.03995503699139479
4320,CUST00387,CUST00387,ACC90424,3566.91,deposit,atm,2024-02-10T12:00:00+00:00,Transaction 4320,SG,9669.10294117647,21244.13,17,0.3688977169547026,0.16790096840868513
4322,CUST00387,CUST00387,ACC74795,4667.21,withdraw,mobile,2024-02-11T21:00:00+00:00,Transaction 4322,ZW,9330.092222222222,21244.13,18,0.5002319257770824,0.219694099028767
4345,CUST00387,CUST00387,ACC68216,25325.9,transfer,online,2024-02-14T18:00:00+00:00,Transaction 4345,ZW,9084.677368421053,21244.13,19,2.7877599801215314,1.1921363689640385
4321,CUST00387,CUST00387,ACC50887,13080.93,transfer,mobile,2024-02-16T02:00:00+00:00,Transaction 4321,ZW,9896.7385,25325.9,20,1.321741501000557,0.5165040531629675
4339,CUST00387,CUST00387,ACC78315,11728.31,transfer,online,2024-02-21T00:00:00+00:00,Transaction 4339,ZW,10048.366666666665,25325.9,21,1.167185711774053,0.46309548722848937
4342,CUST00387,CUST00387,ACC57041,9536.85,transfer,mobile,2024-02-21T04:00:00+00:00,Transaction 4342,SG,10124.727727272726,25325.9,22,0.9419364408497451,0.3765650973904185
4349,CUST00387,CUST00387,ACC46458,13957.14,withdraw,mobile,2024-02-22T09:00:00+00:00,Transaction 4349,ZW,10099.167826086956,25325.9,23,1.3820089179969457,0.5511014416072084
4347,CUST00387,CUST00387,ACC69339,12953.39,transfer,branch,2024-02-22T13:00:00+00:00,Transaction 4347,ZW,10259.916666666668,25325.9,24,1.2625238996418098,0.5114681018246143
4324,CUST00387,CUST00387,ACC20686,13071.47,withdraw,card,2024-02-22T18:00:00+00:00,Transaction 4324,ZW,10367.6556,25325.9,25,1.2607932308245269,0.5161305225085782
4326,CUST00387,CUST00387,ACC77641,871.64,transfer,card,2024-02-25T19:00:00+00:00,Transaction 4326,ZW,10471.648461538462,25325.9,26,0.0832380883679838,0.034416940760249384
4303,CUST00387,CUST00387,ACC77586,2116.66,withdraw,atm,2024-02-26T11:00:00+00:00,Transaction 4303,ZW,10116.092592592593,25325.9,27,0.20923691441396086,0.08357689164057347
4332,CUST00387,CUST00387,ACC50867,10305.51,withdraw,online,2024-02-28T08:00:00+00:00,Transaction 4332,ZA,9830.39857142857,25325.9,28,1.048330840821888,0.4069158450440063
4315,CUST00387,CUST00387,ACC40986,100.0,transfer,mobile,2024-03-01T10:00:00+00:00,Transaction 4315,ZW,9846.78172413793,25325.9,29,0.010155602388835814,0.003948527002001903
4325,CUST00387,CUST00387,ACC29395,13653.64,transfer,card,2024-03-01T21:00:00+00:00,Transaction 4325,ZW,9521.889,25325.9,30,1.4339213574113288,0.5391176621561325
4309,CUST00387,CUST00387,ACC64585,8154.69,transfer,mobile,2024-03-03T08:00:00+00:00,Transaction 4309,ZW,9655.17129032258,25325.9,31,0.8445929911335163,0.32199013657954895
4311,CUST00387,CUST00387,ACC18683,4072.59,transfer,mobile,2024-03-04T11:00:00+00:00,Transaction 4311,SG,9608.28125,25325.9,32,0.42386248841331536,0.1608073158308293
4333,CUST00387,CUST00387,ACC32241,14105.99,transfer,mobile,2024-03-07T04:00:00+00:00,Transaction 4333,CH,9440.533030303031,25325.9,33,1.4941942319063326,0.5569788240496882
4317,CUST00387,CUST00387,ACC91748,13197.71,withdraw,card,2024-03-07T14:00:00+00:00,Transaction 4317,ZW,9577.752352941177,25325.9,34,1.3779548179638608,0.5211151429959053
4331,CUST00387,CUST00387,ACC24828,14045.59,transfer,card,2024-03-07T15:00:00+00:00,Transaction 4331,ZW,9681.179714285716,25325.9,35,1.450813889889275,0.5545939137404791
4301,CUST00387,CUST00387,ACC72589,100.0,transfer,mobile,2024-03-08T11:00:00+00:00,Transaction 4301,ZW,9802.413333333336,25325.9,36,0.010201569409437946,0.003948527002001903
4335,CUST00387,CUST00387,ACC75271,14933.58,deposit,online,2024-03-08T16:00:00+00:00,Transaction 4335,ZW,9540.185945945948,25325.9,37,1.565334269647642,0.5896564386655557
4340,CUST00387,CUST00387,ACC66309,12497.09,transfer,online,2024-03-09T07:00:00+00:00,Transaction 4340,ZW,9682.117368421055,25325.9,38,1.2907393625241714,0.4934509731144796
4314,CUST00387,CUST00387,ACC26929,7669.48,transfer,card,2024-03-09T08:00:00+00:00,Transaction 4314,ZW,9754.296153846157,25325.9,39,0.7862668796431708,0.30283148871313553
4312,CUST00387,CUST00387,ACC92813,100.0,deposit,mobile,2024-03-14T09:00:00+00:00,Transaction 4312,ZW,9702.17575,25325.9,40,0.010306966455436556,0.003948527002001903
4329,CUST00387,CUST00387,ACC35230,13050.66,transfer,card,2024-03-18T10:00:00+00:00,Transaction 4329,ZW,9467.976341463414,25325.9,41,1.37840014902095,0.5153088340394616
4306,CUST00387,CUST00387,ACC84703,100.0,transfer,online,2024-03-19T10:00:00+00:00,Transaction 4306,ZW,9553.278333333334,25325.9,42,0.010467610856796629,0.003948527002001903
4308,CUST00387,CUST00387,ACC47477,2280.16,transfer,mobile,2024-03-20T09:00:00+00:00,Transaction 4308,ZW,9333.43465116279,25325.9,43,0.24430020514644413,0.09003273328884659
4313,CUST00387,CUST00387,ACC28187,21856.68,withdraw,mobile,2024-03-20T10:00:00+00:00,Transaction 4313,ZW,9173.132954545454,25325.9,44,2.3826843138875056,0.8630169115411496
4307,CUST00387,CUST00387,ACC39236,3979.78,withdraw,mobile,2024-03-21T10:00:00+00:00,Transaction 4307,ZW,9454.989555555554,25325.9,45,0.4209184977535554,0.15714268792027133
4327,CUST00387,CUST00387,ACC38702,14323.88,withdraw,mobile,2024-03-22T18:00:00+00:00,Transaction 4327,ZW,9335.963260869565,25325.9,46,1.5342691053676933,0.5655822695343502
4350,CUST00387,CUST00387,ACC28259,10666.4,transfer,online,2024-03-24T15:00:00+00:00,Transaction 4350,FR,9442.089148936171,25325.9,47,1.1296652501106463,0.42116568414153094
4305,CUST00387,CUST00387,ACC73917,8256.26,deposit,online,2024-03-25T10:00:00+00:00,Transaction 4305,NL,9467.595625,25325.9,48,0.8720545666524493,0.32600065545548235
4302,CUST00387,CUST00387,ACC34946,4686.38,transfer,mobile,2024-03-26T10:00:00+00:00,Transaction 4302,ZW,9442.874489795919,25325.9,49,0.49628743928177355,0.18504297971641678
4358,CUST00388,CUST00388,ACC17440,339.86,withdraw,atm,2024-01-07T20:00:00+00:00,Transaction 4358,ZW,339.86,339.86,0,1.0,1.0
4387,CUST00388,CUST00388,ACC46953,993.43,deposit,online,2024-01-08T14:00:00+00:00,Transaction 4387,ZW,339.86,339.86,1,2.9230565526981698,2.9230565526981698
4382,CUST00388,CUST00388,ACC33460,1623.41,transfer,online,2024-01-10T12:00:00+00:00,Transaction 4382,ZW,666.645,993.43,2,2.435194143809674,1.6341463414634148
4375,CUST00388,CUST00388,ACC60721,1084.89,withdraw,atm,2024-01-11T08:00:00+00:00,Transaction 4375,ZW,985.5666666666666,1623.41,3,1.1007778942740218,0.668278500194036
4353,CUST00388,CUST00388,ACC95904,1639.24,withdraw,online,2024-01-13T20:00:00+00:00,Transaction 4353,ZW,1010.3975,1623.41,4,1.6223713934367414,1.009751079517805
4374,CUST00388,CUST00388,ACC78939,100.0,deposit,atm,2024-01-17T03:00:00+00:00,Transaction 4374,ZW,1136.166,1639.24,5,0.08801530762230167,0.06100387984675825
4388,CUST00388,CUST00388,ACC94340,3993.9,deposit,online,2024-01-17T04:00:00+00:00,Transaction 4388,ZW,963.4716666666667,1639.24,6,4.145321692559719,2.436433957199678
4360,CUST00388,CUST00388,ACC49932,100.0,deposit,mobile,2024-01-17T21:00:00+00:00,Transaction 4360,ZW,1396.3899999999999,3993.9,7,0.07161323126060772,0.025038183229424874
4385,CUST00388,CUST00388,ACC36258,1471.92,transfer,online,2024-01-20T00:00:00+00:00,Transaction 4385,ZW,1234.34125,3993.9,8,1.1924741233431193,0.3685420265905506
4378,CUST00388,CUST00388,ACC67143,2730.21,withdraw,mobile,2024-01-21T05:00:00+00:00,Transaction 4378,ZW,1260.7388888888888,3993.9,9,2.1655634041765635,0.6835949823480808
4370,CUST00388,CUST00388,ACC89015,100.0,withdraw,online,2024-01-22T07:00:00+00:00,Transaction 4370,ZW,1407.6860000000001,3993.9,10,0.07103856968102261,0.025038183229424874
4390,CUST00388,CUST00388,ACC27189,830.38,withdraw,online,2024-01-22T15:00:00+00:00,Transaction 4390,ZW,1288.8054545454545,3993.9,11,0.6443020527817866,0.20791206590049827
4351,CUST00388,CUST00388,ACC63011,1170.82,transfer,online,2024-01-22T19:00:00+00:00,Transaction 4351,ZW,1250.6033333333332,3993.9,12,0.9362041254754372,0.2931520568867523
4356,CUST00388,CUST00388,ACC64660,100.0,transfer,mobile,2024-01-22T19:00:00+00:00,Transaction 4356,ZW,1244.4661538461537,3993.9,13,0.08035574104682515,0.025038183229424874
4392,CUST00388,CUST00388,ACC22562,3171.1,withdraw,atm,2024-01-25T20:00:00+00:00,Transaction 4392,ZW,1162.7185714285713,3993.9,14,2.7273151714639217,0.7939858283882921
4365,CUST00388,CUST00388,ACC70833,3167.42,withdraw,atm,2024-01-27T20:00:00+00:00,Transaction 4365,ZW,1296.6106666666667,3993.9,15,2.442845860695269,0.7930644232454493
4383,CUST00388,CUST00388,ACC50519,1597.42,transfer,atm,2024-01-28T22:00:00+00:00,Transaction 4383,ZW,1413.53625,3993.9,16,1.1300877497835657,0.3999649465434788
4389,CUST00388,CUST00388,ACC61037,435.37,transfer,branch,2024-01-28T22:00:00+00:00,Transaction 4389,ZW,1424.3529411764705,3993.9,17,0.3056616007268523,0.10900873832594707
4379,CUST00388,CUST00388,ACC78771,2119.07,transfer,branch,2024-02-03T21:00:00+00:00,Transaction 4379,ZW,1369.4094444444445,3993.9,18,1.5474334638167224,0.5305766293597737
4395,CUST00388,CUST00388,ACC26168,100.0,withdraw,atm,2024-02-04T03:00:00+00:00,Transaction 4395,ZW,1408.8652631578946,3993.9,19,0.07097910823342714,0.025038183229424874
4355,CUST00388,CUST00388,ACC20556,447.53,transfer,atm,2024-02-05T20:00:00+00:00,Transaction 4355,ZW,1343.422,3993.9,20,0.33312689534636175,0.11205338140664513
4372,CUST00388,CUST00388,ACC23328,648.09,withdraw,online,2024-02-09T01:00:00+00:00,Transaction 4372,ZW,1300.760476190476,3993.9,21,0.4982393083606404,0.16226996169157967
4396,CUST00388,CUST00388,ACC42637,1236.43,withdraw,mobile,2024-02-09T07:00:00+00:00,Transaction 4396,ZW,1271.0936363636363,3993.9,22,0.9727292817995671,0.30957960890357794
4357,CUST00388,CUST00388,ACC41918,1095.37,transfer,online,2024-02-09T21:00:00+00:00,Transaction 4357,ZW,1269.5865217391304,3993.9,23,0.8627769602496396,0.2742607476401512
4400,CUST00388,CUST00388,ACC32835,3425.64,withdraw,online,2024-02-13T18:00:00+00:00,Transaction 4400,ZW,1262.3275,3993.9,24,2.7137490072901045,0.8577180199804701
4369,CUST00388,CUST00388,ACC49100,1490.25,transfer,card,2024-02-13T20:00:00+00:00,Transaction 4369,ZW,1348.86,3993.9,25,1.1048218495618523,0.37313152557650414
4399,CUST00388,CUST00388,ACC26056,529.69,transfer,branch,2024-02-14T14:00:00+00:00,Transaction 4399,ZW,1354.298076923077,3993.9,26,0.39111773768699376,0.1326247527479406
4364,CUST00388,CUST00388,ACC99948,490.07,withdraw,mobile,2024-02-14T19:00:00+00:00,Transaction 4364,ZW,1323.7570370370372,3993.9,27,0.3702114408373025,0.12270462455244247
4397,CUST00388,CUST00388,ACC15715,155.56,transfer,mobile,2024-02-16T21:00:00+00:00,Transaction 4397,ZW,1293.9825,3993.9,28,0.12021800913072626,0.03894939783169333
4359,CUST00388,CUST00388,ACC26338,2141.94,transfer,mobile,2024-02-18T18:00:00+00:00,Transaction 4359,ZW,1254.7265517241378,3993.9,29,1.7070970539809884,0.5363028618643432
4361,CUST00388,CUST00388,ACC69147,100.0,withdraw,branch,2024-02-20T19:00:00+00:00,Transaction 4361,ZW,1284.3003333333334,3993.9,30,0.07786340733904142,0.025038183229424874
4366,CUST00388,CUST00388,ACC31534,649.4,withdraw,online,2024-02-21T05:00:00+00:00,Transaction 4366,ZW,1246.0970967741937,3993.9,31,0.5211471896380465,0.1625979618918851
4394,CUST00388,CUST00388,ACC78855,2055.72,withdraw,atm,2024-02-21T12:00:00+00:00,Transaction 4394,ZW,1227.4503125,3993.9,32,1.674788770726717,0.5147149402839329
4380,CUST00388,CUST00388,ACC42837,1081.53,withdraw,online,2024-02-23T12:00:00+00:00,Transaction 4380,ZW,1252.5493939393941,3993.9,33,0.8634629542220918,0.27079546308119884
4367,CUST00388,CUST00388,ACC68232,1123.96,deposit,card,2024-02-24T12:00:00+00:00,Transaction 4367,KE,1247.519411764706,3993.9,34,0.9009559205255794,0.28141916422544383
4386,CUST00388,CUST00388,ACC39312,1962.93,deposit,mobile,2024-02-26T06:00:00+00:00,Transaction 4386,ZW,1243.989142857143,3993.9,35,1.577931777998981,0.49148201006534964
4352,CUST00388,CUST00388,ACC13058,100.0,withdraw,online,2024-02-29T18:00:00+00:00,Transaction 4352,ZW,1263.9597222222224,3993.9,36,0.07911644512230633,0.025038183229424874
4391,CUST00388,CUST00388,ACC80870,120.76,withdraw,online,2024-03-05T12:00:00+00:00,Transaction 4391,ZW,1232.5013513513513,3993.9,37,0.09797960859644911,0.030236110067853476
4354,CUST00388,CUST00388,ACC75599,2622.17,transfer,mobile,2024-03-05T21:00:00+00:00,Transaction 4354,ZW,1203.2450000000001,3993.9,38,2.179248615203055,0.6565437291870102
4381,CUST00388,CUST00388,ACC39125,2288.72,withdraw,atm,2024-03-07T16:00:00+00:00,Transaction 4381,ZW,1239.6276923076923,3993.9,39,1.8462962825066582,0.5730539072084929
4373,CUST00388,CUST00388,ACC40093,1644.14,withdraw,mobile,2024-03-08T03:00:00+00:00,Transaction 4373,ZW,1265.855,3993.9,40,1.2988375445844904,0.41166278574826615
4363,CUST00388,CUST00388,ACC86900,100.0,withdraw,atm,2024-03-09T18:00:00+00:00,Transaction 4363,ZW,1275.0814634146343,3993.9,41,0.07842636166335809,0.025038183229424874
4362,CUST00388,CUST00388,ACC13015,3603.03,transfer,online,2024-03-13T18:00:00+00:00,Transaction 4362,ZW,1247.1033333333335,3993.9,42,2.8891190518828966,0.902133253211147
4371,CUST00388,CUST00388,ACC14683,5235.81,transfer,online,2024-03-14T20:00:00+00:00,Transaction 4371,ZW,1301.8923255813954,3993.9,43,4.021692037904753,1.3109517013445504
4376,CUST00388,CUST00388,ACC82910,1523.3,withdraw,branch,2024-03-18T18:00:00+00:00,Transaction 4376,ZW,1391.2995454545455,5235.81,44,1.0948756541872722,0.29093874682236365
4368,CUST00388,CUST00388,ACC61665,1569.9,withdraw,atm,2024-03-19T12:00:00+00:00,Transaction 4368,ZW,1394.232888888889,5235.81,45,1.1259955295209727,0.29983899339357234
4393,CUST00388,CUST00388,ACC70874,100.0,withdraw,card,2024-03-21T17:00:00+00:00,Transaction 4393,ZW,1398.051739130435,5235.81,46,0.07152811101411621,0.019099241569117287
4377,CUST00388,CUST00388,ACC98705,100.0,withdraw,mobile,2024-03-21T20:00:00+00:00,Transaction 4377,ZW,1370.4336170212766,5235.81,47,0.0729696052095951,0.019099241569117287
4384,CUST00388,CUST00388,ACC70335,1111.24,withdraw,atm,2024-03-25T00:00:00+00:00,Transaction 4384,ZW,1343.96625,5235.81,48,0.826836239377291,0.21223841201265897
4398,CUST00388,CUST00388,ACC17286,1823.72,transfer,branch,2024-03-27T17:00:00+00:00,Transaction 4398,ZW,1339.2167346938775,5235.81,49,1.3617810715431897,0.34831668834430585
4414,CUST00389,CUST00389,ACC52037,100.0,deposit,online,2024-01-04T11:00:00+00:00,Transaction 4414,ZW,100.0,100.0,0,1.0,1.0
4415,CUST00389,CUST00389,ACC86597,2870.51,deposit,online,2024-01-04T11:00:00+00:00,Transaction 4415,ZW,100.0,100.0,1,28.7051,28.7051
4410,CUST00389,CUST00389,ACC15692,2425.65,transfer,mobile,2024-01-07T10:00:00+00:00,Transaction 4410,ZW,1485.255,2870.51,2,1.6331539028651645,0.8450240549588749
4449,CUST00389,CUST00389,ACC95259,9266.37,deposit,mobile,2024-01-07T18:00:00+00:00,Transaction 4449,ZW,1798.72,2870.51,3,5.15164672656111,3.2281267091910495
4444,CUST00389,CUST00389,ACC37572,7206.87,withdraw,card,2024-01-12T08:00:00+00:00,Transaction 4444,ZW,3665.6325,9266.37,4,1.966064519561085,0.777744683193095
4418,CUST00389,CUST00389,ACC40551,2975.47,transfer,atm,2024-01-16T07:00:00+00:00,Transaction 4418,ZW,4373.88,9266.37,5,0.6802815806560765,0.32110416484556514
4408,CUST00389,CUST00389,ACC23682,579.71,withdraw,mobile,2024-01-16T11:00:00+00:00,Transaction 4408,ZW,4140.811666666667,9266.37,6,0.13999912255528002,0.06256063593402811
4419,CUST00389,CUST00389,ACC60693,9970.63,withdraw,online,2024-01-20T18:00:00+00:00,Transaction 4419,ZW,3632.0828571428574,9266.37,7,2.7451548855477648,1.0760017137239284
4448,CUST00389,CUST00389,ACC33307,4292.68,withdraw,mobile,2024-01-25T22:00:00+00:00,Transaction 4448,ZW,4424.40125,9970.63,8,0.97022845746642,0.4305324738757732
4412,CUST00389,CUST00389,ACC71326,4773.77,transfer,online,2024-01-26T11:00:00+00:00,Transaction 4412,ZW,4409.765555555556,9970.63,9,1.0825450786121409,0.4787831862179221
4401,CUST00389,CUST00389,ACC82726,2599.76,deposit,mobile,2024-01-27T09:00:00+00:00,Transaction 4401,ZW,4446.166,9970.63,10,0.5847195088982283,0.26074179866267233
4405,CUST00389,CUST00389,ACC23473,3036.25,transfer,mobile,2024-01-27T09:00:00+00:00,Transaction 4405,ZW,4278.310909090909,9970.63,11,0.709684280669814,0.3045193733996749
4422,CUST00389,CUST00389,ACC20043,752.52,deposit,online,2024-01-27T22:00:00+00:00,Transaction 4422,ZW,4174.805833333334,9970.63,12,0.18025269438678482,0.0754736661575046
4433,CUST00389,CUST00389,ACC73267,100.0,deposit,branch,2024-01-28T02:00:00+00:00,Transaction 4433,ZW,3911.5530769230772,9970.63,13,0.02556529287304531,0.010029456513780975
4428,CUST00389,CUST00389,ACC35017,8677.53,transfer,branch,2024-01-29T12:00:00+00:00,Transaction 4428,ZW,3639.299285714286,9970.63,14,2.384395818739832,0.8703090978202983
4435,CUST00389,CUST00389,ACC99795,3265.5,transfer,atm,2024-01-29T16:00:00+00:00,Transaction 4435,ZW,3975.1813333333334,9970.63,15,0.8214719596858642,0.32751190245751777
4416,CUST00389,CUST00389,ACC79013,8725.03,transfer,online,2024-01-31T01:00:00+00:00,Transaction 4416,ZW,3930.82625,9970.63,16,2.2196427532252287,0.8750730896643443
4406,CUST00389,CUST00389,ACC11233,1340.45,transfer,online,2024-02-06T11:00:00+00:00,Transaction 4406,ZW,4212.838235294118,9970.63,17,0.3181821672548547,0.13443984983897708
4407,CUST00389,CUST00389,ACC80774,266.6,transfer,online,2024-02-08T08:00:00+00:00,Transaction 4407,ZW,4053.261111111111,9970.63,18,0.06577419827930049,0.026738531065740083
4440,CUST00389,CUST00389,ACC97990,2019.56,withdraw,online,2024-02-09T19:00:00+00:00,Transaction 4440,ZW,3853.963157894737,9970.63,19,0.5240216154798956,0.20255089196971507
4438,CUST00389,CUST00389,ACC89732,9239.23,transfer,atm,2024-02-10T04:00:00+00:00,Transaction 4438,ZW,3762.243,9970.63,20,2.455777045767644,0.926644555058206
4437,CUST00389,CUST00389,ACC58954,1443.07,deposit,online,2024-02-11T06:00:00+00:00,Transaction 4437,ZW,4023.0519047619046,9970.63,21,0.3587003186043668,0.14473207811341912
4423,CUST00389,CUST00389,ACC84682,9807.86,withdraw,online,2024-02-15T07:00:00+00:00,Transaction 4423,ZW,3905.78,9970.63,22,2.5111142972722478,0.9836750536325188
4420,CUST00389,CUST00389,ACC53895,9288.29,withdraw,atm,2024-02-15T10:00:00+00:00,Transaction 4420,ZW,4162.392173913044,9970.63,23,2.231478825616791,0.9315650064238671
4445,CUST00389,CUST00389,ACC81761,100.0,withdraw,card,2024-02-17T15:00:00+00:00,Transaction 4445,ZW,4375.9712500000005,9970.63,24,0.022852069697669973,0.010029456513780975
4446,CUST00389,CUST00389,ACC42774,2588.68,withdraw,online,2024-02-18T03:00:00+00:00,Transaction 4446,ZW,4204.932400000001,9970.63,25,0.6156293975142144,0.25963053488094534
4443,CUST00389,CUST00389,ACC26769,9868.2,deposit,online,2024-02-20T07:00:00+00:00,Transaction 4443,ZW,4142.768846153846,9970.63,26,2.3820300785455735,0.9897268276929343
4427,CUST00389,CUST00389,ACC36822,3773.82,transfer,online,2024-02-21T19:00:00+00:00,Transaction 4427,ZW,4354.8218518518515,9970.63,27,0.8665842434852334,0.3784936358083692
4432,CUST00389,CUST00389,ACC70895,9199.28,transfer,mobile,2024-02-23T03:00:00+00:00,Transaction 4432,ZW,4334.071785714286,9970.63,28,2.122549061213552,0.9226377871809506
4404,CUST00389,CUST00389,ACC63274,4803.18,transfer,online,2024-02-24T09:00:00+00:00,Transaction 4404,ZW,4501.837586206897,9970.63,29,1.0669376466881837,0.4817328493786251
4421,CUST00389,CUST00389,ACC15151,762.91,transfer,branch,2024-02-25T14:00:00+00:00,Transaction 4421,ZW,4511.882333333333,9970.63,30,0.16908907272773885,0.07651572668928644
4450,CUST00389,CUST00389,ACC27817,3208.06,transfer,mobile,2024-02-26T22:00:00+00:00,Transaction 4450,ZW,4390.947741935484,9970.63,31,0.7306076474929579,0.32175098263600194
4402,CUST00389,CUST00389,ACC64964,100.0,deposit,card,2024-02-29T08:00:00+00:00,Transaction 4402,ZW,4353.9825,9970.63,32,0.022967478624454737,0.010029456513780975
4409,CUST00389,CUST00389,ACC36982,3440.4,transfer,atm,2024-03-01T09:00:00+00:00,Transaction 4409,ZW,4225.073939393939,9970.63,33,0.8142816076950133,0.34505342190012067
4447,CUST00389,CUST00389,ACC58364,9161.77,transfer,online,2024-03-02T05:00:00+00:00,Transaction 4447,ZW,4201.995294117647,9970.63,34,2.180337996290838,0.9188757380426313
4431,CUST00389,CUST00389,ACC79823,8648.27,transfer,online,2024-03-03T05:00:00+00:00,Transaction 4431,ZW,4343.703142857143,9970.63,35,1.9909901104133598,0.867374478844366
4425,CUST00389,CUST00389,ACC60392,9089.21,deposit,online,2024-03-09T16:00:00+00:00,Transaction 4425,ZW,4463.274444444443,9970.63,36,2.0364443444237628,0.9115983643962318
4434,CUST00389,CUST00389,ACC10028,528.68,transfer,online,2024-03-10T04:00:00+00:00,Transaction 4434,ZW,4588.299729729729,9970.63,37,0.11522351004543932,0.05302373069705726
4430,CUST00389,CUST00389,ACC17029,9477.8,withdraw,online,2024-03-10T10:00:00+00:00,Transaction 4430,ZW,4481.467631578947,9970.63,38,2.1148875277407067,0.9505718294631332
4436,CUST00389,CUST00389,ACC22595,3523.68,transfer,branch,2024-03-14T01:00:00+00:00,Transaction 4436,ZW,4609.578717948717,9970.63,39,0.7644256049429292,0.35340595328479746
4441,CUST00389,CUST00389,ACC36929,8930.08,withdraw,card,2024-03-15T09:00:00+00:00,Transaction 4441,ZW,4582.43125,9970.63,40,1.9487646432229617,0.8956384902458522
4403,CUST00389,CUST00389,ACC92147,2989.86,transfer,online,2024-03-15T10:00:00+00:00,Transaction 4403,ZW,4688.471463414634,9970.63,41,0.6377046385651822,0.2998667085229319
4411,CUST00389,CUST00389,ACC23907,1443.69,transfer,online,2024-03-15T11:00:00+00:00,Transaction 4411,ZW,4648.028333333333,9970.63,42,0.31060266772613626,0.14479426074380458
4413,CUST00389,CUST00389,ACC27957,3243.19,transfer,atm,2024-03-18T08:00:00+00:00,Transaction 4413,ZW,4573.508837209301,9970.63,43,0.7091251193424947,0.32527433070929324
4424,CUST00389,CUST00389,ACC67637,3643.3,transfer,online,2024-03-24T16:00:00+00:00,Transaction 4424,ZW,4543.274318181818,9970.63,44,0.801910636436767,0.3654031891665823
4442,CUST00389,CUST00389,ACC99549,211.64,transfer,online,2024-03-25T08:00:00+00:00,Transaction 4442,ZW,4523.274888888888,9970.63,45,0.046789108599143286,0.021226341765766054
4426,CUST00389,CUST00389,ACC55399,3801.22,withdraw,branch,2024-03-26T02:00:00+00:00,Transaction 4426,ZW,4429.5436956521735,9970.63,46,0.858151597811552,0.3812417068931452
4417,CUST00389,CUST00389,ACC35775,9723.72,transfer,card,2024-03-27T17:00:00+00:00,Transaction 4417,ZW,4416.175106382978,9970.63,47,2.2018420388144686,0.9752362689218234
4429,CUST00389,CUST00389,ACC95761,9609.75,deposit,online,2024-03-30T04:00:00+00:00,Transaction 4429,ZW,4526.748958333334,9970.63,48,2.1228811423945486,0.9638056973330673
4439,CUST00389,CUST00389,ACC92141,8726.53,withdraw,online,2024-03-30T14:00:00+00:00,Transaction 4439,ZW,4630.483673469388,9970.63,49,1.8845828244680218,0.875223531512051
4484,CUST00390,CUST00390,ACC93091,107.11,withdraw,online,2024-01-03T06:00:00+00:00,Transaction 4484,ZW,107.11,107.11,0,1.0,1.0
4470,CUST00390,CUST00390,ACC41824,100.0,withdraw,branch,2024-01-04T02:00:00+00:00,Transaction 4470,ZW,107.11,107.11,1,0.9336196433572962,0.9336196433572962
4452,CUST00390,CUST00390,ACC14455,192.41,deposit,mobile,2024-01-06T19:00:00+00:00,Transaction 4452,ZW,103.555,107.11,2,1.8580464487470425,1.7963775557837736
4473,CUST00390,CUST00390,ACC46613,9486.21,deposit,online,2024-01-09T21:00:00+00:00,Transaction 4473,DE,133.17333333333332,192.41,3,71.23205346415699,49.30206330232316
4465,CUST00390,CUST00390,ACC85636,123.45,withdraw,atm,2024-01-10T19:00:00+00:00,Transaction 4465,ZW,2471.4325,9486.21,4,0.04995078765048206,0.013013627149304097
4479,CUST00390,CUST00390,ACC75324,153.45,withdraw,mobile,2024-01-11T07:00:00+00:00,Transaction 4479,ZW,2001.836,9486.21,5,0.07665463104869728,0.016176112483278358
4478,CUST00390,CUST00390,ACC57798,100.0,deposit,online,2024-01-11T13:00:00+00:00,Transaction 4478,ZW,1693.7716666666668,9486.21,6,0.05903983516078023,0.010541617779914213
4491,CUST00390,CUST00390,ACC79858,9974.83,withdraw,online,2024-01-13T20:00:00+00:00,Transaction 4491,ZW,1466.0900000000001,9486.21,7,6.803695543929772,1.0515084527962169
4499,CUST00390,CUST00390,ACC42178,8839.17,deposit,atm,2024-01-14T11:00:00+00:00,Transaction 4499,ZW,2529.6825,9974.83,8,3.4941815820760116,0.8861474330890853
4472,CUST00390,CUST00390,ACC51194,9323.21,withdraw,mobile,2024-01-14T13:00:00+00:00,Transaction 4472,ZW,3230.736666666666,9974.83,9,2.8857845630666277,0.934673573384208
4497,CUST00390,CUST00390,ACC71835,9030.97,deposit,branch,2024-01-14T19:00:00+00:00,Transaction 4497,ZW,3839.9839999999995,9974.83,10,2.3518249034370977,0.9053758309665427
4496,CUST00390,CUST00390,ACC83717,9146.95,withdraw,branch,2024-01-14T20:00:00+00:00,Transaction 4496,ZW,4311.891818181818,9974.83,11,2.1213310504290357,0.9170030967946322
4459,CUST00390,CUST00390,ACC25394,100.0,withdraw,online,2024-01-14T21:00:00+00:00,Transaction 4459,KE,4714.813333333333,9974.83,12,0.021209747434327554,0.010025233512751596
4480,CUST00390,CUST00390,ACC22947,100.0,deposit,atm,2024-01-16T07:00:00+00:00,Transaction 4480,ZW,4359.827692307692,9974.83,13,0.022936686276945315,0.010025233512751596
4466,CUST00390,CUST00390,ACC64677,101.26,withdraw,mobile,2024-01-29T05:00:00+00:00,Transaction 4466,KE,4055.5542857142855,9974.83,14,0.02496822699592235,0.010151551455012266
4454,CUST00390,CUST00390,ACC66095,100.0,withdraw,online,2024-01-29T18:00:00+00:00,Transaction 4454,ZW,3791.9346666666665,9974.83,15,0.026371762382685217,0.010025233512751596
4456,CUST00390,CUST00390,ACC87290,100.0,transfer,atm,2024-01-29T18:00:00+00:00,Transaction 4456,ZW,3561.18875,9974.83,16,0.028080511037220368,0.010025233512751596
4461,CUST00390,CUST00390,ACC37007,100.0,deposit,mobile,2024-01-30T21:00:00+00:00,Transaction 4461,ZW,3357.589411764706,9974.83,17,0.029783272382742382,0.010025233512751596
4486,CUST00390,CUST00390,ACC16307,8796.48,deposit,online,2024-02-01T00:00:00+00:00,Transaction 4486,ZW,3176.612222222222,9974.83,18,2.7691387505417198,0.8818676609024916
4475,CUST00390,CUST00390,ACC56558,100.0,withdraw,online,2024-02-02T03:00:00+00:00,Transaction 4475,ZW,3472.3947368421054,9974.83,19,0.028798569165826706,0.010025233512751596
4453,CUST00390,CUST00390,ACC57551,178.23,transfer,mobile,2024-02-02T21:00:00+00:00,Transaction 4453,ZW,3303.775,9974.83,20,0.053947378377764824,0.017867973689777168
4462,CUST00390,CUST00390,ACC68410,100.0,withdraw,online,2024-02-03T18:00:00+00:00,Transaction 4462,ZW,3154.9395238095235,9974.83,21,0.031696328644440094,0.010025233512751596
4476,CUST00390,CUST00390,ACC43305,100.0,transfer,online,2024-02-04T20:00:00+00:00,Transaction 4476,ZW,3016.078636363636,9974.83,22,0.03315563420473876,0.010025233512751596
4451,CUST00390,CUST00390,ACC32480,100.0,withdraw,online,2024-02-05T20:00:00+00:00,Transaction 4451,US,2889.292608695652,9974.83,23,0.034610547820265326,0.010025233512751596
4490,CUST00390,CUST00390,ACC61822,9891.12,withdraw,atm,2024-02-06T11:00:00+00:00,Transaction 4490,ZW,2773.072083333333,9974.83,24,3.566845614813776,0.9916078770264757
4495,CUST00390,CUST00390,ACC54062,100.0,transfer,card,2024-02-07T08:00:00+00:00,Transaction 4495,ZW,3057.794,9974.83,25,0.0327033148734022,0.010025233512751596
4457,CUST00390,CUST00390,ACC29426,100.0,deposit,mobile,2024-02-07T21:00:00+00:00,Transaction 4457,ZW,2944.032692307692,9974.83,26,0.03396701411002831,0.010025233512751596
4485,CUST00390,CUST00390,ACC17546,100.0,transfer,online,2024-02-09T06:00:00+00:00,Transaction 4485,ZW,2838.698148148148,9974.83,27,0.03522741580158354,0.010025233512751596
4494,CUST00390,CUST00390,ACC34977,100.0,transfer,online,2024-02-14T17:00:00+00:00,Transaction 4494,ZW,2740.8875,9974.83,28,0.03648453283835984,0.010025233512751596
4500,CUST00390,CUST00390,ACC12895,9713.75,withdraw,atm,2024-02-16T06:00:00+00:00,Transaction 4500,ZW,2649.8224137931034,9974.83,29,3.665811697205473,0.9738261203449081
4483,CUST00390,CUST00390,ACC24891,100.0,withdraw,mobile,2024-02-20T12:00:00+00:00,Transaction 4483,ZW,2885.2866666666664,9974.83,30,0.034658601225066026,0.010025233512751596
4477,CUST00390,CUST00390,ACC97261,100.0,deposit,online,2024-02-22T12:00:00+00:00,Transaction 4477,ZW,2795.438709677419,9974.83,31,0.03577256036908051,0.010025233512751596
4482,CUST00390,CUST00390,ACC36106,9862.0,withdraw,mobile,2024-02-22T15:00:00+00:00,Transaction 4482,ZW,2711.20625,9974.83,32,3.637495303059293,0.9886885290275624
4464,CUST00390,CUST00390,ACC54572,105.66,withdraw,atm,2024-02-22T20:00:00+00:00,Transaction 4464,ZW,2927.89696969697,9974.83,33,0.036087335412945065,0.010592661729573336
4471,CUST00390,CUST00390,ACC14552,100.0,deposit,atm,2024-02-25T20:00:00+00:00,Transaction 4471,ZW,2844.8900000000003,9974.83,34,0.03515074396549603,0.010025233512751596
4489,CUST00390,CUST00390,ACC10269,100.0,transfer,branch,2024-02-26T07:00:00+00:00,Transaction 4489,ZA,2766.4645714285716,9974.83,35,0.03614721874004015,0.010025233512751596
4493,CUST00390,CUST00390,ACC99055,100.0,transfer,mobile,2024-02-26T15:00:00+00:00,Transaction 4493,SG,2692.396111111111,9974.83,36,0.03714163736432211,0.010025233512751596
4467,CUST00390,CUST00390,ACC31339,100.0,deposit,online,2024-02-29T03:00:00+00:00,Transaction 4467,FR,2622.3313513513517,9974.83,37,0.03813400619584842,0.010025233512751596
4468,CUST00390,CUST00390,ACC17882,9427.09,withdraw,mobile,2024-03-05T05:00:00+00:00,Transaction 4468,ZW,2555.954210526316,9974.83,38,3.6882859486198685,0.9450877859572544
4474,CUST00390,CUST00390,ACC45582,100.0,deposit,mobile,2024-03-06T13:00:00+00:00,Transaction 4474,ZW,2732.1371794871798,9974.83,39,0.03660138325073777,0.010025233512751596
4488,CUST00390,CUST00390,ACC75781,9855.23,withdraw,mobile,2024-03-06T14:00:00+00:00,Transaction 4488,ZW,2666.3337500000002,9974.83,40,3.6961726940597734,0.9880098207187491
4492,CUST00390,CUST00390,ACC50914,100.0,deposit,online,2024-03-10T07:00:00+00:00,Transaction 4492,ZW,2841.672682926829,9974.83,41,0.03519054133180578,0.010025233512751596
4460,CUST00390,CUST00390,ACC64109,100.0,transfer,branch,2024-03-11T20:00:00+00:00,Transaction 4460,ZW,2776.394761904762,9974.83,42,0.036017932814206295,0.010025233512751596
4463,CUST00390,CUST00390,ACC43900,100.0,withdraw,atm,2024-03-17T18:00:00+00:00,Transaction 4463,ZW,2714.153023255814,9974.83,43,0.0368439064205905,0.010025233512751596
4487,CUST00390,CUST00390,ACC10361,9886.89,transfer,online,2024-03-19T14:00:00+00:00,Transaction 4487,ZW,2654.7404545454547,9974.83,44,3.72423977759168,0.9911838096488862
4458,CUST00390,CUST00390,ACC44135,100.0,deposit,online,2024-03-22T21:00:00+00:00,Transaction 4458,ZW,2815.454888888889,9974.83,45,0.03551823912883389,0.010025233512751596
4481,CUST00390,CUST00390,ACC33929,9531.03,deposit,mobile,2024-03-27T07:00:00+00:00,Transaction 4481,ZW,2756.423260869565,9974.83,46,3.4577527099351424,0.9555080136704085
4455,CUST00390,CUST00390,ACC30742,100.0,transfer,card,2024-03-27T20:00:00+00:00,Transaction 4455,ZW,2900.563829787234,9974.83,47,0.034476055645820874,0.010025233512751596
4469,CUST00390,CUST00390,ACC13797,9018.91,deposit,online,2024-03-27T22:00:00+00:00,Transaction 4469,CA,2842.21875,9974.83,48,3.173193477806731,0.9041667878049049
4498,CUST00390,CUST00390,ACC27151,100.0,transfer,mobile,2024-03-28T22:00:00+00:00,Transaction 4498,ZW,2968.2736734693876,9974.83,49,0.03368961591843978,0.010025233512751596
4530,CUST00391,CUST00391,ACC82100,758.29,deposit,online,2024-01-01T10:00:00+00:00,Transaction 4530,ZW,758.29,758.29,0,1.0,1.0
4507,CUST00391,CUST00391,ACC67265,1166.3,transfer,card,2024-01-03T08:00:00+00:00,Transaction 4507,ZW,758.29,758.29,1,1.5380659114586768,1.5380659114586768
4532,CUST00391,CUST00391,ACC11308,832.55,withdraw,card,2024-01-09T21:00:00+00:00,Transaction 4532,ZW,962.295,1166.3,2,0.8651712832343512,0.7138386349995712
4514,CUST00391,CUST00391,ACC47077,1658.74,transfer,online,2024-01-12T08:00:00+00:00,Transaction 4514,ZW,919.0466666666666,1166.3,3,1.8048485024336813,1.4222241275829548
4501,CUST00391,CUST00391,ACC60531,1553.98,transfer,atm,2024-01-17T08:00:00+00:00,Transaction 4501,ZW,1103.97,1658.74,4,1.4076288304935822,0.9368436282961766
4523,CUST00391,CUST00391,ACC23444,305.57,transfer,atm,2024-01-20T03:00:00+00:00,Transaction 4523,ZW,1193.9720000000002,1658.74,5,0.25592727467645804,0.18421814148088309
4541,CUST00391,CUST00391,ACC35130,1266.83,withdraw,branch,2024-01-21T12:00:00+00:00,Transaction 4541,ZW,1045.905,1658.74,6,1.2112285532624856,0.7637303013130448
4550,CUST00391,CUST00391,ACC67198,1033.62,transfer,mobile,2024-01-22T06:00:00+00:00,Transaction 4550,ZW,1077.4657142857143,1658.74,7,0.9593066269261467,0.623135633070885
4512,CUST00391,CUST00391,ACC93014,1052.17,withdraw,mobile,2024-01-22T09:00:00+00:00,Transaction 4512,ZW,1071.9850000000001,1658.74,8,0.9815155995652923,0.6343188203093915
4533,CUST00391,CUST00391,ACC20763,1756.04,transfer,online,2024-01-25T03:00:00+00:00,Transaction 4533,ZW,1069.7833333333335,1658.74,9,1.6414912677021825,1.0586589821189578
4527,CUST00391,CUST00391,ACC77051,1037.35,deposit,mobile,2024-01-31T00:00:00+00:00,Transaction 4527,ZW,1138.409,1756.04,10,0.9112278627452873,0.5907325573449351
4535,CUST00391,CUST00391,ACC48250,1905.98,deposit,mobile,2024-02-02T18:00:00+00:00,Transaction 4535,ZW,1129.2218181818182,1756.04,11,1.6878703274338562,1.0853852987403476
4518,CUST00391,CUST00391,ACC28871,1032.9,withdraw,card,2024-02-03T14:00:00+00:00,Transaction 4518,ZW,1193.9516666666666,1905.98,12,0.8651103967078513,0.5419259383624173
4513,CUST00391,CUST00391,ACC73135,549.96,transfer,branch,2024-02-04T10:00:00+00:00,Transaction 4513,ZW,1181.563076923077,1905.98,13,0.46545124059915416,0.28854447580772097
4538,CUST00391,CUST00391,ACC97685,1505.92,transfer,atm,2024-02-07T10:00:00+00:00,Transaction 4538,ZW,1136.4485714285713,1905.98,14,1.3251105574509061,0.7901027293046098
4537,CUST00391,CUST00391,ACC71004,100.0,withdraw,mobile,2024-02-13T04:00:00+00:00,Transaction 4537,JP,1161.0799999999997,1905.98,15,0.08612670961518588,0.05246644770669157
4543,CUST00391,CUST00391,ACC84025,675.13,transfer,online,2024-02-13T05:00:00+00:00,Transaction 4543,ZW,1094.7625,1905.98,16,0.6166908347700986,0.3542167284021868
4545,CUST00391,CUST00391,ACC57852,725.68,transfer,atm,2024-02-14T04:00:00+00:00,Transaction 4545,SG,1070.0782352941178,1905.98,17,0.6781560226767365,0.38073851771791933
4549,CUST00391,CUST00391,ACC84163,349.35,transfer,card,2024-02-14T16:00:00+00:00,Transaction 4549,ZW,1050.9450000000002,1905.98,18,0.33241511211338365,0.18329153506332702
4521,CUST00391,CUST00391,ACC77928,453.01,transfer,card,2024-02-15T01:00:00+00:00,Transaction 4521,ZW,1014.0189473684211,1905.98,19,0.44674707625104065,0.23767825475608348
4542,CUST00391,CUST00391,ACC39536,1361.33,deposit,online,2024-02-15T13:00:00+00:00,Transaction 4542,ZW,985.9685,1905.98,20,1.3807033388997723,0.7142414925655043
4531,CUST00391,CUST00391,ACC28036,361.56,transfer,mobile,2024-02-15T14:00:00+00:00,Transaction 4531,ZW,1003.842857142857,1905.98,21,0.3601758954873415,0.18969768832831405
4508,CUST00391,CUST00391,ACC77764,1184.39,transfer,card,2024-02-16T11:00:00+00:00,Transaction 4508,ZW,974.6481818181818,1905.98,22,1.2151974651925685,0.6214073599932843
4520,CUST00391,CUST00391,ACC24744,1087.38,transfer,card,2024-02-16T14:00:00+00:00,Transaction 4520,ZW,983.7673913043477,1905.98,23,1.1053222637907072,0.5705096590730229
4544,CUST00391,CUST00391,ACC84148,1366.27,transfer,card,2024-02-19T09:00:00+00:00,Transaction 4544,ZA,988.0845833333333,1905.98,24,1.3827459946706655,0.7168333350822149
4546,CUST00391,CUST00391,ACC82974,1283.18,transfer,mobile,2024-02-19T10:00:00+00:00,Transaction 4546,ZW,1003.212,1905.98,25,1.2790716219502958,0.673238963682725
4502,CUST00391,CUST00391,ACC77409,733.41,transfer,mobile,2024-02-20T09:00:00+00:00,Transaction 4502,ZW,1013.98,1905.98,26,0.7232982899070988,0.38479417412564665
4522,CUST00391,CUST00391,ACC27635,304.96,withdraw,branch,2024-02-22T16:00:00+00:00,Transaction 4522,ZW,1003.5885185185185,1905.98,27,0.30386955846224417,0.1600016789263266
4519,CUST00391,CUST00391,ACC61166,132.83,transfer,online,2024-02-24T12:00:00+00:00,Transaction 4519,ZW,978.6374999999999,1905.98,28,0.13572952191184173,0.06969118248879842
4534,CUST00391,CUST00391,ACC70564,1462.12,transfer,branch,2024-02-25T03:00:00+00:00,Transaction 4534,ZW,949.471724137931,1905.98,29,1.5399300082659395,0.7671224252090787
4515,CUST00391,CUST00391,ACC35028,992.61,transfer,mobile,2024-02-25T11:00:00+00:00,Transaction 4515,ZW,966.56,1905.98,30,1.0269512497930806,0.5207872065813912
4504,CUST00391,CUST00391,ACC93555,1752.37,deposit,card,2024-03-01T10:00:00+00:00,Transaction 4504,ZW,967.4003225806451,1905.98,31,1.8114217652164546,0.9194062896777511
4547,CUST00391,CUST00391,ACC44005,2482.28,deposit,atm,2024-03-02T21:00:00+00:00,Transaction 4547,ZW,991.930625,1905.98,32,2.5024733962619616,1.3023641381336637
4528,CUST00391,CUST00391,ACC27126,1303.32,deposit,card,2024-03-02T22:00:00+00:00,Transaction 4528,ZW,1037.0927272727272,2482.28,33,1.25670537043238,0.5250495512190405
4525,CUST00391,CUST00391,ACC99778,471.49,transfer,atm,2024-03-06T14:00:00+00:00,Transaction 4525,ZW,1044.9229411764704,2482.28,34,0.4512198760505279,0.18994231110108448
4509,CUST00391,CUST00391,ACC32653,769.47,deposit,online,2024-03-07T11:00:00+00:00,Transaction 4509,ZW,1028.5391428571427,2482.28,35,0.748119315967418,0.30998517491983174
4511,CUST00391,CUST00391,ACC91023,587.27,deposit,branch,2024-03-08T08:00:00+00:00,Transaction 4511,ZW,1021.3427777777777,2482.28,36,0.5749979466029742,0.23658491386950703
4506,CUST00391,CUST00391,ACC12317,988.29,withdraw,branch,2024-03-09T08:00:00+00:00,Transaction 4506,ZW,1009.6110810810809,2482.28,37,0.9788818868170003,0.3981380021593051
4529,CUST00391,CUST00391,ACC68221,1396.09,deposit,card,2024-03-10T20:00:00+00:00,Transaction 4529,ZW,1009.0499999999998,2482.28,38,1.383568703235717,0.5624224503279243
4526,CUST00391,CUST00391,ACC39730,829.64,transfer,online,2024-03-12T07:00:00+00:00,Transaction 4526,ZW,1018.9741025641023,2482.28,39,0.8141914479595996,0.33422498670577044
4517,CUST00391,CUST00391,ACC81208,1191.03,transfer,atm,2024-03-12T16:00:00+00:00,Transaction 4517,ZW,1014.2407500000002,2482.28,40,1.1743069877639996,0.4798129139339639
4548,CUST00391,CUST00391,ACC66710,100.0,deposit,atm,2024-03-13T06:00:00+00:00,Transaction 4548,ZW,1018.5526829268293,2482.28,41,0.09817852495626266,0.04028554393541421
4540,CUST00391,CUST00391,ACC47093,1620.22,transfer,mobile,2024-03-15T06:00:00+00:00,Transaction 4540,ZW,996.682380952381,2482.28,42,1.625613165200931,0.6527144399503682
4505,CUST00391,CUST00391,ACC69881,1145.96,transfer,online,2024-03-15T09:00:00+00:00,Transaction 4505,ZW,1011.1832558139536,2482.28,43,1.1332861708410684,0.46165621928227274
4536,CUST00391,CUST00391,ACC27870,1351.75,transfer,branch,2024-03-15T22:00:00+00:00,Transaction 4536,ZW,1014.2463636363638,2482.28,44,1.3327629740308746,0.5445598401469616
4503,CUST00391,CUST00391,ACC75807,805.51,transfer,atm,2024-03-17T11:00:00+00:00,Transaction 4503,ZW,1021.7464444444445,2482.28,45,0.7883658459295946,0.324504084954155
4539,CUST00391,CUST00391,ACC62514,2130.21,deposit,atm,2024-03-20T21:00:00+00:00,Transaction 4539,ZW,1017.0456521739131,2482.28,46,2.09450774942769,0.8581666854665871
4524,CUST00391,CUST00391,ACC71171,482.35,deposit,atm,2024-03-25T10:00:00+00:00,Transaction 4524,ZW,1040.73,2482.28,47,0.46347275470102717,0.19431732117247047
4510,CUST00391,CUST00391,ACC53737,998.16,withdraw,card,2024-03-28T11:00:00+00:00,Transaction 4510,ZW,1029.0970833333333,2482.28,48,0.969937643557277,0.4021141853457305
4516,CUST00391,CUST00391,ACC41599,1533.58,transfer,mobile,2024-03-28T16:00:00+00:00,Transaction 4516,ZW,1028.4657142857145,2482.28,49,1.4911338109750165,0.6178110446847253
4589,CUST00392,CUST00392,ACC28994,9987.37,withdraw,card,2024-01-02T22:00:00+00:00,Transaction 4589,ZW,9987.37,9987.37,0,1.0,1.0
4570,CUST00392,CUST00392,ACC51329,8998.12,transfer,branch,2024-01-03T09:00:00+00:00,Transaction 4570,ZW,9987.37,9987.37,1,0.9009498997233506,0.9009498997233506
4588,CUST00392,CUST00392,ACC54873,9830.08,deposit,online,2024-01-05T08:00:00+00:00,Transaction 4588,IR,9492.745,9987.37,2,1.035536085715986,0.9842511091508575
4560,CUST00392,CUST00392,ACC27039,100.0,withdraw,branch,2024-01-08T11:00:00+00:00,Transaction 4560,ZW,9605.19,9987.37,3,0.010411038199140256,0.010012645971862461
4561,CUST00392,CUST00392,ACC54689,100.0,withdraw,branch,2024-01-09T10:00:00+00:00,Transaction 4561,ZW,7228.8925,9987.37,4,0.013833377657780912,0.010012645971862461
4558,CUST00392,CUST00392,ACC30842,438.36,transfer,atm,2024-01-09T18:00:00+00:00,Transaction 4558,ZW,5803.114,9987.37,5,0.07553875384836486,0.04389143488225629
4553,CUST00392,CUST00392,ACC27950,164.76,withdraw,atm,2024-01-09T20:00:00+00:00,Transaction 4553,ZW,4908.988333333334,9987.37,6,0.03356292352158099,0.01649683550324059
4559,CUST00392,CUST00392,ACC59680,329.74,withdraw,online,2024-01-12T16:00:00+00:00,Transaction 4559,US,4231.2414285714285,9987.37,7,0.07792984767388429,0.03301569882761928
4551,CUST00392,CUST00392,ACC21354,172.34,deposit,card,2024-01-18T20:00:00+00:00,Transaction 4551,ZW,3743.55375,9987.37,8,0.046036470025306836,0.017255794067907768
4597,CUST00392,CUST00392,ACC46991,8536.35,transfer,card,2024-01-19T21:00:00+00:00,Transaction 4597,ZW,3346.7522222222224,9987.37,9,2.5506369857078686,0.8547145044190813
4584,CUST00392,CUST00392,ACC91188,9106.92,deposit,online,2024-01-20T12:00:00+00:00,Transaction 4584,ZW,3865.7120000000004,9987.37,10,2.355819574763976,0.9118436585407369
4598,CUST00392,CUST00392,ACC80332,8649.77,withdraw,mobile,2024-01-20T19:00:00+00:00,Transaction 4598,NG,4342.185454545454,9987.37,11,1.9920314529507974,0.8660708474803677
4571,CUST00392,CUST00392,ACC32078,9985.77,transfer,online,2024-01-21T22:00:00+00:00,Transaction 4571,ZW,4701.150833333333,9987.37,12,2.124111808792918,0.9998397976644502
4582,CUST00392,CUST00392,ACC36859,9050.62,transfer,card,2024-01-23T01:00:00+00:00,Transaction 4582,ZW,5107.66,9987.37,13,1.7719699431833758,0.9062065388585784
4577,CUST00392,CUST00392,ACC58914,8547.71,transfer,online,2024-01-30T07:00:00+00:00,Transaction 4577,ZW,5389.3,9987.37,14,1.5860519919098952,0.8558519410014848
4569,CUST00392,CUST00392,ACC97240,8857.31,transfer,atm,2024-01-30T13:00:00+00:00,Transaction 4569,ZW,5599.8606666666665,9987.37,15,1.5817018542485164,0.8868510929303709
4557,CUST00392,CUST00392,ACC93004,107.18,withdraw,card,2024-02-01T04:00:00+00:00,Transaction 4557,ZW,5803.45125,9987.37,16,0.018468320897845055,0.010731553952642187
4591,CUST00392,CUST00392,ACC63199,8727.31,transfer,online,2024-02-05T05:00:00+00:00,Transaction 4591,ZW,5468.376470588235,9987.37,17,1.595959979518601,0.8738346531669497
4593,CUST00392,CUST00392,ACC76957,8906.88,deposit,online,2024-02-06T05:00:00+00:00,Transaction 4593,SO,5649.428333333333,9987.37,18,1.5765984581920824,0.8918143615386231
4552,CUST00392,CUST00392,ACC23772,107.16,transfer,card,2024-02-06T16:00:00+00:00,Transaction 4552,ZA,5820.873157894736,9987.37,19,0.018409609193194836,0.010729551423447814
4580,CUST00392,CUST00392,ACC36664,8659.85,deposit,atm,2024-02-08T03:00:00+00:00,Transaction 4580,ZW,5535.1875,9987.37,20,1.564508880683807,0.8670801221943314
4573,CUST00392,CUST00392,ACC46858,9086.95,transfer,card,2024-02-09T05:00:00+00:00,Transaction 4573,ZW,5683.980952380953,9987.37,21,1.5986946606838266,0.909844133140156
4592,CUST00392,CUST00392,ACC64102,8710.49,deposit,online,2024-02-10T00:00:00+00:00,Transaction 4592,KE,5838.661363636364,9987.37,22,1.4918642232361012,0.8721505261144825
4562,CUST00392,CUST00392,ACC97022,193.55,withdraw,atm,2024-02-10T05:00:00+00:00,Transaction 4562,ZW,5963.5234782608695,9987.37,23,0.03245564483908842,0.019379476278539795
4587,CUST00392,CUST00392,ACC74589,9385.33,deposit,online,2024-02-10T07:00:00+00:00,Transaction 4587,ZW,5723.107916666667,9987.37,24,1.6399009308680546,0.9397198661909991
4565,CUST00392,CUST00392,ACC98033,258.31,transfer,card,2024-02-11T02:00:00+00:00,Transaction 4565,ZW,5869.596799999999,9987.37,25,0.04400813357401313,0.025863665809917925
4599,CUST00392,CUST00392,ACC97700,9460.96,deposit,branch,2024-02-13T03:00:00+00:00,Transaction 4599,IR,5653.778076923076,9987.37,26,1.6733872237781369,0.9472924303395186
4555,CUST00392,CUST00392,ACC12761,108.94,transfer,atm,2024-02-14T15:00:00+00:00,Transaction 4555,ZW,5794.784814814814,9987.37,27,0.01879966271076822,0.010907776521746966
4566,CUST00392,CUST00392,ACC75740,9938.2,transfer,card,2024-02-16T11:00:00+00:00,Transaction 4566,ZW,5591.718928571428,9987.37,28,1.7773067865088512,0.9950767819756352
4574,CUST00392,CUST00392,ACC65821,9459.99,withdraw,mobile,2024-02-17T08:00:00+00:00,Transaction 4574,ZW,5741.597586206896,9987.37,29,1.6476233065733898,0.9471953076735916
4578,CUST00392,CUST00392,ACC18969,9108.1,deposit,card,2024-02-17T11:00:00+00:00,Transaction 4578,ZW,5865.543999999999,9987.37,30,1.5528141976260006,0.9119618077632049
4576,CUST00392,CUST00392,ACC42453,9604.92,transfer,atm,2024-02-21T21:00:00+00:00,Transaction 4576,ZW,5970.142580645161,9987.37,31,1.6088258982521735,0.961706635480612
4590,CUST00392,CUST00392,ACC29383,8578.81,deposit,atm,2024-02-24T16:00:00+00:00,Transaction 4590,ZW,6083.729375,9987.37,32,1.4101235395599758,0.858965873898734
4581,CUST00392,CUST00392,ACC38324,9640.49,deposit,mobile,2024-02-24T17:00:00+00:00,Transaction 4581,ZW,6159.337878787878,9987.37,33,1.5651828475266552,0.9652681336528034
4575,CUST00392,CUST00392,ACC91573,9060.81,deposit,card,2024-02-26T14:00:00+00:00,Transaction 4575,JP,6261.724705882352,9987.37,34,1.4470150678275822,0.907226827483111
4567,CUST00392,CUST00392,ACC90717,9350.98,withdraw,atm,2024-03-02T00:00:00+00:00,Transaction 4567,ZA,6341.698571428571,9987.37,35,1.4745229365093488,0.9362805222996644
4585,CUST00392,CUST00392,ACC43650,9334.5,transfer,online,2024-03-03T22:00:00+00:00,Transaction 4585,ZW,6425.289722222222,9987.37,36,1.4527749570133954,0.9346304382435014
4579,CUST00392,CUST00392,ACC20134,9214.1,withdraw,atm,2024-03-13T04:00:00+00:00,Transaction 4579,ZA,6503.917027027027,9987.37,37,1.4167001149785288,0.9225752124933791
4568,CUST00392,CUST00392,ACC70091,9587.0,withdraw,mobile,2024-03-14T00:00:00+00:00,Transaction 4568,ZW,6575.237631578947,9987.37,38,1.4580461630704322,0.9599123693224542
4563,CUST00392,CUST00392,ACC52261,380.71,transfer,online,2024-03-14T08:00:00+00:00,Transaction 4563,KE,6652.462307692308,9987.37,39,0.05722843398297518,0.038119144479477576
4595,CUST00392,CUST00392,ACC46819,9967.44,transfer,online,2024-03-15T21:00:00+00:00,Transaction 4595,SS,6495.6685,9987.37,40,1.5344748581304604,0.9980044796578078
4556,CUST00392,CUST00392,ACC25512,114.85,deposit,card,2024-03-16T10:00:00+00:00,Transaction 4556,ZW,6580.345853658537,9987.37,41,0.017453489915905524,0.011499523898684036
4596,CUST00392,CUST00392,ACC64663,9301.83,deposit,atm,2024-03-16T21:00:00+00:00,Transaction 4596,ZW,6426.405476190475,9987.37,42,1.447439013063031,0.931359306804494
4600,CUST00392,CUST00392,ACC85505,9775.77,transfer,atm,2024-03-17T00:00:00+00:00,Transaction 4600,ZW,6493.275813953488,9987.37,43,1.5055220631461113,0.978813241123539
4583,CUST00392,CUST00392,ACC61137,8812.92,transfer,online,2024-03-18T09:00:00+00:00,Transaction 4583,ZW,6567.8779545454545,9987.37,44,1.3418215230234007,0.8824064793834613
4572,CUST00392,CUST00392,ACC53483,8802.84,transfer,online,2024-03-19T00:00:00+00:00,Transaction 4572,JP,6617.767777777777,9987.37,45,1.3301826681739446,0.8813972046694976
4564,CUST00392,CUST00392,ACC46151,100.0,transfer,online,2024-03-19T11:00:00+00:00,Transaction 4564,ZW,6665.269347826087,9987.37,46,0.015003144626498181,0.010012645971862461
4554,CUST00392,CUST00392,ACC92743,228.38,deposit,branch,2024-03-23T10:00:00+00:00,Transaction 4554,ZW,6525.582765957447,9987.37,47,0.034997640546589805,0.02286688087053949
4594,CUST00392,CUST00392,ACC77385,9516.57,deposit,mobile,2024-03-24T18:00:00+00:00,Transaction 4594,ZW,6394.391041666667,9987.37,48,1.4882683805211188,0.9528604627644714
4586,CUST00392,CUST00392,ACC12577,9801.05,withdraw,atm,2024-03-27T21:00:00+00:00,Transaction 4586,ZW,6458.108979591837,9987.37,49,1.5176346560536738,0.9813444380252258
4628,CUST00393,CUST00393,ACC70089,100.0,transfer,online,2024-01-02T15:00:00+00:00,Transaction 4628,ZW,100.0,100.0,0,1.0,1.0
4626,CUST00393,CUST00393,ACC48839,134.7,transfer,atm,2024-01-03T05:00:00+00:00,Transaction 4626,ZW,100.0,100.0,1,1.347,1.347
4639,CUST00393,CUST00393,ACC92483,4558.39,transfer,online,2024-01-03T15:00:00+00:00,Transaction 4639,ZW,117.35,134.7,2,38.84439710268428,33.84105419450631
4637,CUST00393,CUST00393,ACC28649,100.0,deposit,mobile,2024-01-04T03:00:00+00:00,Transaction 4637,ZW,1597.6966666666667,4558.39,3,0.06259010367007505,0.02193757006311439
4634,CUST00393,CUST00393,ACC54533,1522.7,deposit,online,2024-01-06T10:00:00+00:00,Transaction 4634,ZW,1223.2725,4558.39,4,1.244775796071603,0.3340433793510428
4614,CUST00393,CUST00393,ACC29890,2822.4,transfer,online,2024-01-06T16:00:00+00:00,Transaction 4614,ZW,1283.158,4558.39,5,2.199573240395961,0.6191659774613405
4642,CUST00393,CUST00393,ACC28061,1795.61,transfer,mobile,2024-01-07T06:00:00+00:00,Transaction 4642,ZW,1539.6983333333335,4558.39,6,1.1662089651760787,0.3939132018102882
4616,CUST00393,CUST00393,ACC26696,100.0,withdraw,atm,2024-01-07T11:00:00+00:00,Transaction 4616,ZW,1576.257142857143,4558.39,7,0.06344142543819899,0.02193757006311439
4615,CUST00393,CUST00393,ACC96429,100.0,deposit,mobile,2024-01-09T13:00:00+00:00,Transaction 4615,ZW,1391.725,4558.39,8,0.07185327561120193,0.02193757006311439
4638,CUST00393,CUST00393,ACC11111,2291.15,transfer,card,2024-01-13T02:00:00+00:00,Transaction 4638,ZW,1248.1999999999998,4558.39,9,1.8355632110238747,0.5026226365010453
4604,CUST00393,CUST00393,ACC78169,1621.69,transfer,mobile,2024-01-13T13:00:00+00:00,Transaction 4604,ZW,1352.495,4558.39,10,1.1990358559551053,0.35575937995651974
4632,CUST00393,CUST00393,ACC53236,3926.16,transfer,atm,2024-01-16T04:00:00+00:00,Transaction 4632,ZW,1376.9672727272728,4558.39,11,2.8513095973760514,0.8613041007899718
4627,CUST00393,CUST00393,ACC57665,100.0,transfer,online,2024-01-19T10:00:00+00:00,Transaction 4627,ZW,1589.3999999999999,4558.39,12,0.06291682395872657,0.02193757006311439
4607,CUST00393,CUST00393,ACC14560,448.02,transfer,mobile,2024-01-20T13:00:00+00:00,Transaction 4607,ZW,1474.8307692307692,4558.39,13,0.3037772260702662,0.09828470139676508
4606,CUST00393,CUST00393,ACC27407,100.0,deposit,online,2024-01-22T13:00:00+00:00,Transaction 4606,ZW,1401.4871428571428,4558.39,14,0.07135277730492406,0.02193757006311439
4613,CUST00393,CUST00393,ACC61440,100.0,deposit,online,2024-01-22T13:00:00+00:00,Transaction 4613,ZW,1314.7213333333334,4558.39,15,0.07606174591117408,0.02193757006311439
4622,CUST00393,CUST00393,ACC25737,100.0,transfer,atm,2024-01-23T14:00:00+00:00,Transaction 4622,ZW,1238.80125,4558.39,16,0.08072319914110516,0.02193757006311439
4601,CUST00393,CUST00393,ACC70031,3571.31,deposit,online,2024-01-25T13:00:00+00:00,Transaction 4601,ZW,1171.8129411764705,4558.39,17,3.047679262199046,0.7834586334210104
4618,CUST00393,CUST00393,ACC55667,3232.57,deposit,card,2024-01-26T09:00:00+00:00,Transaction 4618,ZW,1305.1183333333333,4558.39,18,2.476840541917655,0.7091473085892168
4647,CUST00393,CUST00393,ACC35977,542.34,deposit,card,2024-01-30T00:00:00+00:00,Transaction 4647,ZW,1406.5631578947368,4558.39,19,0.38557813558243875,0.11897621748029458
4630,CUST00393,CUST00393,ACC78911,787.16,deposit,atm,2024-01-30T10:00:00+00:00,Transaction 4630,ZW,1363.352,4558.39,20,0.577371067780001,0.1726837765088112
4636,CUST00393,CUST00393,ACC12984,1471.51,deposit,atm,2024-01-30T18:00:00+00:00,Transaction 4636,ZW,1335.9142857142858,4558.39,21,1.1015003101139935,0.3228135372357345
4608,CUST00393,CUST00393,ACC89038,314.7,transfer,online,2024-02-02T16:00:00+00:00,Transaction 4608,ZW,1342.0777272727273,4558.39,22,0.23448716389885288,0.06903753298862098
4623,CUST00393,CUST00393,ACC17968,100.0,deposit,mobile,2024-02-04T12:00:00+00:00,Transaction 4623,ZW,1297.4091304347826,4558.39,23,0.07707668895970263,0.02193757006311439
4620,CUST00393,CUST00393,ACC28422,1514.81,deposit,mobile,2024-02-06T03:00:00+00:00,Transaction 4620,ZW,1247.5170833333332,4558.39,24,1.2142599249642876,0.33231250507306304
4603,CUST00393,CUST00393,ACC83828,2509.06,deposit,atm,2024-02-06T14:00:00+00:00,Transaction 4603,ZW,1258.2087999999999,4558.39,25,1.994152321935755,0.5504267954255778
4645,CUST00393,CUST00393,ACC47881,2432.6,transfer,atm,2024-02-08T14:00:00+00:00,Transaction 4645,ZW,1306.3184615384614,4558.39,26,1.8621799137211212,0.5336533293553206
4629,CUST00393,CUST00393,ACC21134,240.52,deposit,mobile,2024-02-13T09:00:00+00:00,Transaction 4629,ZW,1348.0325925925924,4558.39,27,0.17842298570646717,0.05276424351580273
4612,CUST00393,CUST00393,ACC34381,2869.79,withdraw,online,2024-02-13T16:00:00+00:00,Transaction 4612,ZW,1308.4785714285713,4558.39,28,2.1932265935901567,0.6295621919142503
4640,CUST00393,CUST00393,ACC30813,6313.29,transfer,online,2024-02-17T21:00:00+00:00,Transaction 4640,ZW,1362.3168965517239,4558.39,29,4.634230123681285,1.3849824170375944
4650,CUST00393,CUST00393,ACC38694,704.91,deposit,atm,2024-02-20T14:00:00+00:00,Transaction 4650,ZW,1527.349333333333,6313.29,30,0.4615250647745288,0.11165493744149246
4617,CUST00393,CUST00393,ACC75607,100.0,withdraw,mobile,2024-02-24T15:00:00+00:00,Transaction 4617,ZW,1500.8190322580645,6313.29,31,0.06663028509809375,0.015839601855767754
4621,CUST00393,CUST00393,ACC34989,3705.78,transfer,mobile,2024-02-26T00:00:00+00:00,Transaction 4621,FR,1457.0434375,6313.29,32,2.5433558839936783,0.5869807976506702
4625,CUST00393,CUST00393,ACC86628,2743.62,transfer,online,2024-02-26T18:00:00+00:00,Transaction 4625,ZW,1525.1869696969698,6313.29,33,1.7988745344087966,0.43457848443521524
4609,CUST00393,CUST00393,ACC40893,4094.09,transfer,atm,2024-02-27T16:00:00+00:00,Transaction 4609,ZW,1561.0232352941177,6313.29,34,2.6226963874939497,0.648487555616802
4605,CUST00393,CUST00393,ACC64894,2174.21,transfer,atm,2024-03-01T15:00:00+00:00,Transaction 4605,ZW,1633.3965714285716,6313.29,35,1.3310974432243554,0.3443862075082881
4648,CUST00393,CUST00393,ACC91795,100.0,transfer,atm,2024-03-06T20:00:00+00:00,Transaction 4648,ZW,1648.4191666666668,6313.29,36,0.060664181794375716,0.015839601855767754
4635,CUST00393,CUST00393,ACC80158,6538.48,deposit,atm,2024-03-06T22:00:00+00:00,Transaction 4635,ZW,1606.5700000000002,6313.29,37,4.069838226781279,1.0356691994190033
4643,CUST00393,CUST00393,ACC29558,4009.3,transfer,online,2024-03-11T18:00:00+00:00,Transaction 4643,ZW,1736.357105263158,6538.48,38,2.3090296275156836,0.6131853274767225
4646,CUST00393,CUST00393,ACC83632,100.0,deposit,online,2024-03-12T07:00:00+00:00,Transaction 4646,ZW,1794.6376923076925,6538.48,39,0.055721553396893046,0.015294074463789751
4610,CUST00393,CUST00393,ACC32756,816.93,transfer,online,2024-03-12T14:00:00+00:00,Transaction 4610,ZW,1752.2717499999999,6538.48,40,0.4662119331661884,0.1249418825170376
4619,CUST00393,CUST00393,ACC79267,293.16,deposit,atm,2024-03-14T08:00:00+00:00,Transaction 4619,ZW,1729.4585365853657,6538.48,41,0.16950970133046014,0.04483610869804604
4602,CUST00393,CUST00393,ACC66619,100.0,transfer,mobile,2024-03-15T16:00:00+00:00,Transaction 4602,ZW,1695.2609523809522,6538.48,42,0.0589879687015456,0.015294074463789751
4631,CUST00393,CUST00393,ACC14011,100.0,transfer,online,2024-03-20T12:00:00+00:00,Transaction 4631,ZW,1658.161860465116,6538.48,43,0.06030774340205238,0.015294074463789751
4649,CUST00393,CUST00393,ACC61939,100.0,transfer,online,2024-03-21T16:00:00+00:00,Transaction 4649,ZW,1622.7490909090907,6538.48,44,0.061623821304363426,0.015294074463789751
4644,CUST00393,CUST00393,ACC42565,1903.38,withdraw,branch,2024-03-25T01:00:00+00:00,Transaction 4644,ZW,1588.910222222222,6538.48,45,1.197915384632598,0.2911043545288814
4611,CUST00393,CUST00393,ACC18594,1879.89,deposit,atm,2024-03-25T13:00:00+00:00,Transaction 4611,ZW,1595.7465217391305,6538.48,46,1.1780630409591586,0.28751177643733716
4641,CUST00393,CUST00393,ACC94274,2200.72,deposit,atm,2024-03-27T11:00:00+00:00,Transaction 4641,ZW,1601.7921276595744,6538.48,47,1.373911109936304,0.33657975553951375
4624,CUST00393,CUST00393,ACC17957,2754.94,transfer,atm,2024-03-29T06:00:00+00:00,Transaction 4624,ZW,1614.2697916666666,6538.48,48,1.706616833333441,0.42134257503272937
4633,CUST00393,CUST00393,ACC25144,150.97,transfer,mobile,2024-03-30T12:00:00+00:00,Transaction 4633,ZW,1637.548775510204,6538.48,49,0.09219267374369532,0.023089464217983385
4652,CUST00394,CUST00394,ACC64974,100.0,deposit,online,2024-01-01T13:00:00+00:00,Transaction 4652,ZW,100.0,100.0,0,1.0,1.0
4676,CUST00394,CUST00394,ACC73635,100.0,transfer,mobile,2024-01-01T16:00:00+00:00,Transaction 4676,ZW,100.0,100.0,1,1.0,1.0
4677,CUST00394,CUST00394,ACC56936,1321.35,transfer,card,2024-01-06T19:00:00+00:00,Transaction 4677,ZW,100.0,100.0,2,13.2135,13.2135
4651,CUST00394,CUST00394,ACC46694,205.46,withdraw,card,2024-01-12T13:00:00+00:00,Transaction 4651,ZW,507.1166666666666,1321.35,3,0.40515331777697444,0.1554924887425739
4670,CUST00394,CUST00394,ACC73432,156.09,deposit,online,2024-01-17T02:00:00+00:00,Transaction 4670,CH,431.7025,1321.35,4,0.3615684412297821,0.11812918605971166
4656,CUST00394,CUST00394,ACC94403,927.21,transfer,online,2024-01-18T14:00:00+00:00,Transaction 4656,ZW,376.58,1321.35,5,2.4621859896967444,0.701714155976842
4683,CUST00394,CUST00394,ACC52877,106.96,transfer,card,2024-01-19T01:00:00+00:00,Transaction 4683,ZW,468.35166666666663,1321.35,6,0.22837540167466755,0.08094751579823665
4700,CUST00394,CUST00394,ACC60559,986.37,transfer,online,2024-01-20T17:00:00+00:00,Transaction 4700,ZW,416.72428571428566,1321.35,7,2.3669606831512446,0.7464865478487911
4682,CUST00394,CUST00394,ACC64125,617.35,withdraw,branch,2024-01-22T19:00:00+00:00,Transaction 4682,ZW,487.93,1321.35,8,1.2652429651794315,0.46721156393082836
4665,CUST00394,CUST00394,ACC15778,1692.92,transfer,mobile,2024-01-23T13:00:00+00:00,Transaction 4665,ZW,502.31,1321.35,9,3.3702693555772334,1.281204828395202
4662,CUST00394,CUST00394,ACC51383,253.3,deposit,mobile,2024-01-26T15:00:00+00:00,Transaction 4662,ZW,621.371,1692.92,10,0.40764696131618633,0.14962313635611843
4686,CUST00394,CUST00394,ACC52969,100.0,withdraw,online,2024-01-27T19:00:00+00:00,Transaction 4686,ZW,587.91,1692.92,11,0.170094062016295,0.059069536658554446
4687,CUST00394,CUST00394,ACC24564,626.66,withdraw,mobile,2024-01-28T18:00:00+00:00,Transaction 4687,ZW,547.2508333333334,1692.92,12,1.1451056112294635,0.37016515842449726
4695,CUST00394,CUST00394,ACC56003,975.31,withdraw,mobile,2024-01-28T20:00:00+00:00,Transaction 4695,ZW,553.3592307692307,1692.92,13,1.7625259429470632,0.5761110979845474
4689,CUST00394,CUST00394,ACC55021,100.0,withdraw,card,2024-01-31T16:00:00+00:00,Transaction 4689,ZW,583.4985714285714,1692.92,14,0.17138002541320949,0.059069536658554446
4661,CUST00394,CUST00394,ACC15206,1383.02,deposit,online,2024-02-01T15:00:00+00:00,Transaction 4661,ZW,551.2653333333333,1692.92,15,2.5088100346112823,0.8169435058951398
4658,CUST00394,CUST00394,ACC63709,808.79,transfer,online,2024-02-04T14:00:00+00:00,Transaction 4658,ZW,603.25,1692.92,16,1.340721094073767,0.4777485055407225
4699,CUST00394,CUST00394,ACC90616,960.02,deposit,card,2024-02-08T18:00:00+00:00,Transaction 4699,ZW,615.3405882352941,1692.92,17,1.5601441191344056,0.5670793658294544
4668,CUST00394,CUST00394,ACC69452,554.09,withdraw,branch,2024-02-09T13:00:00+00:00,Transaction 4668,ZW,634.4894444444445,1692.92,18,0.8732848195530789,0.32729839567138436
4691,CUST00394,CUST00394,ACC29705,915.81,transfer,online,2024-02-10T11:00:00+00:00,Transaction 4691,ZW,630.2578947368422,1692.92,19,1.4530718419360493,0.5409647236727074
4654,CUST00394,CUST00394,ACC69139,850.81,transfer,mobile,2024-02-11T14:00:00+00:00,Transaction 4654,ZW,644.5355000000001,1692.92,20,1.3200359018238714,0.5025695248446471
4679,CUST00394,CUST00394,ACC13374,427.97,withdraw,atm,2024-02-15T09:00:00+00:00,Transaction 4679,ZW,654.3580952380953,1692.92,21,0.654030267394,0.2527998960376155
4698,CUST00394,CUST00394,ACC15024,455.44,transfer,branch,2024-02-20T02:00:00+00:00,Transaction 4698,ZW,644.0677272727272,1692.92,22,0.7071306024422898,0.26902629775772036
4684,CUST00394,CUST00394,ACC21135,100.0,withdraw,online,2024-02-23T15:00:00+00:00,Transaction 4684,ZW,635.8665217391305,1692.92,23,0.15726570998972303,0.059069536658554446
4659,CUST00394,CUST00394,ACC19769,100.0,deposit,mobile,2024-02-25T15:00:00+00:00,Transaction 4659,ZW,613.53875,1692.92,24,0.16298889026976698,0.059069536658554446
4692,CUST00394,CUST00394,ACC84284,100.0,deposit,card,2024-02-27T04:00:00+00:00,Transaction 4692,ZW,592.9972,1692.92,25,0.16863486033323596,0.059069536658554446
4693,CUST00394,CUST00394,ACC11946,540.38,deposit,mobile,2024-02-27T14:00:00+00:00,Transaction 4693,ZW,574.0357692307692,1692.92,26,0.9413699092726063,0.3191999621954965
4697,CUST00394,CUST00394,ACC60094,676.59,transfer,online,2024-02-29T01:00:00+00:00,Transaction 4697,ZW,572.7892592592592,1692.92,27,1.181219775096652,0.39965857807811356
4666,CUST00394,CUST00394,ACC80819,1246.72,deposit,card,2024-02-29T13:00:00+00:00,Transaction 4666,ZW,576.4964285714285,1692.92,28,2.1625806131867997,0.73643172742953
4663,CUST00394,CUST00394,ACC92916,654.31,withdraw,mobile,2024-03-01T13:00:00+00:00,Transaction 4663,ZW,599.6075862068965,1692.92,29,1.0912303564055112,0.3864978853105876
4694,CUST00394,CUST00394,ACC49831,100.0,withdraw,branch,2024-03-03T19:00:00+00:00,Transaction 4694,ZW,601.431,1692.92,30,0.16627011244847703,0.059069536658554446
4673,CUST00394,CUST00394,ACC16550,100.0,deposit,card,2024-03-05T02:00:00+00:00,Transaction 4673,ZW,585.2558064516129,1692.92,31,0.17086545557966656,0.059069536658554446
4675,CUST00394,CUST00394,ACC14130,100.0,deposit,card,2024-03-07T13:00:00+00:00,Transaction 4675,ZW,570.0915625,1692.92,32,0.1754104192692731,0.059069536658554446
4672,CUST00394,CUST00394,ACC10567,629.35,withdraw,online,2024-03-09T07:00:00+00:00,Transaction 4672,ZW,555.8463636363637,1692.92,33,1.1322373252255773,0.37175412896061244
4660,CUST00394,CUST00394,ACC99487,401.56,deposit,atm,2024-03-10T15:00:00+00:00,Transaction 4660,ZW,558.0082352941176,1692.92,34,0.7196309563215386,0.23719963140609124
4671,CUST00394,CUST00394,ACC95588,100.0,transfer,online,2024-03-10T22:00:00+00:00,Transaction 4671,ZW,553.5382857142857,1692.92,35,0.18065597733851418,0.059069536658554446
4669,CUST00394,CUST00394,ACC56568,100.0,withdraw,mobile,2024-03-13T10:00:00+00:00,Transaction 4669,ZW,540.94,1692.92,36,0.18486338595777718,0.059069536658554446
4685,CUST00394,CUST00394,ACC63248,100.0,transfer,online,2024-03-16T17:00:00+00:00,Transaction 4685,ZW,529.0227027027028,1692.92,37,0.1890278044573778,0.059069536658554446
4674,CUST00394,CUST00394,ACC49847,511.01,transfer,mobile,2024-03-18T22:00:00+00:00,Transaction 4674,ZW,517.7326315789473,1692.92,38,0.987015244609085,0.3018512392788791
4667,CUST00394,CUST00394,ACC56140,630.73,transfer,atm,2024-03-20T19:00:00+00:00,Transaction 4667,ZW,517.5602564102563,1692.92,39,1.218660034629933,0.37256928856650046
4688,CUST00394,CUST00394,ACC50193,100.0,transfer,online,2024-03-20T22:00:00+00:00,Transaction 4688,ZW,520.3895,1692.92,40,0.1921637542648343,0.059069536658554446
4680,CUST00394,CUST00394,ACC97972,100.0,deposit,atm,2024-03-21T03:00:00+00:00,Transaction 4680,ZW,510.13609756097566,1692.92,41,0.1960261202414659,0.059069536658554446
4653,CUST00394,CUST00394,ACC40589,708.39,transfer,mobile,2024-03-23T15:00:00+00:00,Transaction 4653,ZW,500.3709523809524,1692.92,42,1.4157296634211378,0.41844269073553386
4681,CUST00394,CUST00394,ACC13758,419.81,transfer,mobile,2024-03-23T22:00:00+00:00,Transaction 4681,ZW,505.20860465116283,1692.92,43,0.8309636774493796,0.24797982184627743
4678,CUST00394,CUST00394,ACC83435,852.73,deposit,card,2024-03-24T20:00:00+00:00,Transaction 4678,ZW,503.2677272727273,1692.92,44,1.6943864146049137,0.5037036599484913
4655,CUST00394,CUST00394,ACC49641,418.96,withdraw,card,2024-03-25T14:00:00+00:00,Transaction 4655,ZW,511.0335555555556,1692.92,45,0.8198287479274028,0.2474777307846797
4664,CUST00394,CUST00394,ACC33940,654.49,deposit,mobile,2024-03-25T14:00:00+00:00,Transaction 4664,ZW,509.0319565217392,1692.92,46,1.285754247085367,0.386604210476573
4696,CUST00394,CUST00394,ACC40843,373.24,withdraw,atm,2024-03-26T12:00:00+00:00,Transaction 4696,ZW,512.1268085106384,1692.92,47,0.7288038700521312,0.22047113862438864
4690,CUST00394,CUST00394,ACC54473,663.11,deposit,online,2024-03-27T10:00:00+00:00,Transaction 4690,ZW,509.2333333333333,1692.92,48,1.302173201544806,0.3916960045365404
4657,CUST00394,CUST00394,ACC24202,970.25,deposit,online,2024-03-27T16:00:00+00:00,Transaction 4657,ZW,512.3736734693877,1692.92,49,1.8936374959123825,0.5731221794296245
4736,CUST00395,CUST00395,ACC13995,5846.28,deposit,atm,2024-01-03T09:00:00+00:00,Transaction 4736,ZW,5846.28,5846.28,0,1.0,1.0
4737,CUST00395,CUST00395,ACC70150,100.0,withdraw,online,2024-01-04T12:00:00+00:00,Transaction 4737,ZW,5846.28,5846.28,1,0.01710489405228624,0.01710489405228624
4718,CUST00395,CUST00395,ACC23836,100.0,transfer,branch,2024-01-05T05:00:00+00:00,Transaction 4718,ZW,2973.14,5846.28,2,0.03363447399046127,0.01710489405228624
4714,CUST00395,CUST00395,ACC76215,100.0,withdraw,card,2024-01-10T08:00:00+00:00,Transaction 4714,ZW,2015.4266666666665,5846.28,3,0.049617285339084535,0.01710489405228624
4741,CUST00395,CUST00395,ACC19889,2161.45,deposit,branch,2024-01-19T08:00:00+00:00,Transaction 4741,ZW,1536.57,5846.28,4,1.4066720032279687,0.36971373249314093
4707,CUST00395,CUST00395,ACC83264,5492.59,transfer,atm,2024-01-24T08:00:00+00:00,Transaction 4707,ZW,1661.5459999999998,5846.28,5,3.305710464832151,0.9395017002264688
4701,CUST00395,CUST00395,ACC45382,1625.9,transfer,atm,2024-01-24T10:00:00+00:00,Transaction 4701,ZW,2300.0533333333333,5846.28,6,0.7068966516718453,0.278108472396122
4719,CUST00395,CUST00395,ACC70616,7240.1,deposit,branch,2024-01-24T20:00:00+00:00,Transaction 4719,ZW,2203.7457142857143,5846.28,7,3.2853608985221268,1.2384114342795762
4732,CUST00395,CUST00395,ACC43223,5881.16,deposit,atm,2024-01-28T11:00:00+00:00,Transaction 4732,ZW,2833.29,7240.1,8,2.075735275951279,0.8123036974627421
4717,CUST00395,CUST00395,ACC48697,913.69,withdraw,branch,2024-01-30T03:00:00+00:00,Transaction 4717,ZW,3171.942222222222,7240.1,9,0.2880537966923876,0.12619853316943136
4730,CUST00395,CUST00395,ACC66460,6684.97,transfer,card,2024-02-02T03:00:00+00:00,Transaction 4730,ZW,2946.1169999999997,7240.1,10,2.26907824774101,0.9233256446734162
4708,CUST00395,CUST00395,ACC20902,7894.97,withdraw,branch,2024-02-02T08:00:00+00:00,Transaction 4708,ZW,3286.0127272727273,7240.1,11,2.402598728384276,1.090450408143534
4727,CUST00395,CUST00395,ACC85153,7419.29,withdraw,atm,2024-02-05T05:00:00+00:00,Transaction 4727,ZW,3670.0925,7894.97,12,2.0215539526592314,0.9397489794134746
4729,CUST00395,CUST00395,ACC86045,100.0,transfer,branch,2024-02-06T02:00:00+00:00,Transaction 4729,ZW,3958.492307692308,7894.97,13,0.025262143317968767,0.012666292588825543
4738,CUST00395,CUST00395,ACC76361,11260.77,withdraw,online,2024-02-10T03:00:00+00:00,Transaction 4738,ZW,3682.8857142857146,7894.97,14,3.0575942002001533,1.4263220759546902
4703,CUST00395,CUST00395,ACC89396,11681.97,transfer,online,2024-02-10T11:00:00+00:00,Transaction 4703,ZW,4188.0779999999995,11260.77,15,2.789339167035571,1.0374041917204595
4735,CUST00395,CUST00395,ACC56388,6087.52,deposit,card,2024-02-12T07:00:00+00:00,Transaction 4735,ZW,4656.44625,11681.97,16,1.3073317446754593,0.5211038891556818
4705,CUST00395,CUST00395,ACC72322,100.0,withdraw,atm,2024-02-12T11:00:00+00:00,Transaction 4705,ZW,4740.627058823529,11681.97,17,0.021094255835601792,0.008560200034754413
4725,CUST00395,CUST00395,ACC33676,13768.43,deposit,atm,2024-02-13T01:00:00+00:00,Transaction 4725,ZW,4482.814444444444,11681.97,18,3.0713807521217453,1.178605149645137
4740,CUST00395,CUST00395,ACC45010,100.0,withdraw,card,2024-02-16T19:00:00+00:00,Transaction 4740,ZW,4971.531052631579,13768.43,19,0.020114527887151994,0.007262992222061629
4744,CUST00395,CUST00395,ACC20930,7599.96,transfer,online,2024-02-18T14:00:00+00:00,Transaction 4744,ZW,4727.9545,13768.43,20,1.60745201756912,0.551984503679795
4745,CUST00395,CUST00395,ACC47040,7132.67,transfer,online,2024-02-20T13:00:00+00:00,Transaction 4745,ZW,4864.716666666667,13768.43,21,1.466204609381156,0.5180452673253232
4716,CUST00395,CUST00395,ACC28468,100.0,withdraw,atm,2024-02-21T11:00:00+00:00,Transaction 4716,ZW,4967.805454545454,13768.43,22,0.020129612746509984,0.007262992222061629
4733,CUST00395,CUST00395,ACC89721,100.0,deposit,atm,2024-02-21T15:00:00+00:00,Transaction 4733,ZW,4756.161739130434,13768.43,23,0.021025357312235333,0.007262992222061629
4723,CUST00395,CUST00395,ACC97270,9080.43,transfer,online,2024-02-23T10:00:00+00:00,Transaction 4723,ZW,4562.155,13768.43,24,1.9903817384547435,0.6595109246297508
4726,CUST00395,CUST00395,ACC22296,3487.08,transfer,card,2024-02-23T21:00:00+00:00,Transaction 4726,ZW,4742.8859999999995,13768.43,25,0.7352232374971696,0.25326634917706664
4702,CUST00395,CUST00395,ACC10740,4281.9,transfer,card,2024-02-25T09:00:00+00:00,Transaction 4702,ZW,4694.585769230769,13768.43,26,0.9120932517762073,0.3109940639564569
4734,CUST00395,CUST00395,ACC92713,2383.94,transfer,online,2024-02-26T09:00:00+00:00,Transaction 4734,ZW,4679.301111111111,13768.43,27,0.5094649699587142,0.173145376778616
4747,CUST00395,CUST00395,ACC91865,11241.01,deposit,online,2024-02-29T01:00:00+00:00,Transaction 4747,ZW,4597.323928571428,13768.43,28,2.445120286203768,0.81643368198117
4722,CUST00395,CUST00395,ACC37117,10681.03,transfer,branch,2024-03-01T03:00:00+00:00,Transaction 4722,ZW,4826.416551724137,13768.43,29,2.213035258256858,0.7757623781360693
4749,CUST00395,CUST00395,ACC54701,9444.8,transfer,online,2024-03-01T09:00:00+00:00,Transaction 4749,ZW,5021.570333333333,13768.43,30,1.8808459053744875,0.6859750893892768
4709,CUST00395,CUST00395,ACC37913,3156.23,transfer,atm,2024-03-05T09:00:00+00:00,Transaction 4709,ZW,5164.255161290322,13768.43,31,0.6111684844037404,0.22923673941037576
4713,CUST00395,CUST00395,ACC91638,100.0,withdraw,card,2024-03-07T09:00:00+00:00,Transaction 4713,ZW,5101.504375,13768.43,32,0.01960206100969971,0.007262992222061629
4743,CUST00395,CUST00395,ACC20706,8114.97,withdraw,atm,2024-03-07T19:00:00+00:00,Transaction 4743,ZW,4949.943636363637,13768.43,33,1.6394065460433158,0.5893896399226346
4746,CUST00395,CUST00395,ACC71469,4957.36,transfer,atm,2024-03-08T01:00:00+00:00,Transaction 4746,ZW,5043.032647058824,13768.43,34,0.9830116810548926,0.36005267121959433
4728,CUST00395,CUST00395,ACC16667,6871.72,withdraw,card,2024-03-08T12:00:00+00:00,Transaction 4728,ZW,5040.584857142857,13768.43,35,1.363278308917327,0.4990924891218534
4750,CUST00395,CUST00395,ACC22773,7588.28,withdraw,online,2024-03-08T21:00:00+00:00,Transaction 4750,ZW,5091.449722222223,13768.43,36,1.4903967266690412,0.5511361861882582
4748,CUST00395,CUST00395,ACC84328,19744.59,deposit,online,2024-03-09T18:00:00+00:00,Transaction 4748,ZW,5158.931621621622,13768.43,37,3.8272633653930126,1.4340480359779582
4710,CUST00395,CUST00395,ACC33872,7884.55,transfer,atm,2024-03-10T09:00:00+00:00,Transaction 4710,ZW,5542.764736842105,19744.59,38,1.422494075491302,0.39932710681761435
4742,CUST00395,CUST00395,ACC92035,100.0,transfer,atm,2024-03-14T02:00:00+00:00,Transaction 4742,ZW,5602.8105128205125,19744.59,39,0.017848185258305116,0.005064678476483938
4739,CUST00395,CUST00395,ACC13587,6850.82,withdraw,atm,2024-03-14T03:00:00+00:00,Transaction 4739,ZW,5465.240250000001,19744.59,40,1.2535258628383261,0.34697200600265693
4720,CUST00395,CUST00395,ACC20250,1658.49,withdraw,online,2024-03-18T09:00:00+00:00,Transaction 4720,ZW,5499.034878048781,19744.59,41,0.30159655953818587,0.08399718606463846
4704,CUST00395,CUST00395,ACC38486,100.0,transfer,branch,2024-03-18T10:00:00+00:00,Transaction 4704,ZW,5407.593333333333,19744.59,42,0.018492514846407335,0.005064678476483938
4731,CUST00395,CUST00395,ACC67799,16369.06,withdraw,card,2024-03-18T13:00:00+00:00,Transaction 4731,ZW,5284.160930232559,19744.59,43,3.097759552769637,0.8290402586227417
4706,CUST00395,CUST00395,ACC95967,730.21,withdraw,card,2024-03-21T10:00:00+00:00,Transaction 4706,ZW,5536.090454545455,19744.59,44,0.1318999402187251,0.03698278870313337
4711,CUST00395,CUST00395,ACC59292,6403.47,transfer,online,2024-03-23T10:00:00+00:00,Transaction 4711,ZW,5429.293111111111,19744.59,45,1.1794297837586305,0.324315166838106
4715,CUST00395,CUST00395,ACC28476,12816.95,transfer,online,2024-03-24T08:00:00+00:00,Transaction 4715,ZW,5450.470869565217,19744.59,46,2.3515307771973113,0.6491373079917081
4724,CUST00395,CUST00395,ACC86563,11015.58,transfer,branch,2024-03-24T17:00:00+00:00,Transaction 4724,ZW,5607.204468085106,19744.59,47,1.9645404519664122,0.5579037093198694
4721,CUST00395,CUST00395,ACC87822,5336.53,withdraw,branch,2024-03-25T12:00:00+00:00,Transaction 4721,ZW,5719.878958333335,19744.59,48,0.9329795331114776,0.2702780863011083
4712,CUST00395,CUST00395,ACC16218,4758.71,transfer,branch,2024-03-27T10:00:00+00:00,Transaction 4712,ZW,5712.0555102040835,19744.59,49,0.8330993967931482,0.2410133611282888
4788,CUST00396,CUST00396,ACC40404,409.43,transfer,mobile,2024-01-04T16:00:00+00:00,Transaction 4788,ZW,409.43,409.43,0,1.0,1.0
4766,CUST00396,CUST00396,ACC95323,742.26,withdraw,online,2024-01-05T11:00:00+00:00,Transaction 4766,ZW,409.43,409.43,1,1.8129106318540409,1.8129106318540409
4765,CUST00396,CUST00396,ACC73366,670.45,transfer,atm,2024-01-07T11:00:00+00:00,Transaction 4765,ZW,575.845,742.26,2,1.1642890013805798,0.9032549241505673
4790,CUST00396,CUST00396,ACC44353,1964.92,withdraw,atm,2024-01-10T17:00:00+00:00,Transaction 4790,ZW,607.38,742.26,3,3.2350752411999077,2.647212567025032
4785,CUST00396,CUST00396,ACC40831,663.57,withdraw,mobile,2024-01-11T09:00:00+00:00,Transaction 4785,ZW,946.7650000000001,1964.92,4,0.7008814225282937,0.3377084054312644
4779,CUST00396,CUST00396,ACC28593,988.44,withdraw,mobile,2024-01-14T17:00:00+00:00,Transaction 4779,ZW,890.126,1964.92,5,1.1104495318640284,0.5030433809010036
4756,CUST00396,CUST00396,ACC80860,595.09,transfer,online,2024-01-18T11:00:00+00:00,Transaction 4756,ZW,906.5116666666667,1964.92,6,0.6564614906592487,0.30285711377562446
4758,CUST00396,CUST00396,ACC95789,409.05,withdraw,branch,2024-01-19T11:00:00+00:00,Transaction 4758,ZW,862.0228571428571,1964.92,7,0.47452338022193646,0.20817641430694378
4769,CUST00396,CUST00396,ACC28364,252.67,transfer,mobile,2024-01-21T08:00:00+00:00,Transaction 4769,ZW,805.4012500000001,1964.92,8,0.3137194038375281,0.12859047696598333
4789,CUST00396,CUST00396,ACC28996,794.09,withdraw,atm,2024-01-22T12:00:00+00:00,Transaction 4789,ZW,743.9866666666668,1964.92,9,1.06734439685299,0.4041335016183865
4774,CUST00396,CUST00396,ACC19324,803.9,withdraw,mobile,2024-01-27T00:00:00+00:00,Transaction 4774,ZW,748.9970000000001,1964.92,10,1.073302029247113,0.4091260712904342
4796,CUST00396,CUST00396,ACC62134,1342.14,deposit,mobile,2024-01-28T09:00:00+00:00,Transaction 4796,ZW,753.9881818181819,1964.92,11,1.7800544257385271,0.6830507094436415
4797,CUST00396,CUST00396,ACC77510,1276.84,transfer,mobile,2024-01-31T03:00:00+00:00,Transaction 4797,ZW,803.0008333333334,1964.92,12,1.5900855229498514,0.6498178042871974
4787,CUST00396,CUST00396,ACC40746,1088.77,deposit,atm,2024-01-31T19:00:00+00:00,Transaction 4787,ZW,839.45,1964.92,13,1.2970039907082016,0.5541039838772062
4778,CUST00396,CUST00396,ACC91960,100.0,transfer,online,2024-02-02T13:00:00+00:00,Transaction 4778,ZW,857.2585714285715,1964.92,14,0.11665091879262965,0.05089265720741811
4753,CUST00396,CUST00396,ACC43966,629.73,transfer,atm,2024-02-04T10:00:00+00:00,Transaction 4753,ZW,806.7746666666667,1964.92,15,0.7805525210674273,0.3204863302322741
4794,CUST00396,CUST00396,ACC63106,100.0,withdraw,mobile,2024-02-07T13:00:00+00:00,Transaction 4794,ZW,795.7093749999999,1964.92,16,0.12567402514265966,0.05089265720741811
4772,CUST00396,CUST00396,ACC89506,1825.24,transfer,atm,2024-02-09T20:00:00+00:00,Transaction 4772,ZW,754.785294117647,1964.92,17,2.4182241151554593,0.9289131364126784
4795,CUST00396,CUST00396,ACC61042,1910.29,transfer,atm,2024-02-11T12:00:00+00:00,Transaction 4795,ZW,814.2549999999999,1964.92,18,2.3460586671251638,0.9721973413675874
4798,CUST00396,CUST00396,ACC98217,2265.93,withdraw,atm,2024-02-15T15:00:00+00:00,Transaction 4798,ZW,871.9410526315788,1964.92,19,2.5987192519050057,1.1531919874600491
4761,CUST00396,CUST00396,ACC73255,480.43,withdraw,branch,2024-02-16T11:00:00+00:00,Transaction 4761,ZW,941.6404999999999,2265.93,20,0.5102053278294637,0.21202331934349253
4777,CUST00396,CUST00396,ACC88918,1658.95,transfer,card,2024-02-20T01:00:00+00:00,Transaction 4777,ZW,919.6780952380951,2265.93,21,1.8038376781938197,0.7321276473677475
4781,CUST00396,CUST00396,ACC42904,1150.55,deposit,atm,2024-02-20T01:00:00+00:00,Transaction 4781,ZW,953.2813636363636,2265.93,22,1.2069364239023201,0.507760610433685
4757,CUST00396,CUST00396,ACC15079,778.59,transfer,online,2024-02-21T09:00:00+00:00,Transaction 4757,CA,961.8582608695651,2265.93,23,0.8094643791863034,0.34360726059498753
4763,CUST00396,CUST00396,ACC38711,1926.49,withdraw,online,2024-02-21T09:00:00+00:00,Transaction 4763,ZW,954.2220833333334,2265.93,24,2.0189115653981666,0.8501983732948503
4783,CUST00396,CUST00396,ACC28015,733.15,withdraw,branch,2024-02-21T10:00:00+00:00,Transaction 4783,ZW,993.1128000000001,2265.93,25,0.7382343677374815,0.32355368435918147
4759,CUST00396,CUST00396,ACC98664,1876.83,transfer,branch,2024-02-22T09:00:00+00:00,Transaction 4759,ZW,983.114230769231,2265.93,26,1.909066048745411,0.8282824270829197
4770,CUST00396,CUST00396,ACC67417,1626.67,transfer,online,2024-02-27T08:00:00+00:00,Transaction 4770,ZW,1016.2148148148149,2265.93,27,1.60071470744739,0.7178818410100931
4799,CUST00396,CUST00396,ACC21751,2121.76,transfer,card,2024-02-28T01:00:00+00:00,Transaction 4799,ZW,1038.0167857142858,2265.93,28,2.0440517236337015,0.9363749100810707
4764,CUST00396,CUST00396,ACC73613,451.42,withdraw,card,2024-02-28T08:00:00+00:00,Transaction 4764,ZW,1075.3872413793104,2265.93,29,0.41977436836706455,0.19922062905738486
4771,CUST00396,CUST00396,ACC68748,239.64,transfer,atm,2024-03-01T14:00:00+00:00,Transaction 4771,ZW,1054.5883333333334,2265.93,30,0.22723558797824742,0.1057579007295018
4760,CUST00396,CUST00396,ACC39521,300.32,transfer,atm,2024-03-02T10:00:00+00:00,Transaction 4760,ZW,1028.2996774193548,2265.93,31,0.29205493942552835,0.13253719223453506
4775,CUST00396,CUST00396,ACC91361,720.98,transfer,online,2024-03-06T17:00:00+00:00,Transaction 4775,ZW,1005.5503125,2265.93,32,0.7170004235864628,0.3181828211815899
4782,CUST00396,CUST00396,ACC26640,946.05,transfer,online,2024-03-07T06:00:00+00:00,Transaction 4782,ZW,996.9269696969698,2265.93,33,0.9489662018949747,0.4175106909745667
4762,CUST00396,CUST00396,ACC50986,1732.36,withdraw,mobile,2024-03-09T08:00:00+00:00,Transaction 4762,ZW,995.4305882352943,2265.93,34,1.7403122030548999,0.7645249411941234
4784,CUST00396,CUST00396,ACC15185,403.04,transfer,atm,2024-03-09T11:00:00+00:00,Transaction 4784,ZW,1016.4857142857145,2265.93,35,0.39650335891165633,0.17786957231688535
4767,CUST00396,CUST00396,ACC26310,948.56,transfer,online,2024-03-10T05:00:00+00:00,Transaction 4767,ZW,999.4455555555558,2265.93,36,0.9490862155795267,0.41861840392245125
4755,CUST00396,CUST00396,ACC47953,949.44,withdraw,mobile,2024-03-11T10:00:00+00:00,Transaction 4755,ZW,998.0702702702704,2265.93,37,0.9512757050091256,0.41900676543406024
4773,CUST00396,CUST00396,ACC59005,944.67,transfer,mobile,2024-03-17T10:00:00+00:00,Transaction 4773,ZW,996.7905263157896,2265.93,38,0.9477116556189283,0.41690166951318003
4786,CUST00396,CUST00396,ACC59555,100.0,transfer,mobile,2024-03-18T19:00:00+00:00,Transaction 4786,ZW,995.4541025641028,2265.93,39,0.10045666569901997,0.04413198995555909
4793,CUST00396,CUST00396,ACC91109,1482.03,withdraw,card,2024-03-20T00:00:00+00:00,Transaction 4793,ZW,973.0677499999999,2265.93,40,1.5230491402063218,0.6540493307383723
4752,CUST00396,CUST00396,ACC90775,100.0,withdraw,mobile,2024-03-20T08:00:00+00:00,Transaction 4752,ZW,985.481463414634,2265.93,41,0.10147324299079763,0.04413198995555909
4751,CUST00396,CUST00396,ACC99815,100.0,transfer,online,2024-03-21T09:00:00+00:00,Transaction 4751,ZW,964.3985714285714,2265.93,42,0.10369156794982513,0.04413198995555909
4754,CUST00396,CUST00396,ACC83961,1215.33,transfer,card,2024-03-22T10:00:00+00:00,Transaction 4754,ZW,944.2962790697674,2265.93,43,1.2870219092647806,0.5363493135268963
4776,CUST00396,CUST00396,ACC22416,1379.53,withdraw,mobile,2024-03-23T00:00:00+00:00,Transaction 4776,ZW,950.4561363636363,2265.93,44,1.4514399425921574,0.6088140410339243
4800,CUST00396,CUST00396,ACC58627,2136.18,transfer,atm,2024-03-24T09:00:00+00:00,Transaction 4800,ZW,959.9911111111111,2265.93,45,2.225208103778739,0.942738743032662
4768,CUST00396,CUST00396,ACC14288,425.34,transfer,online,2024-03-25T15:00:00+00:00,Transaction 4768,ZW,985.5604347826087,2265.93,46,0.4315717078210632,0.18771100607697502
4791,CUST00396,CUST00396,ACC31076,1753.85,transfer,atm,2024-03-27T01:00:00+00:00,Transaction 4791,ZW,973.6408510638297,2265.93,47,1.8013315670595476,0.774008905835573
4780,CUST00396,CUST00396,ACC77300,391.48,transfer,online,2024-03-27T04:00:00+00:00,Transaction 4780,ZW,989.8952083333334,2265.93,48,0.3954762046571849,0.17276791427802274
4792,CUST00396,CUST00396,ACC27827,1081.04,deposit,atm,2024-03-28T05:00:00+00:00,Transaction 4792,ZW,977.6826530612245,2265.93,49,1.1057166623700982,0.477084464215576
4827,CUST00397,CUST00397,ACC37121,1048.12,withdraw,card,2024-01-02T12:00:00+00:00,Transaction 4827,ZW,1048.12,1048.12,0,1.0,1.0
4844,CUST00397,CUST00397,ACC99909,1254.26,withdraw,online,2024-01-06T12:00:00+00:00,Transaction 4844,ZW,1048.12,1048.12,1,1.1966759531351374,1.1966759531351374
4826,CUST00397,CUST00397,ACC93736,208.3,deposit,mobile,2024-01-06T13:00:00+00:00,Transaction 4826,ZW,1151.19,1254.26,2,0.18094319790825147,0.1660740197407236
4824,CUST00397,CUST00397,ACC66444,732.47,transfer,card,2024-01-07T03:00:00+00:00,Transaction 4824,ZW,836.8933333333334,1254.26,3,0.8752250386349514,0.5839857764737774
4803,CUST00397,CUST00397,ACC68057,845.45,deposit,atm,2024-01-07T18:00:00+00:00,Transaction 4803,ZW,810.7875000000001,1254.26,4,1.0427516457764827,0.6740627939980547
4838,CUST00397,CUST00397,ACC65482,677.83,withdraw,mobile,2024-01-13T13:00:00+00:00,Transaction 4838,ZW,817.72,1254.26,5,0.8289267720001957,0.540422241002663
4834,CUST00397,CUST00397,ACC81939,100.0,deposit,atm,2024-01-14T21:00:00+00:00,Transaction 4834,JP,794.4050000000001,1254.26,6,0.12588037587880235,0.07972828600130755
4849,CUST00397,CUST00397,ACC20114,671.16,withdraw,atm,2024-01-18T04:00:00+00:00,Transaction 4849,ZW,695.2042857142858,1254.26,7,0.9654140715062169,0.5351043643263756
4822,CUST00397,CUST00397,ACC46285,100.0,transfer,mobile,2024-01-19T10:00:00+00:00,Transaction 4822,ZW,692.19875,1254.26,8,0.14446717796008732,0.07972828600130755
4839,CUST00397,CUST00397,ACC40939,1278.43,withdraw,atm,2024-01-28T09:00:00+00:00,Transaction 4839,ZW,626.3988888888889,1254.26,9,2.040919967574797,1.0192703267265162
4843,CUST00397,CUST00397,ACC97949,951.33,deposit,mobile,2024-01-28T19:00:00+00:00,Transaction 4843,ZW,691.6020000000001,1278.43,10,1.375545472685157,0.7441392958550722
4802,CUST00397,CUST00397,ACC59762,1501.43,withdraw,mobile,2024-01-31T18:00:00+00:00,Transaction 4802,ZW,715.2136363636364,1278.43,11,2.09927485112522,1.1744327026117973
4850,CUST00397,CUST00397,ACC85710,100.0,transfer,mobile,2024-01-31T20:00:00+00:00,Transaction 4850,ZW,780.7316666666667,1501.43,12,0.12808498011480685,0.06660317164303364
4832,CUST00397,CUST00397,ACC47119,1326.07,transfer,mobile,2024-02-01T20:00:00+00:00,Transaction 4832,ZW,728.3676923076923,1501.43,13,1.8206051888416457,0.8832046782067762
4848,CUST00397,CUST00397,ACC66114,848.16,deposit,atm,2024-02-03T05:00:00+00:00,Transaction 4848,RU,771.0607142857143,1501.43,14,1.0999911995071723,0.5649014606075541
4840,CUST00397,CUST00397,ACC22281,100.0,deposit,atm,2024-02-05T06:00:00+00:00,Transaction 4840,ZW,776.2006666666667,1501.43,15,0.12883266440551025,0.06660317164303364
4830,CUST00397,CUST00397,ACC12341,242.98,transfer,atm,2024-02-05T10:00:00+00:00,Transaction 4830,ZW,733.938125,1501.43,16,0.3310633304408324,0.16183238645824313
4809,CUST00397,CUST00397,ACC90915,100.0,transfer,card,2024-02-07T21:00:00+00:00,Transaction 4809,ZW,705.0582352941176,1501.43,17,0.14183225582534276,0.06660317164303364
4811,CUST00397,CUST00397,ACC91788,1892.73,transfer,atm,2024-02-10T18:00:00+00:00,Transaction 4811,ZW,671.4438888888889,1501.43,18,2.8188952663373046,1.2606182106391906
4812,CUST00397,CUST00397,ACC30120,345.97,deposit,atm,2024-02-10T21:00:00+00:00,Transaction 4812,ZW,735.7221052631579,1892.73,19,0.47024548742660277,0.1827888816682781
4828,CUST00397,CUST00397,ACC65365,294.37,deposit,mobile,2024-02-16T17:00:00+00:00,Transaction 4828,ZW,716.2344999999999,1892.73,20,0.4109966777640564,0.15552667311238264
4835,CUST00397,CUST00397,ACC61524,1934.32,transfer,mobile,2024-02-18T11:00:00+00:00,Transaction 4835,ZW,696.1457142857142,1892.73,21,2.778613672835326,1.0219735514310018
4820,CUST00397,CUST00397,ACC32979,754.97,withdraw,mobile,2024-02-18T18:00:00+00:00,Transaction 4820,CU,752.4263636363637,1934.32,22,1.0033805784679624,0.3903025352578684
4806,CUST00397,CUST00397,ACC72892,100.0,deposit,mobile,2024-02-18T21:00:00+00:00,Transaction 4806,ZW,752.5369565217392,1934.32,23,0.13288383930299535,0.0516977542495554
4833,CUST00397,CUST00397,ACC27711,1059.88,deposit,online,2024-02-25T18:00:00+00:00,Transaction 4833,FR,725.3479166666667,1934.32,24,1.4612022391553479,0.5479341577401878
4805,CUST00397,CUST00397,ACC36283,1120.98,withdraw,mobile,2024-02-25T19:00:00+00:00,Transaction 4805,ZW,738.7292000000001,1934.32,25,1.517443739871119,0.5795214855866662
4846,CUST00397,CUST00397,ACC43763,925.98,deposit,atm,2024-03-01T02:00:00+00:00,Transaction 4846,ZW,753.431153846154,1934.32,26,1.2290174029478471,0.4787108648000331
4836,CUST00397,CUST00397,ACC39580,544.66,transfer,atm,2024-03-01T20:00:00+00:00,Transaction 4836,ZW,759.821851851852,1934.32,27,0.7168259226456102,0.28157698829562844
4823,CUST00397,CUST00397,ACC94225,428.04,deposit,card,2024-03-03T11:00:00+00:00,Transaction 4823,ZW,752.1375,1934.32,28,0.5690980704990776,0.22128706728979694
4845,CUST00397,CUST00397,ACC24118,1250.33,transfer,mobile,2024-03-03T15:00:00+00:00,Transaction 4845,ZW,740.9617241379311,1934.32,29,1.6874420894745827,0.646392530708466
4814,CUST00397,CUST00397,ACC14278,1411.62,transfer,mobile,2024-03-03T20:00:00+00:00,Transaction 4814,ZW,757.9406666666667,1934.32,30,1.8624412992749648,0.7297758385375739
4807,CUST00397,CUST00397,ACC38737,228.89,withdraw,card,2024-03-06T18:00:00+00:00,Transaction 4807,ZW,779.0270967741935,1934.32,31,0.29381519711931836,0.11833098970180735
4819,CUST00397,CUST00397,ACC32851,220.95,deposit,atm,2024-03-06T21:00:00+00:00,Transaction 4819,ZW,761.8353125,1934.32,32,0.29002331130456754,0.11422618801439265
4842,CUST00397,CUST00397,ACC49969,100.0,deposit,mobile,2024-03-07T08:00:00+00:00,Transaction 4842,DE,745.4448484848485,1934.32,33,0.1341480864791737,0.0516977542495554
4801,CUST00397,CUST00397,ACC62840,414.09,withdraw,mobile,2024-03-09T19:00:00+00:00,Transaction 4801,ZW,726.4611764705883,1934.32,34,0.5700098138923256,0.21407523057198394
4837,CUST00397,CUST00397,ACC41294,100.0,withdraw,atm,2024-03-13T16:00:00+00:00,Transaction 4837,ZW,717.5362857142858,1934.32,35,0.1393657742346131,0.0516977542495554
4813,CUST00397,CUST00397,ACC27788,1264.71,deposit,mobile,2024-03-13T19:00:00+00:00,Transaction 4813,ZW,700.3825,1934.32,36,1.8057418624822863,0.6538266677695521
4804,CUST00397,CUST00397,ACC25600,1054.16,withdraw,card,2024-03-14T19:00:00+00:00,Transaction 4804,ZW,715.6345945945945,1934.32,37,1.4730422592233394,0.5449770461971133
4815,CUST00397,CUST00397,ACC85049,688.37,withdraw,card,2024-03-15T18:00:00+00:00,Transaction 4815,ZW,724.5431578947369,1934.32,38,0.9500745297218138,0.3558718309276645
4847,CUST00397,CUST00397,ACC40030,1087.0,deposit,card,2024-03-16T15:00:00+00:00,Transaction 4847,ZW,723.615641025641,1934.32,39,1.5021786959431997,0.5619545886926672
4818,CUST00397,CUST00397,ACC88631,100.0,deposit,card,2024-03-16T17:00:00+00:00,Transaction 4818,ZW,732.7002500000001,1934.32,40,0.13648146018784624,0.0516977542495554
4821,CUST00397,CUST00397,ACC26732,893.59,deposit,mobile,2024-03-17T05:00:00+00:00,Transaction 4821,ZW,717.268536585366,1934.32,41,1.2458235018282433,0.46196596219860214
4816,CUST00397,CUST00397,ACC70481,100.0,withdraw,online,2024-03-18T00:00:00+00:00,Transaction 4816,ZW,721.4666666666667,1934.32,42,0.1386065422287932,0.0516977542495554
4825,CUST00397,CUST00397,ACC18405,334.12,deposit,card,2024-03-18T04:00:00+00:00,Transaction 4825,BF,707.0139534883722,1934.32,43,0.47257907478553757,0.1727325364986145
4829,CUST00397,CUST00397,ACC35779,100.0,withdraw,mobile,2024-03-18T19:00:00+00:00,Transaction 4829,ZW,698.539090909091,1934.32,44,0.14315591110278203,0.0516977542495554
4808,CUST00397,CUST00397,ACC71807,1326.55,deposit,atm,2024-03-21T18:00:00+00:00,Transaction 4808,ZW,685.2382222222222,1934.32,45,1.9358960971237251,0.6857965589974772
4810,CUST00397,CUST00397,ACC70526,243.74,deposit,atm,2024-03-24T18:00:00+00:00,Transaction 4810,NL,699.1797826086956,1934.32,46,0.34860847819510254,0.12600810620786634
4831,CUST00397,CUST00397,ACC78773,1448.39,transfer,card,2024-03-27T00:00:00+00:00,Transaction 4831,ZW,689.4895744680852,1934.32,47,2.1006699066006584,0.7487851027751355
4817,CUST00397,CUST00397,ACC92465,1570.99,withdraw,mobile,2024-03-27T06:00:00+00:00,Transaction 4817,ZW,705.3000000000001,1934.32,48,2.227406777257904,0.8121665494850904
4841,CUST00397,CUST00397,ACC20625,1187.61,deposit,atm,2024-03-29T05:00:00+00:00,Transaction 4841,ZW,722.9671428571428,1934.32,49,1.642688760801222,0.6139676992431449
4870,CUST00398,CUST00398,ACC22004,739.25,deposit,online,2024-01-02T20:00:00+00:00,Transaction 4870,ZW,739.25,739.25,0,1.0,1.0
4856,CUST00398,CUST00398,ACC25624,126.21,deposit,mobile,2024-01-04T16:00:00+00:00,Transaction 4856,ZW,739.25,739.25,1,0.17072708826513358,0.17072708826513358
4880,CUST00398,CUST00398,ACC20339,659.81,transfer,mobile,2024-01-05T12:00:00+00:00,Transaction 4880,GB,432.73,739.25,2,1.5247613985626138,0.892539736219141
4861,CUST00398,CUST00398,ACC19087,217.2,withdraw,atm,2024-01-09T15:00:00+00:00,Transaction 4861,ZW,508.42333333333335,739.25,3,0.4272030525742983,0.29381129523165367
4857,CUST00398,CUST00398,ACC23487,774.28,deposit,mobile,2024-01-11T16:00:00+00:00,Transaction 4857,ZW,435.6175,739.25,4,1.7774308883366714,1.0473858640514033
4883,CUST00398,CUST00398,ACC83764,540.76,deposit,online,2024-01-12T10:00:00+00:00,Transaction 4883,ZW,503.35,774.28,5,1.0743220423164794,0.6984036782559281
4892,CUST00398,CUST00398,ACC20689,135.74,withdraw,atm,2024-01-15T10:00:00+00:00,Transaction 4892,ZW,509.58500000000004,774.28,6,0.2663736177477751,0.1753112569096451
4896,CUST00398,CUST00398,ACC10686,100.0,withdraw,mobile,2024-01-16T06:00:00+00:00,Transaction 4896,ZW,456.17857142857144,774.28,7,0.21921240115869411,0.1291522446660123
4858,CUST00398,CUST00398,ACC28355,188.71,withdraw,atm,2024-01-18T14:00:00+00:00,Transaction 4858,ZW,411.65625,774.28,8,0.45841645790632357,0.24372320090923183
4852,CUST00398,CUST00398,ACC59137,336.37,withdraw,online,2024-01-19T16:00:00+00:00,Transaction 4852,ZW,386.88444444444445,774.28,9,0.8694327332881481,0.43442940538306557
4876,CUST00398,CUST00398,ACC22958,100.0,deposit,mobile,2024-01-21T13:00:00+00:00,Transaction 4876,ZW,381.83299999999997,774.28,10,0.26189459790012914,0.1291522446660123
4895,CUST00398,CUST00398,ACC29257,124.75,transfer,mobile,2024-01-21T16:00:00+00:00,Transaction 4895,ZW,356.21181818181816,774.28,11,0.35021297338406926,0.16111742522085035
4900,CUST00398,CUST00398,ACC73318,712.72,transfer,online,2024-01-21T18:00:00+00:00,Transaction 4900,ZW,336.92333333333335,774.28,12,2.115377385557545,0.920493878183603
4889,CUST00398,CUST00398,ACC12282,197.22,withdraw,mobile,2024-01-23T04:00:00+00:00,Transaction 4889,ZW,365.83076923076925,774.28,13,0.539101728415829,0.25471405693030946
4868,CUST00398,CUST00398,ACC87137,513.87,deposit,mobile,2024-01-24T06:00:00+00:00,Transaction 4868,ZW,353.7871428571429,774.28,14,1.4524835352976566,0.6636746396652374
4884,CUST00398,CUST00398,ACC50121,578.62,transfer,mobile,2024-01-26T09:00:00+00:00,Transaction 4884,ZW,364.45933333333335,774.28,15,1.5876119695110016,0.7473007180864804
4881,CUST00398,CUST00398,ACC44776,100.0,withdraw,atm,2024-01-27T15:00:00+00:00,Transaction 4881,ZW,377.844375,774.28,16,0.2646592264341635,0.1291522446660123
4882,CUST00398,CUST00398,ACC56467,100.0,transfer,mobile,2024-01-27T17:00:00+00:00,Transaction 4882,ZW,361.5005882352941,774.28,17,0.27662472276507566,0.1291522446660123
4853,CUST00398,CUST00398,ACC66984,273.88,deposit,online,2024-01-28T15:00:00+00:00,Transaction 4853,ZW,346.97277777777776,774.28,18,0.7893414629069524,0.35372216769127446
4898,CUST00398,CUST00398,ACC48520,100.0,transfer,atm,2024-01-31T02:00:00+00:00,Transaction 4898,ZW,343.1257894736842,774.28,19,0.2914383094123837,0.1291522446660123
4875,CUST00398,CUST00398,ACC53945,100.0,withdraw,atm,2024-02-04T07:00:00+00:00,Transaction 4875,JP,330.96950000000004,774.28,20,0.30214264456392503,0.1291522446660123
4871,CUST00398,CUST00398,ACC89038,263.12,transfer,mobile,2024-02-07T04:00:00+00:00,Transaction 4871,ZW,319.9709523809524,774.28,21,0.822324645540741,0.3398253861652116
4888,CUST00398,CUST00398,ACC98948,478.54,withdraw,atm,2024-02-09T02:00:00+00:00,Transaction 4888,ZW,317.38681818181817,774.28,22,1.5077500784101994,0.6180451516247353
4886,CUST00398,CUST00398,ACC93011,603.31,transfer,online,2024-02-13T09:00:00+00:00,Transaction 4886,ZW,324.3934782608696,774.28,23,1.8598092761742648,0.7791884072945188
4894,CUST00398,CUST00398,ACC29421,533.67,withdraw,online,2024-02-13T18:00:00+00:00,Transaction 4894,ZW,336.01500000000004,774.28,24,1.5882326681844556,0.6892467841091078
4872,CUST00398,CUST00398,ACC68353,417.55,transfer,mobile,2024-02-14T14:00:00+00:00,Transaction 4872,ZW,343.9212,774.28,25,1.2140862499898233,0.5392751976029344
4862,CUST00398,CUST00398,ACC46698,501.29,transfer,mobile,2024-02-15T14:00:00+00:00,Transaction 4862,ZW,346.75307692307695,774.28,26,1.4456684983107022,0.6474272872862531
4887,CUST00398,CUST00398,ACC97583,747.9,deposit,atm,2024-02-23T04:00:00+00:00,Transaction 4887,ZW,352.4766666666667,774.28,27,2.1218425805963514,0.965929637857106
4874,CUST00398,CUST00398,ACC11302,1000.63,deposit,online,2024-02-25T11:00:00+00:00,Transaction 4874,ZW,366.5989285714286,774.28,28,2.729495156735124,1.2923361058015188
4854,CUST00398,CUST00398,ACC21605,100.0,transfer,atm,2024-02-25T15:00:00+00:00,Transaction 4854,ZW,388.46206896551723,1000.63,29,0.2574253910202922,0.09993703966501104
4863,CUST00398,CUST00398,ACC79009,231.98,withdraw,online,2024-02-26T15:00:00+00:00,Transaction 4863,ZW,378.84666666666664,1000.63,30,0.6123321660478294,0.2318339446148926
4873,CUST00398,CUST00398,ACC70760,530.17,transfer,atm,2024-02-29T11:00:00+00:00,Transaction 4873,ZW,374.1090322580645,1000.63,31,1.4171537019568214,0.529836203191989
4860,CUST00398,CUST00398,ACC83497,509.52,deposit,branch,2024-03-01T15:00:00+00:00,Transaction 4860,ZW,378.9859375,1000.63,32,1.3444298312519842,0.5091992045011643
4877,CUST00398,CUST00398,ACC10435,580.26,transfer,branch,2024-03-06T08:00:00+00:00,Transaction 4877,ZW,382.94151515151515,1000.63,33,1.5152705492649798,0.579894666360193
4865,CUST00398,CUST00398,ACC41641,207.9,transfer,mobile,2024-03-12T13:00:00+00:00,Transaction 4865,ZW,388.745,1000.63,34,0.5347978752138292,0.20776910546355795
4869,CUST00398,CUST00398,ACC17107,637.43,withdraw,online,2024-03-13T03:00:00+00:00,Transaction 4869,ZW,383.578,1000.63,35,1.6618002075197222,0.6370286719366799
4890,CUST00398,CUST00398,ACC16858,304.8,withdraw,online,2024-03-17T21:00:00+00:00,Transaction 4890,ZW,390.62944444444446,1000.63,36,0.7802791221575435,0.3046080968989537
4899,CUST00398,CUST00398,ACC99372,442.09,transfer,online,2024-03-19T05:00:00+00:00,Transaction 4899,ZW,388.3097297297297,1000.63,37,1.1384983845439625,0.4418116586550473
4851,CUST00398,CUST00398,ACC98710,752.71,deposit,atm,2024-03-19T14:00:00+00:00,Transaction 4851,ZW,389.72499999999997,1000.63,38,1.9313875168387968,0.7522360912625047
4859,CUST00398,CUST00398,ACC19266,331.75,transfer,atm,2024-03-19T16:00:00+00:00,Transaction 4859,ZW,399.03230769230765,1000.63,39,0.8313863153552248,0.3315411290886741
4879,CUST00398,CUST00398,ACC42938,618.41,transfer,atm,2024-03-19T16:00:00+00:00,Transaction 4879,ZW,397.3502500000001,1000.63,40,1.5563347449762517,0.6180206469923948
4891,CUST00398,CUST00398,ACC92617,377.6,deposit,online,2024-03-21T01:00:00+00:00,Transaction 4891,ZW,402.74195121951226,1000.63,41,0.937573051073071,0.3773622617750817
4864,CUST00398,CUST00398,ACC27285,585.79,withdraw,online,2024-03-21T13:00:00+00:00,Transaction 4864,ZW,402.1433333333333,1000.63,42,1.4566696783070712,0.5854211846536681
4897,CUST00398,CUST00398,ACC21393,397.95,transfer,atm,2024-03-22T17:00:00+00:00,Transaction 4897,AU,406.41418604651165,1000.63,43,0.9791734975374531,0.3976994493469114
4885,CUST00398,CUST00398,ACC43779,379.59,deposit,atm,2024-03-23T04:00:00+00:00,Transaction 4885,ZW,406.2218181818182,1000.63,44,0.9344402073206756,0.3793510088644154
4855,CUST00398,CUST00398,ACC51470,100.0,transfer,online,2024-03-23T15:00:00+00:00,Transaction 4855,ZW,405.63000000000005,1000.63,45,0.2465300889973621,0.09993703966501104
4866,CUST00398,CUST00398,ACC14962,685.67,transfer,online,2024-03-26T10:00:00+00:00,Transaction 4866,ZW,398.98586956521746,1000.63,46,1.7185320391100258,0.6852382998710812
4893,CUST00398,CUST00398,ACC75941,772.62,transfer,mobile,2024-03-26T15:00:00+00:00,Transaction 4893,ZW,405.08553191489364,1000.63,47,1.9073009009917528,0.7721335558598084
4867,CUST00398,CUST00398,ACC73108,903.08,transfer,atm,2024-03-27T01:00:00+00:00,Transaction 4867,ZW,412.7425,1000.63,48,2.1879985705373204,0.9025114178067818
4878,CUST00398,CUST00398,ACC48620,376.47,transfer,online,2024-03-28T07:00:00+00:00,Transaction 4878,ZW,422.7493877551021,1000.63,49,0.8905276054902022,0.3762329732268671
4916,CUST00399,CUST00399,ACC97515,3805.28,deposit,atm,2024-01-01T03:00:00+00:00,Transaction 4916,ZW,3805.28,3805.28,0,1.0,1.0
4931,CUST00399,CUST00399,ACC31197,4121.27,withdraw,atm,2024-01-02T03:00:00+00:00,Transaction 4931,ZW,3805.28,3805.28,1,1.0830398814279107,1.0830398814279107
4935,CUST00399,CUST00399,ACC80983,2855.35,transfer,card,2024-01-02T04:00:00+00:00,Transaction 4935,ZW,3963.2750000000005,4121.27,2,0.7204521513142539,0.6928325491899341
4904,CUST00399,CUST00399,ACC20658,969.27,transfer,atm,2024-01-03T11:00:00+00:00,Transaction 4904,ZW,3593.966666666667,4121.27,3,0.2696936532522097,0.235187211709012
4903,CUST00399,CUST00399,ACC75781,1899.77,transfer,online,2024-01-04T08:00:00+00:00,Transaction 4903,ZW,2937.7925000000005,4121.27,4,0.6466658213607666,0.4609671290645844
4930,CUST00399,CUST00399,ACC56127,2494.01,deposit,branch,2024-01-05T07:00:00+00:00,Transaction 4930,ZW,2730.1880000000006,4121.27,5,0.9134938692866571,0.6051556922987331
4943,CUST00399,CUST00399,ACC34377,383.19,transfer,online,2024-01-07T11:00:00+00:00,Transaction 4943,ZW,2690.8250000000003,4121.27,6,0.14240613938104482,0.0929786206679009
4933,CUST00399,CUST00399,ACC33733,774.87,withdraw,online,2024-01-07T22:00:00+00:00,Transaction 4933,ZW,2361.162857142858,4121.27,7,0.32817304306473677,0.18801728593370487
4944,CUST00399,CUST00399,ACC11109,100.0,transfer,branch,2024-01-09T08:00:00+00:00,Transaction 4944,ZW,2162.8762500000003,4121.27,8,0.04623473025791466,0.024264365110754693
4938,CUST00399,CUST00399,ACC80285,3331.36,deposit,atm,2024-01-12T06:00:00+00:00,Transaction 4938,ZW,1933.667777777778,4121.27,9,1.7228192134579017,0.8083333535536376
4920,CUST00399,CUST00399,ACC66084,3232.4,transfer,atm,2024-01-13T03:00:00+00:00,Transaction 4920,ZW,2073.4370000000004,4121.27,10,1.5589574219038242,0.7843213378400347
4921,CUST00399,CUST00399,ACC71270,2615.45,deposit,atm,2024-01-14T00:00:00+00:00,Transaction 4921,ZW,2178.797272727273,4121.27,11,1.2004099843241285,0.6346223372892336
4945,CUST00399,CUST00399,ACC55743,100.0,deposit,atm,2024-01-14T17:00:00+00:00,Transaction 4945,ZW,2215.1850000000004,4121.27,12,0.04514295645736134,0.024264365110754693
4928,CUST00399,CUST00399,ACC32309,1086.16,transfer,online,2024-01-15T10:00:00+00:00,Transaction 4928,ZW,2052.478461538462,4121.27,13,0.5291943473968808,0.2635498280869732
4902,CUST00399,CUST00399,ACC31782,2699.96,deposit,online,2024-01-17T10:00:00+00:00,Transaction 4902,ZW,1983.4557142857145,4121.27,14,1.361240374843617,0.6551281522443324
4949,CUST00399,CUST00399,ACC98131,3078.95,deposit,mobile,2024-01-19T03:00:00+00:00,Transaction 4949,ZW,2031.222666666667,4121.27,15,1.515811166607698,0.7470876695775815
4907,CUST00399,CUST00399,ACC42378,1477.91,transfer,online,2024-01-19T09:00:00+00:00,Transaction 4907,ZW,2096.705625,4121.27,16,0.7048724352995428,0.35860547840835466
4908,CUST00399,CUST00399,ACC15360,100.0,transfer,online,2024-01-19T09:00:00+00:00,Transaction 4908,ZW,2060.3058823529414,4121.27,17,0.04853648230416956,0.024264365110754693
4910,CUST00399,CUST00399,ACC83935,487.69,transfer,atm,2024-01-19T11:00:00+00:00,Transaction 4910,ZW,1951.4000000000003,4121.27,18,0.2499180075842984,0.11833488220863955
4941,CUST00399,CUST00399,ACC22907,1534.58,deposit,atm,2024-01-20T04:00:00+00:00,Transaction 4941,FR,1874.3626315789477,4121.27,19,0.81872097434384,0.37235609411661935
4934,CUST00399,CUST00399,ACC49125,3025.84,withdraw,online,2024-01-20T14:00:00+00:00,Transaction 4934,ZW,1857.3735000000004,4121.27,20,1.6290961403293411,0.7342008652672598
4932,CUST00399,CUST00399,ACC65446,1945.29,deposit,online,2024-01-22T12:00:00+00:00,Transaction 4932,ZW,1913.0147619047625,4121.27,21,1.0168714004397443,0.47201226806299995
4939,CUST00399,CUST00399,ACC56579,2977.37,deposit,mobile,2024-01-22T13:00:00+00:00,Transaction 4939,ZW,1914.4818181818189,4121.27,22,1.555183220714838,0.722439927498077
4923,CUST00399,CUST00399,ACC27492,1978.36,transfer,online,2024-01-22T20:00:00+00:00,Transaction 4923,ZW,1960.6943478260876,4121.27,23,1.0090098960062281,0.4800364936051265
4947,CUST00399,CUST00399,ACC69416,2912.23,transfer,online,2024-01-27T01:00:00+00:00,Transaction 4947,ZW,1961.4304166666668,4121.27,24,1.4847480569558822,0.7066341200649314
4948,CUST00399,CUST00399,ACC26067,818.81,deposit,online,2024-02-02T04:00:00+00:00,Transaction 4948,ZW,1999.4624000000001,4121.27,25,0.40951507765287304,0.1986790479633705
4950,CUST00399,CUST00399,ACC47439,3258.32,transfer,atm,2024-02-02T08:00:00+00:00,Transaction 4950,ZW,1954.0526923076925,4121.27,26,1.667467828696061,0.7906106612767423
4914,CUST00399,CUST00399,ACC20025,2055.7,withdraw,branch,2024-02-02T09:00:00+00:00,Transaction 4914,ZW,2002.358888888889,4121.27,27,1.0266391361743898,0.49880255358178416
4919,CUST00399,CUST00399,ACC66971,2760.5,transfer,online,2024-02-07T08:00:00+00:00,Transaction 4919,ZW,2004.2639285714286,4121.27,28,1.3773136165592677,0.6698177988823832
4906,CUST00399,CUST00399,ACC33107,2308.18,transfer,mobile,2024-02-07T10:00:00+00:00,Transaction 4906,ZW,2030.3410344827587,4121.27,29,1.1368434961410423,0.5600652226134176
4927,CUST00399,CUST00399,ACC37575,2029.98,deposit,mobile,2024-02-11T21:00:00+00:00,Transaction 4927,ZW,2039.6023333333333,4121.27,30,0.9952822502817952,0.49256175887529813
4915,CUST00399,CUST00399,ACC22833,2011.92,transfer,branch,2024-02-12T09:00:00+00:00,Transaction 4915,ZW,2039.2919354838712,4121.27,31,0.9865777258235583,0.4881796145362958
4911,CUST00399,CUST00399,ACC46124,1023.97,deposit,atm,2024-02-12T11:00:00+00:00,Transaction 4911,ZW,2038.4365624999998,4121.27,32,0.5023310604006104,0.24845981942459483
4922,CUST00399,CUST00399,ACC95711,2659.83,deposit,atm,2024-02-13T08:00:00+00:00,Transaction 4922,ZW,2007.695151515151,4121.27,33,1.3248176636740399,0.6453908625253865
4926,CUST00399,CUST00399,ACC67244,977.06,deposit,atm,2024-02-22T10:00:00+00:00,Transaction 4926,ZW,2026.875588235294,4121.27,34,0.48205228069803757,0.23707740575113978
4936,CUST00399,CUST00399,ACC33538,3016.14,withdraw,online,2024-02-23T10:00:00+00:00,Transaction 4936,ZW,1996.8808571428567,4121.27,35,1.5104256166366892,0.7318472218515165
4929,CUST00399,CUST00399,ACC68154,2323.66,deposit,atm,2024-02-24T06:00:00+00:00,Transaction 4929,NL,2025.1936111111108,4121.27,36,1.1473767185771129,0.5638213463325624
4924,CUST00399,CUST00399,ACC82857,2586.74,withdraw,card,2024-02-25T00:00:00+00:00,Transaction 4924,ZW,2033.26027027027,4121.27,37,1.272212927101634,0.6276560380659358
4905,CUST00399,CUST00399,ACC33358,2781.69,deposit,atm,2024-02-25T08:00:00+00:00,Transaction 4905,ZW,2047.8255263157894,4121.27,38,1.3583627922660455,0.6749594178493522
4942,CUST00399,CUST00399,ACC10938,1050.6,transfer,branch,2024-02-25T15:00:00+00:00,Transaction 4942,ZW,2066.642564102564,4121.27,39,0.5083607674828962,0.2549214198535888
4937,CUST00399,CUST00399,ACC11809,100.0,deposit,mobile,2024-03-07T11:00:00+00:00,Transaction 4937,ZW,2041.2415,4121.27,40,0.04898979371132715,0.024264365110754693
4940,CUST00399,CUST00399,ACC45905,2408.81,deposit,online,2024-03-10T01:00:00+00:00,Transaction 4940,ZW,1993.8941463414635,4121.27,41,1.2080932202042185,0.5844824532243701
4901,CUST00399,CUST00399,ACC42233,2459.57,transfer,branch,2024-03-16T09:00:00+00:00,Transaction 4901,ZW,2003.7730952380953,4121.27,42,1.2274693206756255,0.5967990449545892
4925,CUST00399,CUST00399,ACC95773,3411.69,transfer,online,2024-03-16T13:00:00+00:00,Transaction 4925,NG,2014.3730232558141,4121.27,43,1.6936733964425885,0.8278249180471068
4917,CUST00399,CUST00399,ACC72906,2271.23,transfer,online,2024-03-18T15:00:00+00:00,Transaction 4917,ZW,2046.1302272727276,4121.27,44,1.1100124370027544,0.5510995397049938
4946,CUST00399,CUST00399,ACC98145,4273.15,transfer,online,2024-03-20T14:00:00+00:00,Transaction 4946,ZW,2051.1324444444444,4121.27,45,2.083312567929954,1.036852717730214
4913,CUST00399,CUST00399,ACC82720,5658.79,transfer,mobile,2024-03-21T08:00:00+00:00,Transaction 4913,ZW,2099.4371739130434,4273.15,46,2.6953843012376715,1.3242666417045974
4909,CUST00399,CUST00399,ACC37630,280.98,transfer,online,2024-03-25T08:00:00+00:00,Transaction 4909,ZW,2175.168085106383,5658.79,47,0.1291762240922443,0.04965372455949064
4912,CUST00399,CUST00399,ACC59286,3011.44,deposit,online,2024-03-27T11:00:00+00:00,Transaction 4912,ZW,2135.7058333333334,5658.79,48,1.4100443764298063,0.5321703049591874
4918,CUST00399,CUST00399,ACC20011,2026.3,transfer,online,2024-03-28T12:00:00+00:00,Transaction 4918,ZW,2153.5779591836736,5658.79,49,0.940899302650776,0.3580800842582955
4988,CUST00400,CUST00400,ACC48216,756.12,transfer,online,2024-01-01T14:00:00+00:00,Transaction 4988,ZW,756.12,756.12,0,1.0,1.0
4989,CUST00400,CUST00400,ACC11023,610.71,transfer,mobile,2024-01-01T17:00:00+00:00,Transaction 4989,ZW,756.12,756.12,1,0.8076892556737026,0.8076892556737026
4987,CUST00400,CUST00400,ACC40860,1326.73,withdraw,mobile,2024-01-02T03:00:00+00:00,Transaction 4987,ZW,683.415,756.12,2,1.9413240856580556,1.7546553457123208
4998,CUST00400,CUST00400,ACC23247,1307.13,withdraw,mobile,2024-01-02T08:00:00+00:00,Transaction 4998,US,897.8533333333334,1326.73,3,1.455839112549934,0.9852268359048186
5000,CUST00400,CUST00400,ACC53546,953.73,transfer,online,2024-01-02T11:00:00+00:00,Transaction 5000,ZW,1000.1725,1326.73,4,0.9535655099495337,0.7188576424743542
4968,CUST00400,CUST00400,ACC12041,1988.65,transfer,online,2024-01-05T06:00:00+00:00,Transaction 4968,ZW,990.884,1326.73,5,2.0069453134776625,1.4989108560144113
4991,CUST00400,CUST00400,ACC58641,100.0,deposit,mobile,2024-01-05T06:00:00+00:00,Transaction 4991,ZW,1157.1783333333333,1988.65,6,0.086417103673159,0.05028536947175219
4962,CUST00400,CUST00400,ACC33516,1662.73,deposit,branch,2024-01-12T11:00:00+00:00,Transaction 4962,ZW,1006.1528571428571,1988.65,7,1.6525620219591741,0.8361099238176652
4978,CUST00400,CUST00400,ACC51962,1653.51,transfer,online,2024-01-17T06:00:00+00:00,Transaction 4978,ZW,1088.2250000000001,1988.65,8,1.5194559948540052,0.8314736127523696
4969,CUST00400,CUST00400,ACC57538,100.0,withdraw,online,2024-01-17T18:00:00+00:00,Transaction 4969,ZW,1151.0344444444445,1988.65,9,0.08687837317350286,0.05028536947175219
4966,CUST00400,CUST00400,ACC50232,625.71,deposit,branch,2024-01-24T02:00:00+00:00,Transaction 4966,AU,1045.931,1988.65,10,0.5982325793957728,0.31464058532170064
4960,CUST00400,CUST00400,ACC93149,100.0,transfer,online,2024-01-24T11:00:00+00:00,Transaction 4960,ZW,1007.7290909090909,1988.65,11,0.09923301897515746,0.05028536947175219
4999,CUST00400,CUST00400,ACC46490,766.31,transfer,online,2024-01-24T17:00:00+00:00,Transaction 4999,ZW,932.085,1988.65,12,0.8221460489118481,0.3853418147989842
4976,CUST00400,CUST00400,ACC87331,118.23,deposit,atm,2024-01-27T08:00:00+00:00,Transaction 4976,ZW,919.3330769230769,1988.65,13,0.12860409678253384,0.059452392326452615
4973,CUST00400,CUST00400,ACC18011,1813.27,deposit,online,2024-01-28T10:00:00+00:00,Transaction 4973,ZW,862.1114285714285,1988.65,14,2.103289597963803,0.9118095190204409
4996,CUST00400,CUST00400,ACC99872,142.6,transfer,card,2024-01-29T21:00:00+00:00,Transaction 4996,ZW,925.522,1988.65,15,0.15407521377125555,0.07170693686671863
4972,CUST00400,CUST00400,ACC21170,1457.37,transfer,mobile,2024-01-29T22:00:00+00:00,Transaction 4972,ZW,876.589375,1988.65,16,1.6625458185595734,0.7328438890704748
4970,CUST00400,CUST00400,ACC93570,2518.14,withdraw,mobile,2024-01-31T04:00:00+00:00,Transaction 4970,ZW,910.7529411764706,1988.65,17,2.7648991138553747,1.2662560028159806
4984,CUST00400,CUST00400,ACC45378,1798.68,transfer,mobile,2024-02-03T15:00:00+00:00,Transaction 4984,ZW,1000.0522222222221,2518.14,18,1.7985860738383666,0.7142891181586409
4985,CUST00400,CUST00400,ACC80225,844.14,transfer,atm,2024-02-04T00:00:00+00:00,Transaction 4985,ZW,1042.0852631578946,2518.14,19,0.8100488797259746,0.33522361743191403
4971,CUST00400,CUST00400,ACC68941,2292.05,transfer,mobile,2024-02-05T05:00:00+00:00,Transaction 4971,ZW,1032.1879999999999,2518.14,20,2.220574158971041,0.910215476502498
4957,CUST00400,CUST00400,ACC89943,681.73,deposit,branch,2024-02-05T11:00:00+00:00,Transaction 4957,DE,1092.1814285714286,2518.14,21,0.6241911665644249,0.27072760053055034
4992,CUST00400,CUST00400,ACC28564,100.0,transfer,card,2024-02-06T20:00:00+00:00,Transaction 4992,ZW,1073.5245454545454,2518.14,22,0.09315110718559173,0.039711850810518874
4965,CUST00400,CUST00400,ACC73734,1259.01,withdraw,mobile,2024-02-07T10:00:00+00:00,Transaction 4965,ZW,1031.1973913043478,2518.14,23,1.2209204664564706,0.49997617288951374
4958,CUST00400,CUST00400,ACC23129,695.61,withdraw,branch,2024-02-08T10:00:00+00:00,Transaction 4958,ZW,1040.6895833333335,2518.14,24,0.66841257099159,0.27623960542305037
4997,CUST00400,CUST00400,ACC65354,1278.89,withdraw,mobile,2024-02-09T16:00:00+00:00,Transaction 4997,ZW,1026.8864,2518.14,25,1.245405528790721,0.5078708888306449
4964,CUST00400,CUST00400,ACC61691,705.7,withdraw,mobile,2024-02-12T09:00:00+00:00,Transaction 4964,ZW,1036.5788461538464,2518.14,26,0.6807972231137561,0.2802465311698317
4951,CUST00400,CUST00400,ACC38536,1316.21,deposit,card,2024-02-13T09:00:00+00:00,Transaction 4951,ZW,1024.3240740740741,2518.14,27,1.2849546674862375,0.5226913515531305
4990,CUST00400,CUST00400,ACC78064,1643.74,transfer,atm,2024-02-14T18:00:00+00:00,Transaction 4990,ZW,1034.7485714285715,2518.14,28,1.5885404874061884,0.652759576512823
4959,CUST00400,CUST00400,ACC11605,1570.62,transfer,branch,2024-02-23T10:00:00+00:00,Transaction 4959,ZW,1055.748275862069,2518.14,29,1.4876841723634486,0.6237222712001715
4977,CUST00400,CUST00400,ACC82287,1616.22,transfer,online,2024-02-23T10:00:00+00:00,Transaction 4977,ZW,1072.9106666666669,2518.14,30,1.506388229899227,0.6418308751697682
4986,CUST00400,CUST00400,ACC86750,371.35,withdraw,mobile,2024-02-24T22:00:00+00:00,Transaction 4986,ZW,1090.4367741935484,2518.14,31,0.34055161086679087,0.14746995798486187
4967,CUST00400,CUST00400,ACC73500,100.0,withdraw,card,2024-02-25T07:00:00+00:00,Transaction 4967,ZW,1067.9653125,2518.14,32,0.09363599999882956,0.039711850810518874
4952,CUST00400,CUST00400,ACC43826,1429.12,withdraw,card,2024-02-25T08:00:00+00:00,Transaction 4952,ZW,1038.6330303030302,2518.14,33,1.3759624027969164,0.5675300023032873
4956,CUST00400,CUST00400,ACC79515,1274.5,deposit,mobile,2024-02-25T11:00:00+00:00,Transaction 4956,ZW,1050.1179411764706,2518.14,34,1.2136731980525437,0.5061275385800631
4994,CUST00400,CUST00400,ACC11953,1876.11,transfer,online,2024-02-27T04:00:00+00:00,Transaction 4994,ZW,1056.5288571428573,2518.14,35,1.7757300118366042,0.7450380042412257
4980,CUST00400,CUST00400,ACC28587,1039.85,deposit,atm,2024-02-27T12:00:00+00:00,Transaction 4980,ZW,1079.295,2518.14,36,0.9634529947789991,0.4129436806531805
4955,CUST00400,CUST00400,ACC22210,100.0,transfer,branch,2024-02-28T09:00:00+00:00,Transaction 4955,ZW,1078.228918918919,2518.14,37,0.09274468366167041,0.039711850810518874
4982,CUST00400,CUST00400,ACC87194,431.89,transfer,mobile,2024-03-04T18:00:00+00:00,Transaction 4982,DE,1052.486052631579,2518.14,38,0.4103522311959628,0.17151151246554996
4963,CUST00400,CUST00400,ACC67607,1797.62,transfer,mobile,2024-03-08T09:00:00+00:00,Transaction 4963,NL,1036.5733333333333,2518.14,39,1.734194718495556,0.7138681725400494
4993,CUST00400,CUST00400,ACC93585,755.31,transfer,atm,2024-03-09T21:00:00+00:00,Transaction 4993,ZW,1055.5994999999998,2518.14,40,0.715527053584243,0.2999475803569301
4995,CUST00400,CUST00400,ACC89681,1653.49,transfer,mobile,2024-03-10T04:00:00+00:00,Transaction 4995,ZW,1048.2753658536583,2518.14,41,1.5773431808668783,0.6566314819668486
4983,CUST00400,CUST00400,ACC55854,100.0,withdraw,mobile,2024-03-12T01:00:00+00:00,Transaction 4983,AU,1062.685238095238,2518.14,42,0.09410124128499278,0.039711850810518874
4975,CUST00400,CUST00400,ACC41778,2293.24,transfer,mobile,2024-03-12T08:00:00+00:00,Transaction 4975,ZW,1040.2972093023254,2518.14,43,2.20440848970263,0.910688047527143
4953,CUST00400,CUST00400,ACC18447,890.14,deposit,card,2024-03-14T10:00:00+00:00,Transaction 4953,ZW,1068.7731818181817,2518.14,44,0.8328614669070443,0.35349106880475273
4981,CUST00400,CUST00400,ACC39054,100.0,deposit,atm,2024-03-15T14:00:00+00:00,Transaction 4981,ZW,1064.8035555555552,2518.14,45,0.09391403651711659,0.039711850810518874
4961,CUST00400,CUST00400,ACC14117,110.81,transfer,card,2024-03-18T10:00:00+00:00,Transaction 4961,ZW,1043.829565217391,2518.14,46,0.10615717708371518,0.04400470188313597
4974,CUST00400,CUST00400,ACC58005,1187.02,transfer,mobile,2024-03-20T16:00:00+00:00,Transaction 4974,ZW,1023.9780851063827,2518.14,47,1.1592240276086365,0.47138761149102115
4979,CUST00400,CUST00400,ACC88974,2536.06,transfer,atm,2024-03-26T16:00:00+00:00,Transaction 4979,ZW,1027.3747916666666,2518.14,48,2.4684857177445996,1.007116363665245
4954,CUST00400,CUST00400,ACC53138,876.66,transfer,online,2024-03-28T11:00:00+00:00,Transaction 4954,ZW,1058.1642857142856,2536.06,49,0.8284724894190074,0.3456779413736268
